x,y,distance,angle,shot_type_foot,shot_type_header,shot_type_freekick,shot_type_penalty,defenders,is_strong_foot,is_goal
86.16,10.98,41.4,9.15,0,0,0,1,0,0,1
80.57,72.54,29.76,12.63,1,0,0,0,0,1,0
93.2,46.91,7.46,41.77,0,1,0,0,1,0,1
93.5,62.32,13.93,25.58,1,0,0,0,1,1,0
96.78,36.69,13.69,25.96,0,1,0,0,2,0,0
89.86,62.63,16.2,22.37,0,1,0,0,1,0,0
93.6,16.34,34.26,11.01,0,1,0,0,0,0,0
94.12,46.17,7.02,43.53,0,0,1,0,0,0,0
92.37,62.51,14.65,24.46,1,0,0,0,2,1,0
87.64,59.61,15.66,23.07,1,0,0,0,2,1,0
91.95,58.0,11.35,30.44,1,0,0,0,1,0,0
92.13,66.81,18.56,19.76,1,0,0,0,2,1,0
88.34,82.04,34.09,11.06,1,0,0,0,0,1,0
84.25,37.2,20.29,18.19,0,0,1,0,1,0,0
94.51,66.76,17.64,20.7,1,0,0,0,6,0,0
92.65,47.18,7.87,40.27,0,1,0,0,2,0,0
81.74,52.61,18.44,19.87,1,0,0,0,1,1,0
91.39,68.63,20.52,17.99,1,0,0,0,1,1,0
95.28,81.58,31.93,11.79,0,0,1,0,0,0,0
83.71,80.72,34.77,10.86,1,0,0,0,0,1,0
79.85,78.11,34.58,10.91,1,0,0,0,1,0,0
90.1,9.0,42.18,8.98,1,0,0,0,0,1,0
92.1,59.77,12.56,27.95,1,0,0,0,1,1,0
90.28,53.53,10.34,32.8,1,0,0,0,2,1,0
95.36,56.31,7.84,40.39,1,0,0,0,1,0,0
71.87,32.46,33.15,11.37,1,0,0,0,0,1,0
69.22,42.64,31.65,11.89,1,0,0,0,3,1,0
91.63,45.24,9.63,34.7,1,0,0,0,2,1,0
89.71,35.57,17.73,20.61,1,0,0,0,1,1,0
84.5,73.82,28.42,13.2,1,0,0,0,1,1,0
82.67,44.16,18.29,20.02,1,0,0,0,1,1,0
86.7,14.87,37.57,10.06,1,0,0,0,3,1,0
91.24,61.65,14.58,24.58,1,0,0,0,3,1,0
91.69,69.79,21.46,17.25,1,0,0,0,2,0,0
87.94,48.66,12.14,28.78,0,0,0,1,1,0,0
86.39,36.58,19.12,19.23,1,0,0,0,0,1,0
88.13,8.74,42.94,8.83,0,0,1,0,1,0,0
93.68,71.37,22.28,16.66,0,0,1,0,1,0,0
86.53,28.83,25.09,14.88,1,0,0,0,3,1,0
85.01,66.84,22.54,16.48,1,0,0,0,4,1,0
79.36,24.97,32.44,11.61,1,0,0,0,0,1,0
86.89,52.76,13.4,26.45,1,0,0,0,2,1,0
92.34,44.68,9.32,35.57,1,0,0,0,3,1,0
72.06,53.96,28.22,13.29,1,0,0,0,3,1,0
88.55,38.11,16.51,21.99,0,1,0,0,0,0,0
92.38,59.49,12.18,28.7,0,0,1,0,0,0,0
91.61,46.22,9.2,35.92,1,0,0,0,2,0,0
86.98,47.38,13.29,26.65,1,0,0,0,5,1,0
91.04,56.28,10.94,31.36,1,0,0,0,0,1,1
81.37,56.95,19.89,18.53,0,1,0,0,1,0,0
94.87,95.0,45.29,8.37,1,0,0,0,2,0,0
86.13,63.31,19.22,19.13,0,1,0,0,2,0,0
97.72,10.18,39.88,9.49,0,0,1,0,2,0,0
86.66,58.7,15.93,22.71,1,0,0,0,2,1,0
87.03,36.23,18.92,19.41,0,1,0,0,4,0,0
86.41,79.1,32.12,11.73,0,1,0,0,1,0,0
82.27,62.75,21.84,16.97,1,0,0,0,3,1,0
87.28,46.82,13.12,26.94,1,0,0,0,0,1,0
80.1,43.86,20.83,17.75,1,0,0,0,0,1,0
94.52,64.79,15.77,22.92,1,0,0,0,0,1,0
94.28,20.9,29.65,12.67,1,0,0,0,2,0,0
92.17,89.95,40.71,9.3,1,0,0,0,0,1,0
97.73,41.53,8.77,37.24,1,0,0,0,3,1,0
91.3,60.82,13.89,25.64,0,1,0,0,2,0,0
94.72,33.87,16.98,21.44,0,1,0,0,2,0,0
93.34,37.61,14.07,25.36,1,0,0,0,1,0,0
65.27,11.26,52.02,7.3,1,0,0,0,0,0,0
87.3,53.44,13.16,26.87,1,0,0,0,1,1,0
89.09,27.93,24.62,15.15,1,0,0,0,1,1,0
88.35,43.15,13.51,26.26,0,0,1,0,0,0,0
82.23,35.72,22.8,16.3,1,0,0,0,2,1,0
86.1,75.03,28.64,13.11,1,0,0,0,0,1,0
85.6,69.04,23.87,15.6,0,0,0,1,0,0,1
86.79,45.1,14.09,25.32,1,0,0,0,1,1,0
87.72,64.03,18.65,19.67,0,0,1,0,1,0,0
84.77,48.08,15.35,23.47,1,0,0,0,0,1,0
96.02,58.96,9.8,34.23,1,0,0,0,3,1,1
98.09,70.03,20.13,18.33,1,0,0,0,0,0,0
95.51,50.23,4.5,55.98,0,0,1,0,1,0,0
88.57,58.85,14.46,24.75,1,0,0,0,2,1,1
85.17,83.64,36.76,10.28,0,1,0,0,2,0,0
95.36,51.21,4.8,54.27,0,0,0,1,2,0,0
90.96,45.94,9.91,33.92,1,0,0,0,2,1,0
91.45,71.18,22.85,16.27,0,0,1,0,1,0,0
83.21,47.36,16.99,21.42,0,0,0,1,1,0,1
90.51,56.23,11.35,30.42,1,0,0,0,2,1,0
92.05,7.67,43.07,8.8,0,1,0,0,0,0,0
91.11,27.44,24.24,15.38,0,0,1,0,0,0,0
94.79,50.71,5.26,51.74,0,1,0,0,2,0,0
97.78,42.76,7.57,41.37,1,0,0,0,3,1,1
95.47,48.83,4.67,54.96,0,0,1,0,1,0,0
88.2,29.84,23.36,15.93,0,0,0,1,1,0,1
90.05,54.51,10.93,31.39,0,0,0,1,0,0,1
92.79,15.92,34.83,10.83,1,0,0,0,0,1,0
96.14,19.29,30.96,12.15,1,0,0,0,1,0,0
98.2,28.48,21.6,17.15,1,0,0,0,2,1,0
96.61,77.27,27.48,13.64,1,0,0,0,0,0,0
89.91,45.35,11.11,30.96,1,0,0,0,2,0,0
96.11,68.81,19.2,19.14,1,0,0,0,2,1,0
88.53,57.66,13.79,25.8,0,1,0,0,0,0,0
75.36,94.86,51.18,7.42,0,1,0,0,0,0,0
85.4,44.88,15.47,23.31,1,0,0,0,3,1,0
95.34,72.09,22.58,16.45,1,0,0,0,0,1,0
88.08,21.91,30.51,12.33,0,0,1,0,0,0,0
87.34,57.05,14.5,24.7,0,1,0,0,2,0,0
91.71,50.06,8.29,38.81,1,0,0,0,3,1,1
87.69,29.1,24.26,15.37,1,0,0,0,1,1,0
88.28,7.84,43.76,8.66,0,0,0,1,0,0,1
91.6,59.7,12.83,27.45,1,0,0,0,2,1,0
86.32,52.04,13.83,25.74,1,0,0,0,0,0,0
92.01,95.0,45.7,8.3,1,0,0,0,2,1,0
82.71,72.64,28.49,13.17,1,0,0,0,1,1,0
95.28,18.14,32.2,11.7,1,0,0,0,1,1,0
94.07,51.24,6.05,47.76,0,0,1,0,1,0,0
94.42,65.9,16.85,21.59,1,0,0,0,0,0,0
84.1,62.28,20.09,18.36,1,0,0,0,2,1,0
80.48,44.57,20.26,18.21,1,0,0,0,1,1,0
94.04,50.06,5.96,48.18,1,0,0,0,2,1,0
98.61,44.74,5.44,50.77,0,1,0,0,4,0,0
90.22,84.38,35.74,10.57,1,0,0,0,0,1,0
85.27,53.68,15.18,23.71,0,0,0,1,2,0,1
81.13,21.65,34.06,11.08,1,0,0,0,0,1,0
74.69,42.73,26.33,14.21,1,0,0,0,0,1,0
80.66,58.35,21.07,17.56,1,0,0,0,2,1,1
80.43,47.18,19.77,18.63,1,0,0,0,3,0,0
97.34,28.83,21.33,17.36,1,0,0,0,0,1,0
92.54,55.95,9.54,34.94,1,0,0,0,1,0,1
97.96,76.5,26.58,14.08,0,1,0,0,3,0,0
80.63,61.19,22.37,16.6,0,1,0,0,0,0,0
94.11,61.41,12.84,27.44,1,0,0,0,4,0,0
86.91,13.85,38.45,9.84,1,0,0,0,0,1,0
93.81,49.23,6.24,46.89,1,0,0,0,1,1,0
88.49,63.24,17.55,20.8,1,0,0,0,2,1,0
90.59,82.4,33.74,11.18,1,0,0,0,0,1,0
90.66,49.54,9.35,35.49,1,0,0,0,3,1,0
72.77,36.77,30.28,12.42,1,0,0,0,0,0,0
99.53,74.66,24.66,15.13,1,0,0,0,0,1,0
80.47,57.52,20.93,17.67,1,0,0,0,3,1,0
75.41,18.22,40.18,9.42,1,0,0,0,1,1,0
79.76,63.16,24.14,15.44,0,0,1,0,1,0,0
95.85,56.54,7.74,40.73,0,1,0,0,3,0,1
89.38,59.32,14.13,25.26,1,0,0,0,1,1,0
87.8,57.54,14.34,24.93,0,0,0,1,4,0,0
79.33,49.51,20.68,17.87,0,1,0,0,2,0,0
94.2,51.88,6.1,47.56,1,0,0,0,0,0,0
91.48,87.25,38.21,9.9,1,0,0,0,0,0,0
91.32,63.89,16.38,22.14,0,0,1,0,2,0,0
96.63,77.36,27.56,13.6,1,0,0,0,4,1,0
86.18,53.63,14.29,25.02,1,0,0,0,3,1,0
93.63,54.74,7.94,40.01,1,0,0,0,1,0,0
95.4,47.12,5.43,50.83,1,0,0,0,6,1,0
88.91,79.34,31.37,12.0,1,0,0,0,4,1,0
95.98,69.77,20.18,18.29,1,0,0,0,0,1,0
89.94,46.18,10.76,31.78,1,0,0,0,5,0,0
90.33,65.55,18.31,20.0,1,0,0,0,3,1,0
91.13,42.93,11.34,30.44,1,0,0,0,2,1,0
78.73,45.77,21.69,17.08,1,0,0,0,0,0,0
84.3,16.35,37.13,10.18,0,1,0,0,0,0,0
82.03,46.59,18.29,20.03,1,0,0,0,2,1,0
91.36,16.25,34.84,10.83,0,0,0,1,2,0,1
82.31,14.39,39.77,9.52,1,0,0,0,1,1,0
95.49,35.43,15.25,23.61,1,0,0,0,3,1,0
92.46,26.73,24.46,15.25,1,0,0,0,2,1,0
97.22,50.59,2.84,66.93,1,0,0,0,0,1,0
91.88,5.0,45.73,8.29,1,0,0,0,0,1,0
86.45,56.42,14.99,23.97,0,0,1,0,4,0,0
97.88,77.16,27.24,13.75,1,0,0,0,1,0,0
88.02,60.64,16.02,22.59,1,0,0,0,0,1,0
82.55,72.64,28.59,13.13,0,1,0,0,3,0,0
82.91,55.66,18.0,20.32,0,0,1,0,0,0,0
85.53,40.78,17.16,21.23,1,0,0,0,0,1,0
91.87,60.73,13.46,26.35,1,0,0,0,1,1,0
79.18,47.95,20.92,17.68,1,0,0,0,3,1,0
90.93,52.7,9.46,35.17,1,0,0,0,2,1,0
95.8,39.24,11.55,30.0,1,0,0,0,1,1,1
92.15,46.9,8.45,38.29,0,0,1,0,1,0,0
97.21,27.44,22.73,16.35,0,1,0,0,1,0,0
93.32,46.72,7.44,41.86,0,1,0,0,0,0,0
89.32,62.13,16.16,22.42,1,0,0,0,3,1,0
96.5,51.47,3.79,60.37,1,0,0,0,2,1,0
95.59,33.6,16.98,21.44,1,0,0,0,1,1,0
94.37,40.17,11.33,30.47,1,0,0,0,1,0,0
83.97,29.39,26.11,14.32,1,0,0,0,0,1,0
93.44,31.64,19.49,18.88,0,1,0,0,1,0,0
92.76,54.21,8.38,38.51,1,0,0,0,4,1,0
77.2,18.16,39.16,9.66,1,0,0,0,1,1,0
90.38,47.04,10.06,33.53,0,0,1,0,1,0,0
87.72,59.54,15.55,23.21,1,0,0,0,2,0,0
89.44,63.29,16.97,21.44,0,0,0,1,2,0,0
88.47,63.48,17.73,20.6,1,0,0,0,4,0,0
87.18,51.76,12.94,27.25,1,0,0,0,1,1,0
96.97,9.25,40.87,9.27,0,1,0,0,0,0,0
88.91,59.5,14.6,24.54,1,0,0,0,1,0,0
83.81,55.8,17.2,21.19,1,0,0,0,1,0,0
94.92,28.71,21.89,16.94,1,0,0,0,2,1,0
93.95,9.84,40.61,9.32,1,0,0,0,0,0,0
97.0,44.67,6.11,47.47,1,0,0,0,0,1,0
83.24,62.38,20.84,17.74,0,0,0,1,1,0,0
88.05,5.0,46.56,8.15,1,0,0,0,0,1,0
75.62,72.58,33.23,11.34,1,0,0,0,0,0,0
93.72,75.87,26.62,14.06,1,0,0,0,3,1,0
85.47,6.39,45.97,8.25,1,0,0,0,0,1,0
93.57,36.92,14.57,24.58,1,0,0,0,0,1,0
91.35,45.28,9.86,34.08,1,0,0,0,3,1,0
93.42,83.93,34.56,10.92,1,0,0,0,1,1,0
93.91,44.96,7.91,40.13,1,0,0,0,2,1,0
79.28,69.3,28.32,13.25,0,1,0,0,1,0,0
90.35,58.68,12.98,27.18,1,0,0,0,0,0,0
97.53,63.18,13.41,26.44,1,0,0,0,2,1,0
94.92,48.6,5.27,51.66,0,0,1,0,0,0,0
82.49,63.19,21.92,16.91,1,0,0,0,1,1,0
78.89,88.33,43.76,8.66,1,0,0,0,0,0,0
85.22,73.18,27.49,13.63,1,0,0,0,1,0,0
95.79,55.46,6.89,44.05,1,0,0,0,2,1,1
92.96,10.45,40.18,9.42,1,0,0,0,0,1,0
75.25,26.93,33.83,11.15,0,1,0,0,2,0,0
84.55,62.59,19.93,18.49,0,0,1,0,2,0,0
90.85,35.72,16.96,21.46,1,0,0,0,1,0,0
83.44,68.22,24.63,15.15,1,0,0,0,2,1,0
86.95,33.82,20.79,17.78,1,0,0,0,1,1,0
90.34,42.44,12.27,28.52,0,0,0,1,0,0,1
85.4,43.36,16.04,22.56,1,0,0,0,2,1,0
91.68,64.63,16.83,21.61,1,0,0,0,0,0,0
91.22,31.12,20.82,17.76,0,0,0,1,2,0,1
94.94,32.98,17.75,20.58,1,0,0,0,1,1,0
87.69,92.42,44.17,8.58,1,0,0,0,0,0,0
77.2,64.52,27.03,13.85,1,0,0,0,0,1,0
90.13,39.21,14.62,24.51,0,1,0,0,2,0,0
85.54,41.32,16.87,21.57,1,0,0,0,3,1,0
90.11,20.29,31.31,12.02,1,0,0,0,0,0,0
86.89,55.55,14.24,25.09,1,0,0,0,0,1,0
85.58,43.9,15.66,23.07,0,0,0,1,0,0,1
97.76,48.91,2.49,69.5,0,1,0,0,1,0,0
87.15,54.93,13.76,25.85,1,0,0,0,2,0,0
83.77,45.71,16.79,21.66,1,0,0,0,1,1,0
99.91,87.72,37.72,10.02,1,0,0,0,0,1,0
88.33,95.0,46.49,8.16,1,0,0,0,0,1,0
81.81,35.0,23.58,15.79,1,0,0,0,0,1,0
90.95,50.27,9.05,36.37,0,0,0,1,2,0,1
91.04,44.23,10.65,32.04,1,0,0,0,5,1,0
99.51,5.61,44.39,8.54,1,0,0,0,0,1,0
93.03,95.0,45.54,8.33,1,0,0,0,1,1,0
73.4,46.47,26.83,13.95,1,0,0,0,3,1,0
95.67,53.0,5.27,51.67,1,0,0,0,4,0,0
73.75,72.39,34.5,10.94,1,0,0,0,0,0,0
91.19,60.09,13.39,26.46,1,0,0,0,2,0,0
77.34,17.82,39.36,9.61,1,0,0,0,2,0,0
88.62,41.16,14.41,24.83,1,0,0,0,1,1,0
94.87,55.81,7.76,40.68,1,0,0,0,0,1,0
73.8,35.1,30.14,12.47,1,0,0,0,1,0,0
93.26,92.14,42.67,8.88,0,0,1,0,0,0,0
92.04,30.84,20.75,17.81,1,0,0,0,0,0,1
85.42,64.79,20.77,17.8,0,1,0,0,5,0,0
94.38,60.82,12.19,28.67,0,0,1,0,1,0,0
97.67,23.74,26.37,14.19,1,0,0,0,0,1,0
93.14,41.34,11.05,31.09,0,0,1,0,3,0,0
73.83,86.33,44.77,8.47,1,0,0,0,0,1,0
81.65,54.6,18.91,19.42,1,0,0,0,2,1,0
93.24,39.04,12.88,27.37,1,0,0,0,2,1,1
85.38,68.11,23.27,15.99,1,0,0,0,0,1,0
89.84,61.1,15.05,23.89,1,0,0,0,1,0,0
94.58,71.65,22.32,16.63,1,0,0,0,3,1,0
93.88,17.56,33.01,11.42,1,0,0,0,1,0,0
94.21,90.41,40.83,9.27,1,0,0,0,1,1,0
81.74,66.79,24.8,15.04,0,0,1,0,3,0,0
87.76,54.03,12.89,27.35,1,0,0,0,0,1,1
93.83,33.68,17.44,20.92,1,0,0,0,3,0,0
86.3,51.65,13.8,25.79,0,1,0,0,2,0,0
91.99,33.55,18.3,20.02,0,0,1,0,2,0,0
87.9,73.58,26.5,14.12,1,0,0,0,0,0,0
86.23,12.86,39.61,9.55,1,0,0,0,0,1,0
76.94,38.96,25.56,14.62,1,0,0,0,3,1,0
90.12,72.8,24.85,15.02,0,0,1,0,2,0,1
92.22,48.24,7.98,39.87,0,1,0,0,1,0,0
92.64,28.85,22.39,16.58,1,0,0,0,1,0,0
93.23,59.0,11.26,30.62,1,0,0,0,1,1,0
91.45,36.89,15.66,23.06,1,0,0,0,4,1,0
87.8,59.08,15.21,23.67,1,0,0,0,1,1,0
91.34,11.8,39.16,9.66,0,1,0,0,0,0,0
91.13,57.86,11.86,29.35,0,0,1,0,3,0,0
93.68,5.0,45.44,8.35,1,0,0,0,0,0,0
83.92,53.24,16.4,22.12,1,0,0,0,0,1,0
92.17,46.61,8.53,38.01,0,1,0,0,0,0,0
94.12,31.11,19.78,18.62,0,1,0,0,5,0,0
98.37,73.2,23.26,15.99,1,0,0,0,0,1,1
87.21,26.05,27.15,13.79,0,0,1,0,1,0,0
90.26,39.16,14.57,24.59,0,1,0,0,0,0,0
88.84,46.72,11.63,29.83,1,0,0,0,6,1,0
89.88,71.32,23.6,15.77,1,0,0,0,1,1,0
88.43,39.67,15.51,23.26,1,0,0,0,2,1,0
80.45,30.36,27.71,13.53,0,0,1,0,1,0,0
93.46,42.71,9.79,34.25,1,0,0,0,1,1,1
87.42,55.98,13.92,25.58,0,0,1,0,0,0,0
97.21,69.41,19.61,18.78,1,0,0,0,2,1,0
93.67,61.61,13.22,26.76,0,0,1,0,1,0,0
80.53,78.62,34.61,10.9,0,0,1,0,1,0,0
91.27,20.63,30.64,12.27,1,0,0,0,0,1,0
90.79,13.13,38.0,9.95,1,0,0,0,0,1,0
89.78,56.11,11.91,29.25,1,0,0,0,3,0,0
93.18,33.65,17.72,20.62,1,0,0,0,1,1,0
80.3,32.74,26.19,14.28,1,0,0,0,0,1,0
80.59,26.02,30.86,12.19,1,0,0,0,0,1,0
81.66,29.6,27.43,13.66,1,0,0,0,0,1,0
81.35,22.99,32.82,11.48,1,0,0,0,0,0,0
96.93,41.97,8.59,37.8,1,0,0,0,4,1,0
79.3,64.52,25.28,14.77,0,0,1,0,0,0,0
98.53,60.62,10.73,31.86,1,0,0,0,2,0,0
90.35,78.2,29.8,12.61,0,1,0,0,4,0,0
92.67,56.36,9.7,34.5,0,1,0,0,0,0,0
87.63,46.09,12.98,27.19,0,1,0,0,0,0,0
87.34,82.55,34.92,10.81,0,0,1,0,4,0,0
78.34,74.98,33.06,11.4,0,1,0,0,3,0,0
80.81,64.79,24.23,15.39,1,0,0,0,0,0,0
80.31,9.11,45.39,8.36,0,0,0,1,2,0,1
92.12,22.83,28.29,13.26,0,0,0,1,1,0,1
76.57,52.78,23.59,15.78,1,0,0,0,0,1,0
84.28,59.71,18.47,19.84,1,0,0,0,3,1,0
88.85,41.17,14.22,25.11,0,0,1,0,1,0,0
89.17,50.08,10.83,31.62,1,0,0,0,2,0,0
85.64,32.86,22.36,16.6,1,0,0,0,0,1,0
88.45,64.79,18.76,19.56,0,0,0,1,0,0,1
88.47,86.52,38.3,9.87,1,0,0,0,2,1,0
79.67,48.59,20.38,18.11,1,0,0,0,2,1,0
80.9,55.75,19.94,18.48,1,0,0,0,0,1,0
86.64,54.85,14.22,25.12,0,0,1,0,1,0,0
94.16,37.53,13.77,25.83,1,0,0,0,0,1,0
80.92,55.1,19.75,18.65,1,0,0,0,2,0,0
94.98,47.32,5.69,49.5,1,0,0,0,1,1,1
82.89,63.53,21.81,17.0,1,0,0,0,2,1,0
79.31,50.79,20.71,17.85,1,0,0,0,0,1,0
97.4,61.3,11.59,29.9,1,0,0,0,0,1,0
89.53,26.39,25.83,14.47,1,0,0,0,2,1,0
80.41,72.09,29.52,12.72,1,0,0,0,0,1,0
87.71,29.5,23.91,15.58,1,0,0,0,2,1,0
92.06,13.12,37.73,10.02,1,0,0,0,0,1,0
94.18,80.2,30.75,12.23,1,0,0,0,2,0,0
96.71,32.95,17.37,21.0,1,0,0,0,2,1,0
81.88,49.11,18.14,20.17,1,0,0,0,3,1,0
95.15,28.16,22.37,16.59,1,0,0,0,3,0,0
93.94,43.48,8.9,36.83,1,0,0,0,1,1,0
81.74,65.37,23.87,15.61,1,0,0,0,3,1,0
96.72,55.55,6.44,45.97,1,0,0,0,3,1,1
88.32,91.24,42.86,8.84,0,0,0,1,1,0,0
95.83,39.88,10.95,31.34,1,0,0,0,2,1,0
81.82,17.87,36.91,10.24,1,0,0,0,0,1,0
94.62,50.38,5.39,51.04,1,0,0,0,0,1,0
94.76,43.04,8.71,37.42,1,0,0,0,4,0,0
87.21,51.3,12.85,27.41,0,0,1,0,3,0,0
67.69,29.61,38.2,9.9,1,0,0,0,0,1,0
90.91,56.06,10.93,31.38,0,1,0,0,1,0,0
91.15,44.42,10.46,32.51,0,0,1,0,1,0,0
94.57,49.53,5.45,50.72,0,1,0,0,0,0,0
89.6,62.02,15.9,22.75,1,0,0,0,1,0,0
86.44,25.05,28.4,13.21,1,0,0,0,3,1,0
81.98,51.31,18.07,20.25,1,0,0,0,3,1,1
94.56,57.51,9.27,35.73,1,0,0,0,3,0,0
92.91,60.52,12.69,27.72,1,0,0,0,2,1,1
91.8,43.42,10.51,32.38,0,1,0,0,3,0,1
70.54,79.24,41.51,9.12,1,0,0,0,0,1,0
96.42,59.83,10.46,32.51,0,0,0,1,4,0,0
93.71,61.01,12.68,27.74,1,0,0,0,3,1,0
84.12,76.2,30.64,12.28,0,0,1,0,2,0,0
96.0,44.36,6.91,43.95,1,0,0,0,4,1,1
90.12,62.72,16.1,22.49,0,1,0,0,2,0,0
95.88,22.12,28.18,13.31,1,0,0,0,2,0,0
88.7,63.14,17.33,21.04,0,0,1,0,1,0,0
82.84,19.19,35.26,10.71,0,0,1,0,2,0,0
96.84,43.3,7.41,42.0,1,0,0,0,1,1,0
94.14,70.98,21.78,17.02,1,0,0,0,2,1,0
83.14,58.2,18.74,19.58,0,1,0,0,0,0,0
74.8,64.35,28.99,12.95,1,0,0,0,1,1,0
90.94,12.04,39.02,9.69,0,0,1,0,0,0,0
91.12,56.18,10.82,31.64,1,0,0,0,0,1,0
78.61,42.47,22.68,16.38,0,1,0,0,0,0,0
86.34,66.12,21.13,17.51,1,0,0,0,3,1,0
89.51,52.66,10.82,31.65,1,0,0,0,3,1,0
92.3,71.04,22.4,16.57,0,1,0,0,4,0,0
89.51,36.94,16.75,21.7,1,0,0,0,1,0,0
97.43,48.19,3.14,64.77,0,0,1,0,2,0,0
87.62,55.13,13.4,26.44,1,0,0,0,3,1,0
94.34,58.05,9.84,34.12,1,0,0,0,2,1,0
83.63,60.53,19.47,18.9,1,0,0,0,0,1,0
91.01,61.23,14.38,24.87,1,0,0,0,1,0,0
83.21,48.29,16.87,21.56,0,0,0,1,0,0,0
93.55,48.99,6.53,45.59,1,0,0,0,1,1,1
89.69,59.41,13.96,25.53,1,0,0,0,1,1,0
89.5,50.92,10.54,32.31,0,0,1,0,3,0,0
90.44,54.94,10.76,31.77,1,0,0,0,3,0,0
78.09,40.52,23.87,15.6,1,0,0,0,0,1,0
82.27,75.99,31.46,11.96,1,0,0,0,0,1,0
88.48,57.94,13.99,25.47,1,0,0,0,1,1,0
83.53,68.55,24.81,15.04,0,1,0,0,0,0,0
95.65,59.2,10.18,33.23,1,0,0,0,0,1,0
97.55,50.85,2.6,68.71,0,0,0,1,2,0,0
84.0,28.89,26.49,14.13,0,0,1,0,1,0,0
82.46,33.36,24.17,15.42,1,0,0,0,1,1,0
79.96,48.74,20.08,18.37,1,0,0,0,4,1,0
91.2,67.08,19.22,19.13,1,0,0,0,2,1,0
80.03,61.56,23.08,16.11,1,0,0,0,0,1,0
89.99,48.12,10.18,33.22,1,0,0,0,3,1,0
82.55,27.02,28.86,13.01,0,0,1,0,0,0,0
82.81,28.15,27.8,13.48,0,0,1,0,3,0,0
92.36,24.43,26.69,14.02,1,0,0,0,0,1,0
82.33,74.72,30.38,12.38,1,0,0,0,1,1,0
95.38,28.87,21.63,17.13,1,0,0,0,0,0,0
86.74,45.38,14.05,25.39,1,0,0,0,5,1,0
69.15,23.59,40.61,9.32,1,0,0,0,0,1,0
92.48,63.32,15.29,23.55,1,0,0,0,3,1,0
81.23,71.98,28.91,12.99,1,0,0,0,1,1,0
94.76,53.95,6.56,45.44,1,0,0,0,4,1,0
93.43,48.68,6.7,44.86,1,0,0,0,2,1,0
78.5,60.34,23.86,15.61,0,0,0,1,1,0,0
92.31,54.39,8.86,36.97,1,0,0,0,4,0,0
83.58,44.89,17.19,21.19,1,0,0,0,0,1,0
95.35,29.32,21.2,17.46,1,0,0,0,0,1,0
95.58,67.9,18.44,19.88,1,0,0,0,5,1,0
84.42,55.13,16.4,22.12,0,1,0,0,4,0,0
94.87,53.91,6.45,45.96,1,0,0,0,0,0,0
88.02,25.51,27.26,13.74,1,0,0,0,2,1,0
96.96,51.84,3.56,61.92,1,0,0,0,2,0,0
89.95,67.79,20.43,18.07,1,0,0,0,2,1,0
89.09,54.9,11.96,29.15,1,0,0,0,1,1,0
86.69,45.61,14.02,25.43,1,0,0,0,1,1,0
78.06,72.15,31.18,12.07,0,0,0,1,1,0,0
97.66,65.09,15.27,23.58,1,0,0,0,2,1,0
75.11,45.61,25.27,14.78,1,0,0,0,1,1,0
85.03,50.6,14.98,23.99,1,0,0,0,2,1,0
80.6,35.33,24.32,15.33,1,0,0,0,2,0,0
90.98,30.46,21.53,17.21,1,0,0,0,0,1,0
85.65,56.11,15.59,23.15,1,0,0,0,7,1,0
69.12,15.33,46.42,8.17,1,0,0,0,2,0,0
78.68,59.12,23.18,16.04,1,0,0,0,0,1,0
95.59,60.07,11.0,31.23,0,1,0,0,3,0,0
93.06,58.2,10.74,31.83,1,0,0,0,0,1,1
83.09,57.99,18.7,19.62,0,0,1,0,0,0,0
96.31,33.14,17.26,21.12,1,0,0,0,0,1,0
68.04,44.85,32.37,11.64,1,0,0,0,2,1,0
91.23,51.02,8.83,37.07,1,0,0,0,4,0,0
78.64,36.21,25.43,14.69,1,0,0,0,1,1,0
96.61,74.59,24.82,15.04,1,0,0,0,1,1,0
95.52,29.03,21.45,17.27,0,0,1,0,1,0,0
82.88,41.33,19.19,19.16,0,0,1,0,0,0,0
71.6,55.84,28.99,12.95,0,0,0,1,0,0,1
85.32,46.32,15.13,23.78,1,0,0,0,0,1,0
89.53,30.83,21.84,16.97,1,0,0,0,0,0,0
96.37,58.28,9.04,36.42,1,0,0,0,0,1,0
94.28,46.24,6.84,44.25,1,0,0,0,4,1,0
77.36,5.0,50.38,7.54,1,0,0,0,0,0,1
85.6,31.05,23.8,15.65,1,0,0,0,0,1,0
78.47,61.37,24.35,15.31,1,0,0,0,4,1,0
90.53,50.58,9.49,35.09,0,0,1,0,0,0,0
85.19,5.0,47.38,8.01,1,0,0,0,0,1,0
88.5,42.75,13.6,26.12,1,0,0,0,5,1,0
80.7,46.42,19.63,18.76,1,0,0,0,2,1,0
99.45,47.35,2.7,67.93,0,1,0,0,0,0,1
86.98,44.33,14.2,25.15,0,0,1,0,0,0,0
96.63,55.01,6.03,47.86,1,0,0,0,1,1,1
77.98,75.4,33.61,11.22,1,0,0,0,1,0,0
93.36,32.66,18.57,19.75,1,0,0,0,2,0,0
95.05,64.55,15.37,23.45,0,1,0,0,0,0,0
86.02,53.61,14.44,24.78,1,0,0,0,3,1,0
98.09,29.59,20.49,18.02,1,0,0,0,0,1,0
90.96,58.12,12.16,28.74,0,1,0,0,5,0,0
84.6,71.73,26.63,14.05,1,0,0,0,2,1,0
94.14,85.71,36.19,10.44,1,0,0,0,0,1,0
90.73,58.62,12.66,27.78,1,0,0,0,2,1,0
80.98,35.29,24.04,15.5,1,0,0,0,1,1,0
97.22,23.85,26.3,14.22,1,0,0,0,0,0,0
87.45,75.44,28.37,13.22,1,0,0,0,1,1,0
94.56,47.24,6.1,47.53,1,0,0,0,4,1,0
80.52,85.88,40.83,9.27,1,0,0,0,0,1,0
77.45,12.94,43.38,8.74,0,1,0,0,0,0,0
87.44,69.9,23.53,15.82,1,0,0,0,0,0,1
86.13,62.88,18.93,19.4,1,0,0,0,2,1,0
68.18,32.03,36.54,10.34,1,0,0,0,0,1,0
96.25,40.46,10.25,33.03,0,0,1,0,1,0,0
90.96,80.03,31.36,12.0,1,0,0,0,0,1,0
86.03,67.37,22.3,16.65,0,0,1,0,2,0,0
92.07,47.69,8.26,38.9,1,0,0,0,0,1,0
92.22,38.98,13.49,26.3,1,0,0,0,0,0,0
84.11,86.79,40.08,9.44,0,1,0,0,0,0,0
95.48,26.44,23.98,15.53,1,0,0,0,0,1,0
91.11,49.62,8.9,36.85,1,0,0,0,1,1,0
82.33,41.04,19.81,18.6,1,0,0,0,1,1,0
88.01,36.11,18.35,19.96,0,0,0,1,3,0,0
91.96,55.51,9.75,34.37,0,0,0,1,2,0,1
83.92,37.57,20.32,18.16,1,0,0,0,0,0,0
85.11,35.14,21.04,17.58,1,0,0,0,2,1,0
92.33,55.37,9.36,35.46,1,0,0,0,3,1,0
94.05,32.34,18.63,19.69,1,0,0,0,4,1,0
94.8,42.87,8.83,37.06,1,0,0,0,4,1,0
90.08,5.19,45.9,8.26,0,1,0,0,0,0,0
93.29,47.9,7.03,43.48,0,0,1,0,2,0,0
96.01,55.01,6.4,46.16,1,0,0,0,0,1,0
94.6,95.0,45.32,8.37,1,0,0,0,2,1,0
84.39,5.0,47.63,7.97,1,0,0,0,0,1,0
83.27,74.55,29.7,12.65,1,0,0,0,1,0,0
85.98,5.0,47.13,8.05,1,0,0,0,0,0,0
94.07,58.17,10.1,33.42,1,0,0,0,2,1,0
96.37,51.34,3.87,59.86,0,1,0,0,2,0,1
77.9,22.44,35.33,10.69,1,0,0,0,0,0,0
88.51,12.2,39.5,9.58,0,1,0,0,0,0,0
96.59,74.01,24.25,15.37,1,0,0,0,1,1,0
83.77,35.25,21.93,16.91,1,0,0,0,1,1,0
96.5,39.42,11.14,30.89,0,0,1,0,0,0,0
90.67,43.35,11.46,30.19,1,0,0,0,2,0,0
87.44,61.57,17.08,21.33,1,0,0,0,0,1,0
90.61,81.85,33.21,11.35,1,0,0,0,2,1,0
86.61,75.1,28.45,13.19,1,0,0,0,0,0,0
82.78,30.76,25.82,14.48,1,0,0,0,1,0,0
83.95,48.97,16.09,22.51,0,1,0,0,3,0,0
96.91,73.92,24.12,15.45,1,0,0,0,3,1,0
95.46,55.14,6.86,44.2,1,0,0,0,3,1,0
89.49,77.7,29.63,12.68,1,0,0,0,0,1,0
82.29,51.6,17.79,20.55,1,0,0,0,2,1,0
93.8,41.81,10.27,32.99,0,0,1,0,1,0,0
87.73,61.23,16.64,21.84,0,0,1,0,0,0,1
92.72,57.8,10.67,32.0,1,0,0,0,1,1,0
84.35,43.13,17.09,21.31,1,0,0,0,1,1,0
85.01,16.97,36.27,10.41,0,0,1,0,0,0,0
73.24,41.62,28.04,13.37,1,0,0,0,0,1,0
96.79,5.0,45.11,8.41,0,0,1,0,0,0,0
86.59,70.28,24.31,15.33,1,0,0,0,2,1,0
87.2,7.46,44.42,8.53,0,1,0,0,1,0,0
91.8,35.39,16.76,21.69,1,0,0,0,1,1,0
84.72,45.64,15.89,22.76,1,0,0,0,2,1,0
93.2,44.45,8.78,37.22,1,0,0,0,2,1,0
90.99,45.58,10.04,33.59,0,0,1,0,4,0,0
80.51,23.2,33.14,11.37,1,0,0,0,1,1,0
91.61,70.85,22.47,16.52,1,0,0,0,1,1,0
89.68,50.21,10.33,32.85,1,0,0,0,4,1,0
85.39,43.44,16.01,22.6,1,0,0,0,1,1,0
95.15,50.26,4.86,53.9,1,0,0,0,1,1,0
88.37,40.31,15.14,23.77,1,0,0,0,0,0,0
79.78,50.93,20.24,18.23,1,0,0,0,2,1,0
87.32,82.33,34.72,10.87,0,1,0,0,0,0,0
71.62,48.16,28.44,13.19,1,0,0,0,0,1,0
95.94,48.4,4.37,56.78,1,0,0,0,7,1,0
95.11,60.23,11.34,30.46,0,0,1,0,3,0,0
93.1,55.05,8.55,37.94,1,0,0,0,1,1,0
85.64,57.6,16.24,22.31,1,0,0,0,1,0,0
80.27,68.51,27.06,13.84,0,1,0,0,3,0,0
92.24,43.77,9.95,33.82,0,0,1,0,0,0,0
92.71,35.27,16.43,22.08,0,0,1,0,3,0,0
91.3,45.39,9.84,34.11,1,0,0,0,2,1,0
90.58,59.74,13.55,26.2,1,0,0,0,0,0,0
95.76,19.86,30.44,12.35,1,0,0,0,2,1,0
91.36,52.47,8.98,36.59,1,0,0,0,1,1,0
83.05,31.1,25.39,14.71,1,0,0,0,2,1,0
90.04,35.19,17.84,20.49,1,0,0,0,2,1,0
84.58,52.69,15.65,23.07,1,0,0,0,3,1,0
91.23,65.18,17.53,20.82,0,1,0,0,0,0,0
88.91,82.56,34.4,10.97,0,1,0,0,0,0,0
89.06,72.05,24.61,15.16,1,0,0,0,2,1,0
89.42,48.39,10.7,31.93,1,0,0,0,0,1,1
88.56,67.36,20.79,17.78,1,0,0,0,1,0,0
91.8,89.89,40.73,9.3,1,0,0,0,3,1,0
93.8,67.95,18.99,19.35,1,0,0,0,1,1,0
84.17,72.92,27.85,13.46,0,0,0,1,0,0,1
98.6,55.75,5.91,48.42,0,0,1,0,3,0,0
89.37,50.1,10.64,32.08,1,0,0,0,4,1,0
83.89,68.54,24.56,15.18,0,0,0,1,0,0,1
82.52,46.43,17.84,20.49,0,0,1,0,2,0,0
76.85,56.31,23.99,15.53,0,0,1,0,2,0,0
84.93,49.88,15.07,23.86,0,0,1,0,3,0,0
86.81,53.22,13.58,26.15,1,0,0,0,0,1,0
84.23,67.98,23.92,15.57,1,0,0,0,1,1,0
82.76,68.49,25.28,14.77,0,0,1,0,0,0,0
94.91,67.73,18.45,19.87,0,1,0,0,2,0,0
89.72,35.92,17.43,20.93,1,0,0,0,0,1,0
84.95,61.8,19.13,19.22,1,0,0,0,0,1,0
92.73,25.49,25.56,14.62,1,0,0,0,1,0,0
95.65,41.93,9.17,36.03,0,0,1,0,4,0,0
95.35,46.79,5.65,49.72,0,1,0,0,3,0,0
85.58,53.33,14.8,24.25,1,0,0,0,0,1,0
81.34,25.92,30.47,12.34,0,1,0,0,3,0,0
86.47,61.21,17.57,20.78,1,0,0,0,1,0,0
77.0,58.95,24.68,15.12,0,0,1,0,0,0,0
82.58,43.13,18.72,19.6,0,1,0,0,2,0,0
95.02,57.75,9.21,35.89,0,1,0,0,4,0,0
85.36,30.15,24.67,15.12,0,0,1,0,1,0,0
91.99,55.78,9.87,34.03,1,0,0,0,4,1,0
90.46,54.59,10.59,32.2,1,0,0,0,3,1,0
92.41,50.63,7.62,41.18,1,0,0,0,6,1,0
84.9,69.5,24.67,15.12,1,0,0,0,2,1,0
73.83,58.92,27.65,13.55,1,0,0,0,1,1,0
85.51,19.7,33.58,11.23,1,0,0,0,0,0,0
94.46,11.0,39.39,9.61,0,1,0,0,0,0,0
88.66,48.09,11.5,30.09,1,0,0,0,1,1,0
92.39,39.84,12.7,27.7,0,1,0,0,2,0,0
89.88,30.13,22.3,16.64,0,1,0,0,3,0,0
88.18,78.75,31.08,12.11,1,0,0,0,4,1,0
72.8,50.41,27.2,13.77,1,0,0,0,1,1,0
87.85,40.75,15.27,23.58,0,1,0,0,2,0,0
88.62,15.79,36.05,10.48,1,0,0,0,2,0,0
94.69,59.05,10.49,32.44,1,0,0,0,0,1,0
88.52,13.62,38.14,9.91,1,0,0,0,0,1,0
96.26,33.04,17.36,21.0,1,0,0,0,2,1,0
89.42,40.26,14.38,24.87,1,0,0,0,1,1,0
75.03,52.34,25.08,14.89,1,0,0,0,3,0,0
84.6,60.72,18.77,19.56,1,0,0,0,0,0,0
93.86,95.0,45.42,8.35,1,0,0,0,0,1,0
93.22,30.77,20.39,18.1,1,0,0,0,0,1,0
87.07,55.45,14.03,25.41,1,0,0,0,2,1,0
98.28,69.31,19.38,18.98,1,0,0,0,1,1,0
91.16,68.53,20.53,17.99,1,0,0,0,1,1,0
80.76,69.24,27.21,13.77,1,0,0,0,2,1,0
95.44,65.59,16.25,22.31,1,0,0,0,3,0,0
88.37,37.85,16.82,21.63,1,0,0,0,1,0,0
89.05,24.41,27.83,13.47,1,0,0,0,0,0,0
93.01,65.65,17.14,21.25,0,0,1,0,2,0,0
78.24,44.98,22.33,16.62,0,0,0,1,1,0,1
92.0,43.44,10.35,32.8,0,0,0,1,1,0,1
93.79,64.33,15.62,23.11,0,1,0,0,4,0,0
86.94,52.76,13.35,26.54,1,0,0,0,1,1,0
91.19,67.92,19.96,18.47,1,0,0,0,1,1,0
95.6,65.28,15.9,22.74,1,0,0,0,2,1,0
91.15,32.23,19.85,18.56,1,0,0,0,6,1,0
88.39,31.77,21.61,17.14,1,0,0,0,0,0,0
84.79,34.04,22.05,16.82,1,0,0,0,1,0,0
80.65,42.1,20.9,17.69,1,0,0,0,0,1,0
99.28,46.77,3.31,63.62,0,1,0,0,3,0,0
93.73,20.6,30.06,12.51,1,0,0,0,3,1,0
85.53,60.9,18.12,20.2,0,1,0,0,0,0,0
76.19,32.65,29.46,12.75,1,0,0,0,2,1,0
90.02,23.27,28.53,13.15,1,0,0,0,1,1,0
82.36,43.97,18.64,19.68,1,0,0,0,1,1,0
98.38,65.53,15.62,23.12,1,0,0,0,3,1,0
87.13,62.42,17.89,20.44,1,0,0,0,1,1,0
86.37,51.8,13.75,25.87,1,0,0,0,4,1,0
92.26,65.91,17.69,20.65,1,0,0,0,1,1,0
97.13,57.24,7.79,40.56,1,0,0,0,0,1,0
93.31,43.3,9.47,35.14,0,1,0,0,3,0,0
86.24,35.83,19.75,18.65,1,0,0,0,4,0,0
97.26,45.72,5.09,52.65,1,0,0,0,1,1,1
87.73,70.03,23.5,15.84,1,0,0,0,1,1,0
88.82,47.16,11.53,30.03,1,0,0,0,3,0,0
85.85,83.49,36.36,10.39,0,0,1,0,3,0,0
92.02,75.74,26.95,13.89,1,0,0,0,0,1,0
76.41,42.91,24.63,15.14,0,1,0,0,2,0,0
80.18,63.4,23.92,15.57,1,0,0,0,1,0,0
77.84,34.64,26.96,13.89,1,0,0,0,0,1,0
72.98,54.58,27.41,13.67,0,0,1,0,3,0,0
93.15,47.22,7.39,42.06,1,0,0,0,3,1,0
94.41,46.14,6.8,44.45,1,0,0,0,0,1,0
87.8,74.26,27.16,13.79,0,1,0,0,1,0,0
83.91,79.7,33.78,11.16,1,0,0,0,0,1,0
93.16,50.21,6.84,44.26,1,0,0,0,2,1,0
94.72,72.72,23.32,15.95,1,0,0,0,0,1,0
74.67,44.65,25.89,14.44,1,0,0,0,2,1,0
92.43,38.74,13.57,26.17,1,0,0,0,1,1,0
91.32,57.47,11.45,30.21,1,0,0,0,3,1,0
86.57,61.27,17.53,20.82,0,1,0,0,2,0,0
90.88,32.84,19.43,18.94,1,0,0,0,3,1,0
79.22,38.79,23.61,15.77,0,1,0,0,0,0,0
98.54,75.3,25.34,14.74,0,0,0,1,2,0,1
80.39,48.76,19.64,18.75,1,0,0,0,0,1,0
88.17,47.57,12.08,28.9,1,0,0,0,3,1,1
97.07,57.59,8.13,39.34,1,0,0,0,4,0,1
95.96,57.09,8.16,39.24,1,0,0,0,3,0,0
88.01,66.14,20.11,18.34,1,0,0,0,3,1,0
90.45,43.07,11.8,29.47,0,0,0,1,0,0,1
93.7,36.79,14.64,24.48,0,0,1,0,0,0,0
94.28,26.58,24.11,15.46,1,0,0,0,4,1,0
97.14,49.8,2.87,66.73,1,0,0,0,2,1,0
96.0,22.37,27.92,13.43,0,0,1,0,2,0,0
73.56,29.95,33.18,11.36,0,0,0,1,0,0,0
89.54,62.82,16.55,21.94,0,0,1,0,2,0,0
85.93,31.91,22.92,16.22,1,0,0,0,1,1,0
88.17,62.17,16.98,21.44,1,0,0,0,3,1,0
95.53,66.01,16.62,21.86,1,0,0,0,1,1,0
92.05,75.78,26.97,13.88,1,0,0,0,0,1,0
77.89,64.22,26.29,14.23,1,0,0,0,1,0,0
92.47,45.69,8.67,37.55,1,0,0,0,1,0,0
93.61,70.21,21.2,17.46,1,0,0,0,0,0,0
86.55,75.02,28.41,13.21,0,1,0,0,5,0,0
91.88,57.96,11.37,30.38,1,0,0,0,1,1,0
89.58,54.38,11.31,30.52,1,0,0,0,3,1,0
90.89,5.0,45.91,8.26,0,1,0,0,0,0,0
91.77,45.31,9.47,35.14,1,0,0,0,0,1,0
87.99,5.0,46.58,8.15,0,1,0,0,0,0,0
88.61,45.27,12.33,28.4,1,0,0,0,1,0,0
83.82,29.78,25.89,14.44,1,0,0,0,0,0,0
84.94,14.8,38.28,9.88,1,0,0,0,1,1,0
92.78,55.7,9.2,35.93,0,1,0,0,2,0,0
94.74,45.29,7.06,43.36,1,0,0,0,1,1,0
87.61,47.09,12.73,27.65,1,0,0,0,3,1,0
79.18,51.63,20.88,17.71,1,0,0,0,3,1,0
96.11,60.19,10.91,31.43,0,1,0,0,1,0,0
95.75,46.38,5.59,50.02,0,1,0,0,2,0,0
94.08,38.14,13.26,26.69,1,0,0,0,0,1,0
95.7,58.46,9.49,35.09,1,0,0,0,1,1,0
99.82,35.62,14.38,24.87,1,0,0,0,1,1,0
95.41,89.85,40.12,9.43,1,0,0,0,0,1,0
97.27,44.64,6.02,47.92,1,0,0,0,3,1,1
95.48,40.04,10.94,31.36,1,0,0,0,1,1,0
94.79,29.67,20.99,17.62,1,0,0,0,0,1,0
92.06,30.17,21.36,17.33,0,0,0,1,0,0,1
82.44,22.06,33.0,11.42,1,0,0,0,0,0,0
81.78,22.6,32.9,11.45,1,0,0,0,1,1,0
75.65,79.6,38.33,9.87,0,1,0,0,0,0,0
88.41,63.92,18.12,20.2,1,0,0,0,0,1,0
77.03,67.68,28.98,12.96,1,0,0,0,0,1,0
86.39,60.36,17.1,21.3,1,0,0,0,1,0,0
94.33,73.1,23.78,15.66,1,0,0,0,0,1,0
92.65,64.89,16.61,21.87,1,0,0,0,2,1,0
96.73,40.46,10.09,33.45,1,0,0,0,2,0,0
88.83,56.99,13.18,26.83,1,0,0,0,2,1,1
86.43,47.42,13.81,25.76,0,1,0,0,5,0,0
97.81,54.11,4.66,55.05,1,0,0,0,0,1,0
88.11,34.19,19.78,18.62,0,0,0,1,1,0,1
80.6,43.96,20.32,18.17,1,0,0,0,1,1,1
72.01,49.78,27.99,13.4,1,0,0,0,3,0,0
82.77,71.74,27.74,13.51,1,0,0,0,2,1,0
94.15,52.42,6.33,46.48,0,0,1,0,2,0,0
89.42,49.27,10.6,32.16,0,1,0,0,0,0,0
95.94,42.44,8.58,37.85,0,1,0,0,0,0,0
91.15,65.19,17.58,20.77,1,0,0,0,1,0,0
74.38,33.15,30.66,12.27,0,1,0,0,0,0,0
94.21,49.4,5.82,48.89,1,0,0,0,0,1,0
82.1,78.82,33.93,11.12,1,0,0,0,0,0,0
89.92,52.73,10.45,32.55,0,0,0,1,5,0,0
81.93,64.13,22.94,16.2,1,0,0,0,1,1,0
78.36,59.11,23.48,15.85,0,1,0,0,1,0,0
94.4,26.63,24.03,15.5,1,0,0,0,3,0,0
87.45,41.06,15.41,23.4,1,0,0,0,0,1,0
90.35,44.45,11.13,30.91,1,0,0,0,3,1,0
96.92,35.62,14.71,24.38,1,0,0,0,0,1,0
96.3,41.98,8.83,37.04,1,0,0,0,2,1,0
85.24,37.99,19.03,19.31,1,0,0,0,0,1,0
87.17,83.61,35.97,10.5,1,0,0,0,0,1,0
94.53,73.0,23.65,15.75,1,0,0,0,4,1,0
86.38,85.22,37.76,10.01,1,0,0,0,3,1,0
87.0,36.23,18.94,19.39,1,0,0,0,1,1,0
75.18,69.22,31.39,11.99,1,0,0,0,0,0,0
86.02,70.78,25.05,14.9,0,0,1,0,2,0,1
81.03,29.08,28.24,13.28,1,0,0,0,2,0,0
84.79,74.78,29.08,12.91,0,1,0,0,1,0,0
86.81,61.23,17.32,21.05,1,0,0,0,3,1,0
95.34,21.81,28.57,13.13,0,0,1,0,1,0,0
91.59,34.58,17.56,20.79,0,1,0,0,1,0,0
73.53,38.84,28.72,13.07,0,0,1,0,1,0,0
87.11,82.18,34.67,10.89,1,0,0,0,2,1,0
83.92,54.24,16.63,21.84,0,0,1,0,2,0,0
88.27,65.47,19.42,18.95,1,0,0,0,1,1,0
92.06,77.72,28.83,13.02,1,0,0,0,0,1,0
89.19,62.06,16.2,22.37,1,0,0,0,2,1,0
91.77,75.11,26.42,14.16,1,0,0,0,0,1,0
91.41,33.7,18.42,19.89,1,0,0,0,2,1,1
87.57,20.42,32.09,11.74,0,0,1,0,0,0,0
88.44,34.26,19.53,18.85,1,0,0,0,0,1,0
94.78,57.62,9.24,35.82,0,1,0,0,4,0,0
93.97,5.0,45.4,8.35,0,1,0,0,0,0,0
96.31,30.68,19.67,18.73,1,0,0,0,1,1,0
93.04,72.63,23.67,15.73,1,0,0,0,2,1,0
75.66,61.33,26.85,13.94,1,0,0,0,0,1,0
97.05,31.05,19.18,19.16,0,0,1,0,3,0,0
82.66,71.02,27.26,13.74,1,0,0,0,0,1,0
91.75,51.43,8.37,38.54,0,1,0,0,1,0,0
87.32,35.39,19.34,19.02,0,0,1,0,0,0,0
90.18,46.6,10.39,32.68,1,0,0,0,1,1,0
84.64,40.94,17.83,20.5,1,0,0,0,3,1,0
88.75,29.54,23.35,15.93,1,0,0,0,0,1,0
98.13,43.02,7.23,42.68,1,0,0,0,3,0,0
95.18,42.78,8.68,37.52,0,0,0,1,3,0,1
87.93,41.19,14.94,24.04,1,0,0,0,4,1,0
84.66,28.71,26.24,14.25,1,0,0,0,0,1,0
83.19,63.93,21.83,16.98,1,0,0,0,0,1,0
94.97,5.0,45.28,8.38,1,0,0,0,1,1,0
96.9,44.54,6.28,46.71,0,1,0,0,1,0,0
94.19,15.0,35.48,10.64,0,0,0,1,0,0,0
84.87,54.01,15.65,23.07,0,1,0,0,0,0,0
93.1,78.89,29.7,12.65,0,1,0,0,0,0,0
82.85,41.52,19.14,19.21,1,0,0,0,0,1,0
93.01,27.88,23.19,16.04,1,0,0,0,0,1,0
87.53,46.92,12.85,27.43,1,0,0,0,0,0,0
86.95,53.88,13.62,26.09,1,0,0,0,1,1,0
78.5,52.36,21.63,17.13,0,0,0,1,0,0,1
93.15,45.91,7.98,39.87,0,0,0,1,0,0,1
91.62,68.72,20.51,18.01,1,0,0,0,0,1,0
91.88,34.54,17.46,20.89,1,0,0,0,0,1,0
90.04,19.94,31.67,11.89,1,0,0,0,1,1,0
91.71,84.37,35.36,10.68,0,1,0,0,0,0,0
74.61,23.95,36.37,10.39,1,0,0,0,0,1,0
80.8,65.15,24.46,15.25,1,0,0,0,1,1,0
92.91,40.44,11.9,29.26,1,0,0,0,2,0,0
91.73,75.32,26.63,14.05,1,0,0,0,0,1,0
90.04,76.89,28.68,13.09,1,0,0,0,2,1,0
89.23,26.3,26.04,14.36,0,0,1,0,0,0,0
95.46,28.35,22.12,16.77,1,0,0,0,2,1,0
84.87,26.69,27.79,13.49,1,0,0,0,1,1,0
91.79,66.64,18.56,19.76,0,1,0,0,3,0,1
93.7,56.17,8.82,37.09,1,0,0,0,2,1,0
81.83,85.92,40.26,9.4,1,0,0,0,0,1,0
80.06,5.96,48.35,7.85,1,0,0,0,0,1,0
85.52,27.84,26.47,14.13,1,0,0,0,1,1,0
90.6,47.34,9.77,34.31,0,1,0,0,3,0,0
95.49,24.35,26.04,14.36,1,0,0,0,0,1,0
98.49,19.61,30.43,12.36,1,0,0,0,1,0,0
82.76,68.98,25.64,14.58,1,0,0,0,3,1,0
90.51,41.8,12.54,27.99,1,0,0,0,0,0,0
95.52,26.86,23.57,15.79,1,0,0,0,3,1,0
80.6,79.79,35.55,10.62,0,0,1,0,0,0,0
75.74,71.57,32.47,11.6,1,0,0,0,0,1,0
97.98,67.08,17.2,21.18,1,0,0,0,0,1,0
99.13,56.23,6.29,46.67,1,0,0,0,3,0,0
93.15,78.35,29.16,12.88,1,0,0,0,1,0,0
94.05,48.16,6.23,46.94,0,1,0,0,6,0,0
91.68,45.3,9.56,34.9,0,1,0,0,5,0,0
91.06,46.79,9.5,35.07,1,0,0,0,4,0,0
83.52,61.25,19.96,18.47,1,0,0,0,1,1,0
82.91,59.43,19.52,18.86,0,1,0,0,0,0,0
75.91,69.92,31.26,12.04,0,1,0,0,3,0,0
85.32,91.39,43.91,8.63,1,0,0,0,0,1,0
81.46,50.22,18.54,19.77,0,0,1,0,1,0,0
90.5,61.81,15.16,23.74,0,0,1,0,3,0,0
86.85,45.32,13.96,25.52,0,1,0,0,0,0,0
88.4,34.27,19.54,18.84,1,0,0,0,1,0,0
82.49,60.37,20.35,18.14,1,0,0,0,2,0,1
98.28,22.31,27.75,13.51,1,0,0,0,2,1,0
91.9,65.92,17.86,20.47,1,0,0,0,4,1,0
82.51,21.79,33.19,11.36,0,1,0,0,0,0,1
95.03,36.55,14.33,24.94,1,0,0,0,2,1,0
88.48,50.29,11.53,30.04,1,0,0,0,0,1,0
86.5,39.18,17.3,21.08,0,0,1,0,2,0,0
90.11,21.09,30.55,12.31,1,0,0,0,1,1,0
92.53,16.66,34.17,11.04,1,0,0,0,1,1,0
90.8,31.32,20.82,17.75,1,0,0,0,2,1,0
87.29,47.37,12.98,27.19,0,0,0,1,1,0,1
84.74,57.16,16.85,21.58,1,0,0,0,1,0,1
75.35,38.31,27.28,13.73,1,0,0,0,4,1,0
91.89,40.98,12.13,28.79,1,0,0,0,0,1,0
94.59,25.47,25.12,14.86,1,0,0,0,3,1,0
95.54,40.13,10.83,31.62,1,0,0,0,3,1,0
88.14,54.08,12.55,27.99,1,0,0,0,0,0,0
93.34,8.65,41.89,9.04,1,0,0,0,0,0,0
87.99,61.11,16.36,22.17,1,0,0,0,2,1,0
96.84,60.88,11.33,30.48,0,1,0,0,1,0,0
82.54,22.36,32.69,11.53,1,0,0,0,4,1,0
94.94,74.48,25.0,14.93,1,0,0,0,1,1,0
84.1,70.67,26.08,14.34,0,0,1,0,2,0,0
90.49,85.56,36.81,10.27,0,1,0,0,0,0,0
84.9,5.0,47.47,8.0,0,0,0,1,0,0,1
89.27,27.77,24.68,15.11,1,0,0,0,2,1,0
95.77,76.41,26.75,14.0,0,1,0,0,0,0,0
78.99,29.01,29.7,12.65,1,0,0,0,1,1,0
96.84,49.22,3.26,63.95,1,0,0,0,3,1,0
84.03,46.13,16.43,22.08,1,0,0,0,1,1,0
71.54,49.37,28.47,13.18,1,0,0,0,0,1,0
85.09,36.36,20.21,18.26,1,0,0,0,1,1,0
91.54,85.16,36.16,10.44,1,0,0,0,1,1,0
85.14,53.27,15.22,23.65,0,0,0,1,0,0,1
87.84,42.96,14.05,25.39,0,1,0,0,2,0,0
85.86,24.22,29.41,12.77,0,0,1,0,0,0,0
94.26,85.53,35.99,10.5,1,0,0,0,0,1,0
90.41,51.57,9.72,34.46,0,1,0,0,1,0,0
96.36,57.98,8.77,37.25,0,0,1,0,2,0,0
83.07,46.66,17.25,21.13,1,0,0,0,3,0,0
84.52,55.05,16.28,22.27,1,0,0,0,2,1,0
79.51,59.19,22.46,16.53,1,0,0,0,2,1,0
85.65,45.71,14.98,24.0,0,1,0,0,1,0,0
89.82,46.16,10.88,31.51,1,0,0,0,1,1,0
92.23,72.24,23.56,15.8,1,0,0,0,2,1,0
86.84,24.11,29.04,12.93,1,0,0,0,2,0,0
87.14,12.89,39.27,9.63,0,1,0,0,0,0,0
85.21,94.91,47.28,8.03,1,0,0,0,2,1,0
80.01,49.37,20.0,18.43,0,1,0,0,0,0,0
88.55,54.77,12.4,28.26,1,0,0,0,3,1,0
85.72,51.85,14.4,24.85,1,0,0,0,1,1,0
92.47,30.46,20.94,17.66,1,0,0,0,0,1,0
94.4,88.47,38.87,9.73,1,0,0,0,0,1,0
81.6,76.56,32.3,11.66,0,1,0,0,0,0,0
94.41,27.13,23.55,15.81,1,0,0,0,0,1,0
89.46,70.18,22.76,16.32,1,0,0,0,2,1,0
86.45,70.47,24.55,15.19,1,0,0,0,1,0,0
88.99,84.47,36.18,10.44,1,0,0,0,0,1,0
86.18,69.54,23.93,15.57,1,0,0,0,0,1,0
84.12,23.45,30.94,12.16,1,0,0,0,2,1,0
83.67,27.68,27.66,13.55,1,0,0,0,0,1,0
95.34,50.32,4.67,54.99,0,1,0,0,3,0,0
98.57,90.88,40.9,9.26,1,0,0,0,0,0,0
86.38,43.0,15.32,23.52,0,1,0,0,0,0,0
93.13,69.69,20.86,17.73,1,0,0,0,3,1,0
93.77,44.16,8.54,37.98,0,1,0,0,2,0,0
91.92,11.94,38.91,9.72,0,1,0,0,0,0,0
87.38,81.02,33.49,11.26,1,0,0,0,0,1,0
90.0,52.01,10.2,33.17,1,0,0,0,2,1,0
93.34,79.74,30.48,12.34,1,0,0,0,0,0,0
91.9,77.16,28.34,13.24,1,0,0,0,0,1,0
94.49,25.83,24.79,15.05,0,0,0,1,1,0,1
83.42,29.77,26.16,14.3,1,0,0,0,1,0,0
92.68,26.14,24.96,14.95,0,0,1,0,3,0,0
95.18,51.57,5.07,52.76,1,0,0,0,2,1,0
87.62,38.88,16.64,21.83,0,0,1,0,3,0,0
90.6,39.93,13.78,25.82,0,1,0,0,1,0,0
88.63,70.77,23.68,15.72,0,0,0,1,1,0,1
96.85,78.01,28.19,13.31,1,0,0,0,3,1,0
86.36,35.22,20.11,18.34,0,1,0,0,4,0,0
91.8,40.87,12.27,28.52,1,0,0,0,2,0,0
92.41,62.71,14.8,24.24,1,0,0,0,1,1,0
91.9,60.36,13.15,26.89,1,0,0,0,2,1,0
93.65,62.95,14.42,24.81,1,0,0,0,0,0,0
82.25,23.8,31.65,11.9,1,0,0,0,0,1,0
83.79,73.33,28.41,13.21,1,0,0,0,2,1,0
92.94,45.68,8.27,38.86,1,0,0,0,1,0,0
95.89,38.3,12.41,28.25,0,1,0,0,4,0,0
96.01,64.05,14.6,24.54,0,0,0,1,1,0,1
86.39,47.07,13.93,25.58,0,1,0,0,0,0,0
84.36,19.47,34.31,11.0,0,0,0,1,0,0,1
99.03,49.95,0.97,81.72,0,1,0,0,1,0,1
91.67,78.36,29.56,12.71,1,0,0,0,2,1,0
93.52,41.15,10.97,31.29,1,0,0,0,1,0,0
89.85,48.71,10.23,33.09,1,0,0,0,2,1,0
98.12,18.68,31.38,11.99,1,0,0,0,2,1,0
90.81,65.34,17.89,20.44,1,0,0,0,1,1,0
83.95,39.55,19.15,19.2,0,0,0,1,2,0,0
95.18,20.22,30.17,12.46,1,0,0,0,1,1,0
79.53,63.7,24.63,15.15,1,0,0,0,1,1,0
84.77,60.52,18.5,19.81,1,0,0,0,0,0,0
99.54,79.41,29.42,12.77,0,0,1,0,1,0,0
97.85,41.38,8.89,36.87,1,0,0,0,4,1,0
88.68,39.58,15.39,23.42,1,0,0,0,4,1,0
87.4,40.67,15.68,23.04,1,0,0,0,1,1,0
85.27,39.02,18.37,19.94,0,0,0,1,0,0,1
79.73,67.8,26.98,13.88,0,1,0,0,1,0,0
78.16,53.79,22.17,16.74,1,0,0,0,0,0,0
78.38,46.82,21.85,16.96,1,0,0,0,2,1,0
89.77,63.81,17.18,21.21,1,0,0,0,1,1,0
85.41,71.09,25.64,14.57,1,0,0,0,3,1,0
79.63,85.04,40.53,9.34,1,0,0,0,0,1,0
87.93,16.58,35.54,10.62,1,0,0,0,0,1,0
89.22,87.71,39.22,9.65,1,0,0,0,0,1,0
90.96,27.64,24.12,15.45,1,0,0,0,1,1,0
99.01,57.33,7.4,42.02,1,0,0,0,1,1,0
93.93,50.14,6.07,47.69,1,0,0,0,0,1,0
89.24,73.74,26.06,14.35,0,0,0,1,1,0,0
89.66,63.11,16.7,21.77,0,0,0,1,1,0,1
84.15,92.63,45.48,8.34,1,0,0,0,1,1,0
90.52,78.56,30.09,12.49,1,0,0,0,2,1,0
81.25,26.93,29.73,12.64,1,0,0,0,1,1,0
96.79,31.2,19.08,19.26,1,0,0,0,2,0,1
83.48,58.57,18.61,19.71,0,0,1,0,0,0,0
99.31,71.2,21.21,17.45,1,0,0,0,0,1,0
88.55,87.48,39.19,9.65,0,0,1,0,0,0,0
90.98,71.52,23.34,15.94,0,1,0,0,0,0,0
92.86,59.16,11.61,29.87,0,0,1,0,2,0,0
90.21,60.89,14.65,24.47,1,0,0,0,2,1,1
80.42,33.57,25.56,14.62,1,0,0,0,0,1,0
91.01,69.06,21.07,17.56,1,0,0,0,0,1,0
89.45,12.96,38.51,9.82,1,0,0,0,1,0,0
95.76,54.96,6.52,45.62,0,1,0,0,2,0,0
90.42,37.51,15.74,22.96,0,0,0,1,0,0,0
85.35,42.52,16.45,22.06,1,0,0,0,3,1,0
85.91,73.82,27.67,13.55,1,0,0,0,2,1,0
96.86,37.54,12.85,27.42,1,0,0,0,3,1,0
91.26,82.8,33.94,11.11,1,0,0,0,0,1,0
95.22,72.92,23.42,15.89,1,0,0,0,0,1,0
82.42,75.77,31.19,12.06,0,1,0,0,0,0,0
91.51,25.7,25.74,14.52,1,0,0,0,0,1,0
92.61,66.31,17.91,20.42,1,0,0,0,1,1,0
90.77,75.95,27.54,13.61,1,0,0,0,2,1,0
85.98,17.76,35.15,10.74,0,0,0,1,1,0,1
83.36,49.22,16.66,21.81,1,0,0,0,1,0,0
96.55,46.56,4.87,53.84,1,0,0,0,0,0,0
95.38,49.94,4.62,55.26,1,0,0,0,2,1,0
84.6,61.49,19.22,19.13,0,0,1,0,0,0,0
87.81,41.75,14.72,24.37,1,0,0,0,2,1,0
94.3,62.72,13.94,25.56,1,0,0,0,3,1,0
92.05,12.75,38.09,9.93,1,0,0,0,0,1,0
91.76,41.81,11.62,29.85,1,0,0,0,0,1,0
92.5,44.44,9.34,35.52,1,0,0,0,4,0,0
87.35,57.75,14.83,24.2,1,0,0,0,1,1,1
73.62,36.36,29.69,12.65,0,0,1,0,2,0,0
87.76,46.52,12.72,27.65,1,0,0,0,2,1,0
85.54,36.12,20.04,18.4,0,0,1,0,1,0,0
89.02,95.0,46.32,8.19,1,0,0,0,0,1,0
88.81,13.86,37.83,9.99,0,1,0,0,0,0,0
89.23,90.8,42.2,8.98,1,0,0,0,0,1,0
87.61,26.63,26.45,14.15,1,0,0,0,0,1,0
88.72,26.39,26.17,14.29,0,1,0,0,2,0,0
86.55,21.34,31.66,11.89,1,0,0,0,0,0,0
92.91,44.25,9.13,36.14,1,0,0,0,4,1,0
82.39,55.25,18.37,19.94,1,0,0,0,4,0,0
95.07,29.23,21.34,17.35,1,0,0,0,3,1,0
82.93,37.77,21.0,17.61,1,0,0,0,1,0,0
93.43,49.71,6.58,45.39,1,0,0,0,2,1,1
90.34,86.51,37.77,10.01,1,0,0,0,1,0,0
96.85,44.14,6.65,45.07,1,0,0,0,0,1,0
90.29,62.78,16.05,22.56,0,0,1,0,3,0,0
88.8,29.45,23.41,15.9,0,1,0,0,1,0,0
75.59,34.7,28.81,13.03,1,0,0,0,1,1,0
95.95,61.98,12.65,27.79,1,0,0,0,6,1,0
89.52,52.46,10.76,31.77,1,0,0,0,4,1,0
74.22,68.45,31.7,11.88,1,0,0,0,0,1,0
93.35,29.12,21.92,16.92,0,0,1,0,2,0,0
90.18,60.19,14.15,25.23,0,0,0,1,0,0,1
78.01,40.56,23.93,15.57,1,0,0,0,1,1,0
89.31,72.26,24.69,15.11,0,1,0,0,3,0,0
82.99,88.91,42.47,8.92,1,0,0,0,0,1,0
87.44,68.7,22.53,16.48,1,0,0,0,1,1,0
93.93,49.94,6.07,47.67,1,0,0,0,1,1,1
91.61,60.1,13.13,26.91,1,0,0,0,0,1,0
82.24,54.95,18.44,19.88,1,0,0,0,2,0,0
85.51,52.63,14.73,24.35,0,0,1,0,1,0,0
81.8,27.42,29.0,12.95,0,1,0,0,1,0,0
82.44,77.39,32.54,11.58,1,0,0,0,0,1,0
73.37,70.85,33.82,11.15,1,0,0,0,4,0,0
83.38,78.14,32.69,11.53,1,0,0,0,0,1,0
90.77,66.84,19.2,19.14,1,0,0,0,1,1,0
88.82,33.56,19.88,18.54,1,0,0,0,2,1,0
81.35,51.74,18.73,19.59,0,0,0,1,1,0,1
97.04,86.29,36.41,10.38,0,0,0,1,0,0,1
95.7,58.9,9.88,34.0,1,0,0,0,4,1,0
85.98,60.25,17.37,20.99,1,0,0,0,0,1,0
98.93,12.33,37.68,10.03,0,1,0,0,2,0,0
95.15,17.18,33.18,11.36,0,1,0,0,0,0,0
85.74,53.94,14.79,24.26,0,1,0,0,2,0,0
80.97,61.6,22.28,16.66,0,0,1,0,2,0,0
94.15,67.9,18.83,19.5,1,0,0,0,0,1,0
87.26,49.76,12.74,27.61,1,0,0,0,0,1,0
90.52,42.24,12.25,28.56,1,0,0,0,3,0,0
85.92,61.18,17.98,20.35,0,1,0,0,1,0,0
78.12,29.53,29.96,12.54,1,0,0,0,1,1,0
97.96,34.65,15.48,23.3,1,0,0,0,2,0,1
89.31,34.24,19.04,19.3,1,0,0,0,2,1,0
91.39,91.16,42.05,9.01,1,0,0,0,0,0,0
93.8,50.26,6.2,47.06,1,0,0,0,1,1,1
79.73,23.51,33.35,11.3,1,0,0,0,2,1,0
95.84,42.25,8.8,37.16,0,0,1,0,2,0,0
83.4,86.77,40.34,9.38,1,0,0,0,3,1,0
84.95,52.56,15.27,23.59,1,0,0,0,2,0,0
85.44,20.9,32.54,11.58,1,0,0,0,0,1,0
91.42,40.97,12.46,28.16,1,0,0,0,3,1,0
82.63,14.73,39.31,9.62,1,0,0,0,0,1,0
90.17,70.74,22.95,16.2,0,1,0,0,3,0,0
89.73,49.59,10.28,32.96,1,0,0,0,0,1,1
88.29,64.48,18.62,19.7,0,1,0,0,2,0,0
82.85,51.7,17.23,21.15,1,0,0,0,1,0,0
87.97,18.48,33.73,11.18,1,0,0,0,1,1,0
95.06,68.08,18.74,19.58,1,0,0,0,1,0,0
90.85,18.17,33.12,11.38,1,0,0,0,1,1,0
98.82,35.93,14.12,25.27,1,0,0,0,2,1,1
98.86,13.23,36.79,10.27,1,0,0,0,1,0,0
89.31,25.05,27.14,13.8,1,0,0,0,1,1,0
90.02,63.78,17.02,21.4,0,0,1,0,0,0,0
89.95,27.55,24.59,15.17,0,0,0,1,3,0,1
91.2,52.63,9.18,35.99,1,0,0,0,0,1,0
86.48,39.94,16.86,21.58,1,0,0,0,1,1,0
93.72,15.61,34.96,10.8,1,0,0,0,0,1,0
96.27,35.52,14.95,24.04,1,0,0,0,0,1,0
92.79,66.0,17.55,20.8,1,0,0,0,0,0,0
93.68,27.11,23.75,15.68,0,1,0,0,2,0,0
84.27,53.9,16.2,22.36,0,1,0,0,2,0,0
93.91,70.4,21.29,17.39,1,0,0,0,2,1,1
85.22,35.64,20.61,17.93,1,0,0,0,0,1,0
90.8,48.81,9.28,35.7,1,0,0,0,1,1,1
96.07,47.95,4.43,56.39,1,0,0,0,3,1,0
84.16,95.0,47.71,7.96,1,0,0,0,0,0,0
92.9,70.74,21.92,16.92,1,0,0,0,0,1,0
94.5,17.3,33.16,11.37,0,1,0,0,1,0,0
86.75,89.47,41.64,9.1,1,0,0,0,0,1,0
97.45,77.66,27.78,13.5,1,0,0,0,2,1,0
87.03,40.75,15.93,22.7,1,0,0,0,1,1,0
96.53,35.51,14.9,24.11,0,0,1,0,4,0,0
79.52,35.01,25.38,14.72,1,0,0,0,2,0,0
85.63,62.66,19.15,19.19,1,0,0,0,1,1,0
96.15,45.23,6.13,47.42,1,0,0,0,2,1,0
86.89,43.82,14.5,24.7,0,1,0,0,2,0,0
84.75,27.3,27.34,13.7,1,0,0,0,0,1,0
81.79,41.41,20.14,18.32,0,0,1,0,2,0,0
94.37,75.05,25.67,14.56,1,0,0,0,2,1,0
86.29,76.1,29.48,12.74,1,0,0,0,0,1,0
87.62,35.84,18.81,19.52,1,0,0,0,1,1,0
94.48,30.49,20.27,18.2,0,1,0,0,4,0,0
84.73,45.52,15.91,22.73,0,1,0,0,1,0,0
87.08,25.6,27.61,13.58,1,0,0,0,1,1,0
97.02,93.74,43.84,8.65,1,0,0,0,0,1,0
70.55,40.98,30.8,12.21,1,0,0,0,0,1,0
89.41,60.74,15.08,23.85,0,1,0,0,2,0,0
96.49,21.13,29.08,12.91,0,1,0,0,0,0,0
94.88,64.59,15.46,23.32,1,0,0,0,1,1,0
72.9,27.81,35.03,10.78,1,0,0,0,0,0,0
85.71,70.41,24.91,14.98,1,0,0,0,0,0,0
81.03,15.49,39.38,9.61,0,0,0,1,0,0,1
80.12,33.68,25.72,14.53,0,1,0,0,0,0,0
86.89,59.18,16.0,22.62,1,0,0,0,3,1,0
92.18,55.88,9.79,34.25,1,0,0,0,4,1,0
85.47,47.65,14.72,24.37,1,0,0,0,0,0,0
91.43,26.86,24.68,15.12,0,1,0,0,2,0,0
97.86,44.93,5.5,50.48,1,0,0,0,2,1,0
88.63,59.89,15.07,23.86,1,0,0,0,0,1,0
84.4,76.99,31.17,12.07,1,0,0,0,0,1,0
90.54,41.86,12.49,28.1,1,0,0,0,0,1,0
92.93,24.09,26.86,13.94,1,0,0,0,1,1,0
97.16,60.91,11.27,30.61,1,0,0,0,3,1,0
96.34,70.19,20.52,18.0,1,0,0,0,2,1,0
91.19,35.57,16.9,21.52,1,0,0,0,2,1,0
90.57,65.45,18.1,20.22,1,0,0,0,4,1,0
84.61,59.89,18.3,20.02,1,0,0,0,2,1,0
85.13,27.36,27.09,13.83,0,0,1,0,0,0,0
90.28,44.94,10.96,31.32,1,0,0,0,4,1,1
74.0,38.39,28.47,13.18,1,0,0,0,2,1,0
97.1,53.89,4.85,53.98,0,0,1,0,3,0,0
97.81,85.44,35.51,10.63,0,0,1,0,2,0,0
83.89,56.38,17.32,21.05,1,0,0,0,1,1,0
82.66,60.69,20.37,18.12,1,0,0,0,2,1,0
94.95,34.2,16.58,21.9,1,0,0,0,4,1,0
85.56,52.02,14.58,24.57,0,1,0,0,3,0,0
91.57,63.8,16.17,22.41,1,0,0,0,1,0,0
77.42,69.88,30.08,12.49,1,0,0,0,1,0,0
78.64,39.26,23.91,15.58,0,0,0,1,0,0,1
84.08,61.73,19.77,18.63,0,0,1,0,2,0,0
84.09,30.69,25.02,14.92,1,0,0,0,0,1,0
71.13,30.44,34.88,10.82,1,0,0,0,0,0,0
84.61,50.72,15.4,23.4,0,0,0,1,0,0,0
88.59,83.21,35.11,10.75,1,0,0,0,1,0,0
89.31,61.08,15.4,23.41,0,0,0,1,2,0,0
86.69,49.32,13.33,26.58,1,0,0,0,3,1,0
85.53,17.41,35.66,10.59,1,0,0,0,0,1,0
97.77,51.28,2.58,68.87,1,0,0,0,0,1,0
95.13,38.74,12.27,28.51,1,0,0,0,0,1,0
93.09,93.17,43.72,8.67,1,0,0,0,0,1,0
75.97,64.12,27.87,13.45,1,0,0,0,0,1,0
94.0,41.46,10.43,32.58,1,0,0,0,1,1,0
93.27,79.72,30.47,12.34,1,0,0,0,0,1,0
84.02,48.52,16.05,22.56,1,0,0,0,0,1,0
88.27,52.78,12.05,28.95,1,0,0,0,3,1,0
91.07,23.74,27.74,13.51,1,0,0,0,2,0,0
97.64,81.12,31.21,12.06,1,0,0,0,0,1,0
72.32,47.93,27.75,13.51,1,0,0,0,4,0,1
93.15,67.76,19.04,19.3,0,1,0,0,1,0,0
93.44,42.53,9.94,33.84,1,0,0,0,4,0,0
94.08,64.67,15.81,22.86,1,0,0,0,1,1,1
90.41,77.64,29.26,12.84,1,0,0,0,2,1,0
84.99,89.65,42.4,8.94,0,1,0,0,3,0,0
82.57,11.25,42.49,8.92,1,0,0,0,1,0,0
86.57,51.98,13.58,26.15,0,1,0,0,0,0,0
90.05,29.84,22.48,16.52,1,0,0,0,4,1,0
88.78,51.06,11.27,30.6,0,1,0,0,2,0,1
94.71,86.76,37.14,10.18,1,0,0,0,0,1,0
92.16,60.55,13.15,26.89,1,0,0,0,5,1,0
82.41,32.38,24.9,14.99,1,0,0,0,0,1,0
94.96,46.71,6.02,47.91,1,0,0,0,2,1,0
78.32,40.87,23.53,15.82,0,0,1,0,0,0,0
80.18,35.15,24.77,15.07,0,1,0,0,1,0,0
87.58,54.76,13.3,26.62,1,0,0,0,1,0,0
93.41,72.48,23.43,15.88,1,0,0,0,4,1,0
91.24,56.07,10.66,32.02,1,0,0,0,2,1,0
94.36,80.85,31.36,12.0,1,0,0,0,0,1,0
88.97,25.4,26.96,13.89,1,0,0,0,3,1,0
90.12,18.53,32.99,11.43,1,0,0,0,1,0,0
94.21,50.36,5.8,48.97,0,0,1,0,3,0,0
87.25,33.32,20.99,17.62,1,0,0,0,0,0,0
93.17,43.85,9.19,35.95,1,0,0,0,2,1,0
97.94,41.64,8.61,37.75,0,0,1,0,1,0,0
85.78,46.86,14.56,24.6,1,0,0,0,4,1,0
92.46,71.48,22.77,16.32,1,0,0,0,2,1,0
71.22,47.43,28.89,12.99,1,0,0,0,0,1,0
82.85,71.84,27.77,13.5,0,1,0,0,1,0,0
82.08,45.68,18.43,19.89,1,0,0,0,0,1,0
92.45,58.63,11.47,30.16,1,0,0,0,1,1,0
88.07,41.95,14.39,24.86,1,0,0,0,1,0,0
84.66,21.44,32.42,11.62,1,0,0,0,1,1,0
97.8,85.11,35.18,10.73,1,0,0,0,0,1,0
71.01,59.09,30.38,12.38,1,0,0,0,1,1,0
80.32,38.98,22.56,16.46,1,0,0,0,0,0,0
86.52,6.86,45.2,8.39,1,0,0,0,0,1,0
87.19,57.92,15.06,23.87,0,0,1,0,1,0,0
85.97,47.33,14.28,25.02,1,0,0,0,0,1,0
82.04,38.73,21.2,17.45,1,0,0,0,3,1,0
94.84,30.43,20.24,18.23,1,0,0,0,0,1,0
93.94,37.58,13.81,25.76,1,0,0,0,2,1,0
85.96,5.0,47.14,8.05,1,0,0,0,0,0,0
89.81,53.53,10.78,31.74,1,0,0,0,2,0,0
98.32,85.39,35.43,10.66,0,0,1,0,1,0,0
85.39,67.8,23.03,16.15,1,0,0,0,1,0,0
93.84,22.56,28.13,13.34,1,0,0,0,1,0,0
92.7,30.98,20.37,18.12,1,0,0,0,0,1,0
88.64,28.45,24.36,15.3,1,0,0,0,0,1,0
91.75,23.72,27.54,13.61,1,0,0,0,0,1,0
92.12,70.73,22.18,16.73,1,0,0,0,0,1,0
91.72,37.83,14.72,24.37,1,0,0,0,2,1,0
92.65,47.71,7.69,40.91,1,0,0,0,3,1,0
98.42,38.81,11.3,30.55,0,0,1,0,0,0,0
75.95,33.08,29.41,12.77,0,1,0,0,0,0,0
89.39,13.21,38.29,9.88,1,0,0,0,0,1,0
86.73,59.44,16.28,22.27,1,0,0,0,0,1,0
98.84,91.56,41.58,9.11,1,0,0,0,0,1,0
83.04,25.53,29.77,12.62,0,0,1,0,1,0,0
97.52,31.62,18.55,19.77,1,0,0,0,4,1,0
86.8,95.0,46.9,8.09,1,0,0,0,0,1,0
80.59,60.05,21.86,16.96,1,0,0,0,2,1,0
93.07,49.59,6.95,43.82,1,0,0,0,3,1,1
84.48,64.58,21.3,17.38,1,0,0,0,3,1,1
86.2,75.7,29.18,12.87,1,0,0,0,0,1,0
90.85,52.18,9.41,35.31,1,0,0,0,1,1,0
97.69,79.76,29.85,12.59,1,0,0,0,2,0,0
86.34,64.64,20.02,18.41,1,0,0,0,1,1,0
86.9,37.8,17.9,20.42,1,0,0,0,3,1,0
90.74,65.18,17.78,20.55,1,0,0,0,2,1,0
92.45,49.91,7.55,41.46,1,0,0,0,3,1,0
95.23,95.0,45.25,8.38,1,0,0,0,1,1,0
93.65,48.85,6.46,45.92,1,0,0,0,2,0,1
91.29,63.22,15.83,22.84,1,0,0,0,1,0,0
88.09,58.16,14.44,24.78,1,0,0,0,2,1,0
96.96,45.5,5.43,50.83,0,1,0,0,0,0,0
74.98,47.47,25.14,14.85,0,0,0,1,2,0,0
92.46,25.69,25.46,14.68,1,0,0,0,0,1,0
85.15,54.04,15.39,23.43,1,0,0,0,1,0,0
74.07,41.62,27.25,13.75,1,0,0,0,0,1,0
93.22,49.01,6.85,44.22,1,0,0,0,2,1,1
88.93,38.37,16.06,22.55,1,0,0,0,2,1,0
81.39,34.06,24.5,15.22,1,0,0,0,1,0,0
90.81,18.42,32.89,11.46,1,0,0,0,0,1,0
82.1,39.19,20.91,17.68,1,0,0,0,4,1,0
93.91,5.0,45.41,8.35,0,0,1,0,0,0,0
91.01,76.16,27.66,13.55,0,0,0,1,2,0,1
85.68,57.01,15.94,22.7,1,0,0,0,2,1,0
83.55,31.92,24.45,15.25,0,0,1,0,1,0,0
82.74,39.09,20.42,18.08,1,0,0,0,0,1,0
87.75,37.77,17.31,21.06,0,0,1,0,0,0,0
81.13,17.08,37.95,9.96,0,1,0,0,0,0,0
77.28,38.29,25.56,14.62,1,0,0,0,0,1,0
94.4,49.61,5.61,49.91,1,0,0,0,1,0,0
86.28,95.0,47.05,8.07,1,0,0,0,0,1,0
93.29,40.53,11.61,29.87,1,0,0,0,0,1,0
91.51,59.48,12.73,27.65,0,1,0,0,3,0,0
87.88,44.28,13.4,26.45,0,1,0,0,3,0,0
95.18,21.12,29.28,12.83,1,0,0,0,0,1,0
90.23,52.34,10.05,33.56,1,0,0,0,2,0,0
93.15,44.15,9.01,36.51,1,0,0,0,1,0,0
87.92,21.57,30.89,12.18,1,0,0,0,1,1,0
90.38,33.14,19.41,18.95,1,0,0,0,4,1,0
94.02,51.39,6.14,47.36,1,0,0,0,1,0,0
87.24,14.09,38.1,9.92,1,0,0,0,0,1,0
87.51,48.29,12.6,27.88,0,0,1,0,2,0,0
91.32,47.19,9.13,36.14,0,1,0,0,1,0,0
90.33,14.98,36.33,10.4,1,0,0,0,1,1,0
91.69,49.77,8.31,38.74,1,0,0,0,2,0,1
92.2,20.24,30.76,12.23,0,1,0,0,0,0,0
78.69,34.17,26.55,14.1,1,0,0,0,2,1,0
87.79,51.13,12.26,28.54,1,0,0,0,1,1,0
97.27,42.01,8.44,38.29,1,0,0,0,2,0,0
83.99,41.56,18.09,20.23,1,0,0,0,1,1,0
95.4,53.65,5.87,48.65,0,0,1,0,0,0,0
91.43,5.0,45.81,8.28,1,0,0,0,0,1,0
84.66,71.34,26.28,14.23,1,0,0,0,2,0,0
82.41,63.51,22.18,16.73,0,0,1,0,3,0,0
83.67,56.34,17.51,20.84,1,0,0,0,0,1,0
98.69,52.15,2.52,69.3,0,1,0,0,5,0,0
94.38,61.04,12.39,28.28,1,0,0,0,3,1,0
86.65,36.3,19.13,19.22,0,0,0,1,0,0,1
80.65,36.84,23.4,15.9,0,0,1,0,0,0,0
97.07,54.19,5.11,52.52,1,0,0,0,1,1,0
79.82,49.69,20.19,18.28,0,1,0,0,0,0,0
91.22,91.55,42.47,8.92,1,0,0,0,0,0,0
88.67,55.76,12.71,27.68,1,0,0,0,2,0,0
88.92,52.06,11.27,30.61,1,0,0,0,1,1,1
82.17,9.83,43.95,8.63,1,0,0,0,0,0,0
99.36,41.88,8.15,39.29,1,0,0,0,1,1,0
95.99,65.41,15.93,22.71,1,0,0,0,2,0,0
85.37,48.18,14.74,24.34,0,1,0,0,0,0,0
88.87,76.49,28.73,13.06,1,0,0,0,0,1,1
92.28,59.83,12.5,28.08,1,0,0,0,4,1,0
92.83,51.71,7.37,42.14,1,0,0,0,2,1,0
89.94,33.33,19.47,18.9,1,0,0,0,0,1,0
89.35,39.43,15.01,23.95,1,0,0,0,2,1,0
89.88,31.33,21.24,17.43,1,0,0,0,0,1,0
82.09,51.86,18.0,20.32,1,0,0,0,0,1,0
91.23,37.49,15.27,23.58,1,0,0,0,2,1,0
89.66,87.76,39.15,9.66,1,0,0,0,1,1,0
87.91,70.28,23.61,15.77,1,0,0,0,1,1,0
89.9,76.28,28.15,13.32,1,0,0,0,0,0,0
84.61,42.79,16.99,21.42,1,0,0,0,0,1,0
93.81,51.21,6.31,46.59,0,1,0,0,2,0,0
85.87,53.69,14.6,24.54,1,0,0,0,2,1,0
86.64,46.28,13.87,25.67,1,0,0,0,3,1,0
95.37,88.57,38.84,9.74,1,0,0,0,1,1,0
97.13,46.32,4.67,55.01,1,0,0,0,4,1,0
76.59,59.45,25.25,14.79,1,0,0,0,0,1,0
89.46,57.74,13.07,27.02,1,0,0,0,1,1,0
88.5,43.68,13.12,26.93,0,0,1,0,3,0,0
95.59,68.95,19.46,18.91,1,0,0,0,2,0,0
92.47,73.69,24.86,15.01,1,0,0,0,4,1,0
96.91,19.96,30.2,12.45,1,0,0,0,0,1,0
80.8,66.03,25.01,14.92,0,1,0,0,1,0,0
96.85,27.39,22.83,16.28,1,0,0,0,0,1,0
77.64,53.6,22.65,16.4,1,0,0,0,0,1,0
80.0,61.57,23.1,16.1,1,0,0,0,1,0,0
72.28,23.38,38.43,9.84,1,0,0,0,0,0,0
87.07,31.34,22.7,16.36,1,0,0,0,0,0,0
86.15,61.02,17.69,20.64,1,0,0,0,0,0,0
87.51,55.92,13.83,25.74,1,0,0,0,1,1,0
94.17,56.26,8.55,37.93,1,0,0,0,2,1,0
93.11,55.2,8.63,37.67,0,1,0,0,2,0,0
75.24,71.81,33.0,11.42,1,0,0,0,0,0,0
78.04,32.7,27.95,13.41,0,0,1,0,0,0,0
87.26,82.08,34.52,10.93,0,1,0,0,1,0,0
85.65,71.17,25.57,14.61,0,0,1,0,1,0,0
95.02,60.06,11.23,30.7,1,0,0,0,2,1,0
96.79,43.27,7.46,41.8,1,0,0,0,1,0,0
93.79,47.37,6.74,44.69,1,0,0,0,3,1,0
97.24,21.17,28.96,12.96,0,0,1,0,1,0,0
96.46,58.2,8.93,36.74,1,0,0,0,1,0,0
85.87,95.0,47.17,8.04,0,0,1,0,3,0,0
79.37,46.73,20.89,17.7,1,0,0,0,1,1,0
91.65,43.24,10.74,31.83,0,0,1,0,2,0,0
93.9,48.2,6.36,46.34,0,0,1,0,2,0,0
86.67,88.55,40.79,9.28,0,0,1,0,2,0,0
96.07,87.35,37.56,10.07,0,1,0,0,3,0,0
97.47,44.74,5.84,48.79,1,0,0,0,3,1,0
94.27,48.99,5.82,48.89,1,0,0,0,2,0,0
95.9,79.95,30.23,12.44,0,1,0,0,0,0,0
95.32,46.67,5.74,49.26,1,0,0,0,1,0,1
88.97,70.51,23.29,15.97,1,0,0,0,0,1,0
83.47,64.72,22.14,16.76,1,0,0,0,2,0,0
89.34,34.86,18.51,19.8,0,1,0,0,0,0,0
91.4,33.43,18.66,19.66,1,0,0,0,4,1,0
85.47,44.38,15.58,23.16,1,0,0,0,0,1,1
70.0,51.31,30.03,12.52,1,0,0,0,3,1,0
81.54,89.0,43.15,8.78,0,1,0,0,2,0,0
96.58,31.88,18.44,19.88,1,0,0,0,1,1,0
93.3,37.8,13.92,25.59,1,0,0,0,0,1,0
86.5,56.63,15.04,23.9,1,0,0,0,5,1,0
79.68,64.44,24.93,14.97,1,0,0,0,1,1,0
91.84,21.71,29.45,12.76,1,0,0,0,0,1,0
86.88,56.79,14.77,24.29,1,0,0,0,0,1,0
93.2,23.76,27.11,13.82,1,0,0,0,3,1,0
91.41,57.82,11.61,29.86,1,0,0,0,1,0,0
96.35,65.69,16.11,22.48,1,0,0,0,1,1,0
87.83,48.94,12.22,28.62,1,0,0,0,2,1,0
97.85,46.47,4.13,58.23,1,0,0,0,3,0,0
90.04,74.81,26.74,14.0,0,1,0,0,0,0,0
98.19,89.71,39.75,9.52,1,0,0,0,3,1,0
80.18,27.03,30.34,12.39,0,0,1,0,0,0,0
81.1,51.04,18.93,19.4,1,0,0,0,0,1,0
78.26,44.64,22.39,16.58,0,1,0,0,1,0,0
91.87,43.65,10.32,32.86,0,0,1,0,3,0,0
85.61,31.71,23.27,15.99,1,0,0,0,1,1,0
69.81,33.42,34.45,10.95,1,0,0,0,0,1,0
96.81,62.35,12.75,27.6,1,0,0,0,1,1,0
85.16,18.93,34.43,10.96,0,0,1,0,0,0,0
79.2,20.31,36.25,10.42,1,0,0,0,0,0,0
78.66,47.05,21.55,17.19,1,0,0,0,0,0,0
85.19,58.29,16.97,21.45,0,0,0,1,1,0,1
69.99,42.92,30.83,12.2,0,0,0,1,0,0,1
93.43,42.79,9.76,34.34,1,0,0,0,1,1,0
86.28,37.81,18.36,19.96,1,0,0,0,1,1,1
87.54,63.55,18.41,19.91,0,1,0,0,2,0,0
87.76,41.44,14.94,24.05,1,0,0,0,0,1,0
78.89,26.57,31.53,11.94,1,0,0,0,2,1,0
81.81,95.0,48.54,7.82,0,1,0,0,0,0,0
96.83,33.43,16.87,21.56,1,0,0,0,4,1,0
90.3,38.27,15.22,23.65,1,0,0,0,2,1,1
87.27,34.1,20.36,18.13,0,1,0,0,4,0,0
90.85,75.62,27.2,13.77,0,1,0,0,3,0,0
82.31,56.93,19.0,19.33,1,0,0,0,2,1,0
96.34,17.8,32.4,11.63,1,0,0,0,1,1,0
95.15,38.61,12.38,28.31,0,0,1,0,2,0,0
79.91,31.81,27.1,13.82,1,0,0,0,2,1,0
73.71,8.07,49.49,7.67,1,0,0,0,0,1,0
87.38,57.8,14.83,24.2,1,0,0,0,0,1,1
85.72,21.12,32.22,11.69,1,0,0,0,1,0,0
86.41,31.29,23.12,16.08,1,0,0,0,0,1,0
93.14,66.09,17.5,20.86,1,0,0,0,3,1,0
88.1,51.69,12.02,29.01,0,0,1,0,1,0,0
92.49,33.52,18.11,20.21,1,0,0,0,0,1,0
89.1,76.55,28.7,13.08,1,0,0,0,0,1,0
86.08,49.04,13.95,25.54,1,0,0,0,0,1,0
91.77,43.09,10.75,31.81,1,0,0,0,3,1,0
89.07,54.14,11.68,29.71,1,0,0,0,3,1,0
79.19,43.1,21.93,16.91,1,0,0,0,0,0,0
86.31,61.62,17.96,20.37,0,0,1,0,0,0,0
95.06,35.4,15.42,23.38,1,0,0,0,1,1,0
83.32,36.39,21.53,17.2,1,0,0,0,2,0,0
97.28,39.07,11.26,30.62,1,0,0,0,1,0,0
88.9,53.68,11.7,29.68,1,0,0,0,1,1,0
80.46,39.12,22.36,16.6,1,0,0,0,0,1,0
87.56,8.21,43.6,8.69,1,0,0,0,0,1,1
81.28,95.0,48.74,7.79,1,0,0,0,2,1,0
87.42,61.93,17.33,21.04,0,1,0,0,0,0,0
80.8,43.34,20.32,18.16,1,0,0,0,4,0,0
85.5,28.94,25.57,14.61,1,0,0,0,2,1,0
94.22,36.14,15.02,23.94,1,0,0,0,1,1,0
89.63,7.04,44.2,8.58,1,0,0,0,0,0,0
93.66,45.07,8.03,39.71,0,1,0,0,0,0,0
79.66,77.69,34.36,10.98,1,0,0,0,0,1,0
89.18,36.83,17.05,21.36,1,0,0,0,2,1,0
95.35,68.79,19.36,19.01,0,0,0,1,1,0,1
94.5,54.78,7.29,42.45,1,0,0,0,1,1,0
83.24,23.68,31.2,12.06,1,0,0,0,1,0,0
93.07,34.47,17.01,21.41,1,0,0,0,1,1,0
77.42,77.2,35.35,10.68,1,0,0,0,0,1,0
85.89,15.19,37.56,10.06,1,0,0,0,0,1,0
84.3,68.3,24.11,15.45,1,0,0,0,2,1,0
87.26,46.23,13.29,26.64,0,0,0,1,2,0,0
85.95,49.29,14.07,25.36,1,0,0,0,1,1,0
91.31,75.45,26.89,13.92,1,0,0,0,0,1,0
86.72,75.88,29.09,12.91,1,0,0,0,0,1,0
87.56,43.25,14.15,25.23,0,0,0,1,2,0,0
85.29,53.27,15.07,23.86,1,0,0,0,4,1,0
94.01,50.86,6.05,47.77,1,0,0,0,0,1,0
92.89,49.51,7.13,43.08,1,0,0,0,1,1,0
89.42,48.29,10.72,31.89,0,0,1,0,1,0,0
79.87,56.76,21.24,17.43,1,0,0,0,2,0,0
89.46,93.61,44.87,8.45,1,0,0,0,0,1,0
93.33,54.1,7.83,40.4,0,0,1,0,2,0,0
89.66,53.45,10.9,31.44,1,0,0,0,0,1,0
91.0,62.25,15.2,23.68,1,0,0,0,0,1,0
92.2,50.72,7.84,40.39,1,0,0,0,1,0,0
80.07,34.75,25.09,14.88,1,0,0,0,2,1,0
84.1,47.86,16.05,22.56,1,0,0,0,0,1,0
87.02,37.84,17.79,20.54,0,1,0,0,2,0,0
90.74,55.72,10.89,31.48,0,0,1,0,3,0,0
83.32,29.17,26.69,14.02,0,1,0,0,0,0,1
92.6,72.26,23.46,15.86,0,0,0,1,1,0,1
93.58,29.2,21.77,17.03,0,0,0,1,1,0,1
92.3,57.98,11.09,31.02,1,0,0,0,0,1,0
89.52,80.71,32.45,11.61,0,0,0,1,0,0,0
98.52,46.42,3.87,59.84,1,0,0,0,3,1,0
97.51,86.9,36.98,10.22,0,1,0,0,0,0,0
94.64,30.35,20.37,18.12,1,0,0,0,4,1,0
95.55,88.58,38.84,9.74,0,0,1,0,0,0,0
94.19,75.25,25.91,14.43,1,0,0,0,1,1,0
92.25,6.98,43.71,8.67,0,0,0,1,0,0,1
74.79,63.43,28.57,13.14,1,0,0,0,0,1,0
82.89,48.07,17.21,21.17,1,0,0,0,3,1,0
86.62,63.56,19.05,19.29,1,0,0,0,3,1,0
93.34,53.48,7.51,41.59,1,0,0,0,4,1,0
81.23,34.12,24.59,15.17,1,0,0,0,0,1,0
95.41,56.22,7.73,40.79,1,0,0,0,3,0,0
95.53,48.48,4.72,54.71,1,0,0,0,2,0,0
93.44,46.02,7.67,41.0,1,0,0,0,1,1,0
76.29,91.53,47.82,7.94,0,1,0,0,0,0,0
90.51,47.84,9.73,34.42,1,0,0,0,1,1,0
86.1,23.8,29.66,12.67,1,0,0,0,2,0,0
95.38,59.15,10.25,33.03,0,1,0,0,1,0,0
87.68,56.42,13.89,25.64,0,0,1,0,1,0,0
95.59,42.32,8.86,36.96,1,0,0,0,2,1,0
85.59,78.33,31.78,11.85,0,0,1,0,1,0,0
88.12,67.4,21.07,17.56,1,0,0,0,1,1,0
93.35,33.49,17.8,20.53,1,0,0,0,3,1,0
83.6,88.11,41.49,9.13,1,0,0,0,1,0,0
92.06,66.04,17.9,20.43,1,0,0,0,0,1,0
87.41,47.12,12.92,27.3,0,0,0,1,2,0,0
83.1,77.77,32.51,11.59,0,1,0,0,0,0,0
93.66,43.33,9.2,35.94,1,0,0,0,2,1,1
87.35,45.2,13.54,26.22,0,0,1,0,1,0,0
87.39,43.88,14.02,25.43,1,0,0,0,1,1,0
95.23,10.93,39.36,9.61,1,0,0,0,2,1,0
97.99,24.92,25.16,14.84,1,0,0,0,0,1,0
96.91,60.16,10.62,32.12,1,0,0,0,2,1,0
91.78,55.12,9.68,34.55,1,0,0,0,3,0,0
87.41,69.21,22.97,16.19,1,0,0,0,1,0,0
91.55,36.51,15.92,22.73,1,0,0,0,3,1,0
94.33,14.91,35.55,10.62,1,0,0,0,1,1,0
88.91,56.94,13.08,27.0,0,0,1,0,1,0,0
95.24,59.61,10.72,31.87,0,0,1,0,4,0,0
91.56,32.04,19.85,18.57,1,0,0,0,3,0,0
75.16,56.99,25.81,14.48,1,0,0,0,0,0,0
83.85,30.26,25.51,14.65,1,0,0,0,2,0,0
76.49,6.97,49.04,7.74,1,0,0,0,0,1,0
98.16,57.81,8.02,39.73,0,0,1,0,2,0,0
94.78,79.3,29.76,12.63,1,0,0,0,2,1,0
91.12,23.57,27.88,13.45,1,0,0,0,1,1,0
82.77,38.14,20.92,17.68,0,1,0,0,0,0,0
85.02,36.95,19.87,18.54,1,0,0,0,2,1,0
97.61,30.49,19.65,18.74,0,0,1,0,0,0,0
89.92,66.78,19.58,18.8,1,0,0,0,1,0,0
83.24,40.99,19.03,19.31,1,0,0,0,0,1,0
90.96,47.34,9.43,35.27,1,0,0,0,3,1,0
81.51,37.49,22.32,16.63,0,0,0,1,1,0,0
89.0,51.17,11.06,31.09,1,0,0,0,3,1,1
96.45,56.93,7.79,40.57,0,1,0,0,2,0,0
92.38,47.53,8.01,39.78,1,0,0,0,4,0,0
81.5,75.81,31.76,11.86,1,0,0,0,0,0,0
84.3,43.42,17.02,21.39,1,0,0,0,0,0,0
85.14,58.54,17.14,21.25,1,0,0,0,0,1,0
94.5,40.63,10.86,31.54,0,1,0,0,1,0,0
81.3,24.77,31.41,11.98,0,1,0,0,1,0,0
85.06,55.57,15.94,22.69,0,1,0,0,0,0,1
89.88,90.98,42.21,8.97,1,0,0,0,0,0,0
90.05,39.42,14.52,24.65,0,1,0,0,1,0,0
99.02,30.32,19.71,18.69,0,0,0,1,3,0,1
86.48,45.31,14.32,24.97,1,0,0,0,1,0,0
82.45,66.38,24.01,15.52,1,0,0,0,0,1,0
93.66,9.07,41.42,9.14,1,0,0,0,0,0,0
92.8,41.03,11.5,30.1,0,1,0,0,0,0,0
88.77,40.0,15.04,23.91,1,0,0,0,3,1,0
97.02,38.85,11.54,30.01,1,0,0,0,0,1,0
72.11,33.52,32.39,11.63,1,0,0,0,4,0,0
89.71,55.69,11.76,29.56,0,1,0,0,2,0,0
85.64,26.23,27.77,13.5,0,1,0,0,2,0,0
88.9,48.8,11.16,30.84,0,0,1,0,2,0,0
90.84,56.41,11.18,30.81,1,0,0,0,4,0,0
95.21,30.68,19.91,18.51,0,1,0,0,2,0,0
90.22,21.74,29.9,12.57,0,1,0,0,0,0,0
93.54,48.98,6.54,45.55,0,1,0,0,2,0,0
97.88,59.99,10.22,33.13,1,0,0,0,1,1,0
89.15,48.43,10.96,31.31,0,0,1,0,2,0,0
88.46,63.81,17.99,20.33,1,0,0,0,1,0,0
88.25,56.91,13.63,26.06,1,0,0,0,3,1,0
95.29,31.92,18.69,19.63,1,0,0,0,0,1,0
85.9,8.53,43.8,8.65,0,1,0,0,1,0,0
89.36,55.36,11.91,29.23,1,0,0,0,0,1,0
89.91,38.4,15.38,23.44,1,0,0,0,0,0,0
71.49,46.78,28.69,13.08,1,0,0,0,0,1,0
87.38,76.62,29.46,12.75,0,0,0,1,2,0,0
94.0,61.16,12.67,27.75,1,0,0,0,2,1,0
91.16,42.35,11.69,29.7,1,0,0,0,2,1,0
89.27,35.18,18.3,20.02,1,0,0,0,0,0,0
95.61,77.82,28.17,13.32,1,0,0,0,1,1,0
91.46,42.79,11.18,30.81,1,0,0,0,2,0,0
88.74,89.1,40.69,9.31,1,0,0,0,0,1,0
92.21,49.81,7.8,40.54,1,0,0,0,4,1,0
88.39,44.42,12.88,27.37,0,0,0,1,0,0,1
79.22,46.01,21.16,17.48,1,0,0,0,1,1,0
81.37,18.3,36.77,10.28,0,1,0,0,1,0,0
95.8,63.21,13.86,25.68,1,0,0,0,4,1,0
86.93,65.29,20.11,18.34,1,0,0,0,2,0,0
77.69,7.49,48.01,7.91,0,0,1,0,0,0,0
85.05,56.55,16.33,22.21,1,0,0,0,2,1,0
98.67,52.82,3.12,64.92,0,1,0,0,1,0,1
88.91,40.63,14.52,24.67,1,0,0,0,3,0,0
82.58,75.5,30.88,12.18,0,0,1,0,2,0,0
91.36,18.57,32.6,11.56,0,1,0,0,1,0,0
90.0,76.99,28.78,13.04,1,0,0,0,0,1,0
85.12,44.92,15.73,22.97,1,0,0,0,2,1,0
77.5,83.57,40.42,9.37,0,1,0,0,3,0,0
87.58,26.77,26.34,14.2,1,0,0,0,2,0,0
85.7,39.67,17.64,20.7,0,0,1,0,0,0,0
87.04,41.34,15.59,23.15,0,1,0,0,2,0,0
84.12,39.54,19.02,19.32,1,0,0,0,0,1,0
87.91,37.76,17.21,21.18,1,0,0,0,0,0,0
95.66,81.83,32.12,11.73,0,1,0,0,1,0,0
99.11,35.8,14.23,25.11,1,0,0,0,2,1,0
94.97,53.75,6.27,46.76,1,0,0,0,3,1,0
89.49,72.77,25.08,14.88,1,0,0,0,0,1,0
90.69,49.78,9.32,35.59,0,0,1,0,4,0,0
75.19,42.1,26.04,14.36,0,0,1,0,0,0,0
83.81,37.48,20.47,18.04,1,0,0,0,1,1,0
90.31,45.17,10.82,31.63,1,0,0,0,2,0,0
92.77,66.56,18.07,20.25,1,0,0,0,0,1,0
80.19,34.83,24.95,14.96,1,0,0,0,2,1,0
98.6,37.78,12.3,28.47,1,0,0,0,0,0,0
96.15,56.26,7.35,42.22,1,0,0,0,0,0,0
96.45,84.97,35.15,10.74,0,0,0,1,0,0,0
79.42,37.75,23.95,15.56,0,1,0,0,1,0,0
92.49,89.11,39.83,9.5,1,0,0,0,0,0,0
96.88,35.01,15.31,23.53,1,0,0,0,1,1,0
87.02,59.72,16.22,22.35,1,0,0,0,0,1,0
93.42,39.1,12.73,27.63,1,0,0,0,1,0,1
87.63,32.94,21.07,17.55,0,0,1,0,0,0,0
89.2,37.48,16.54,21.96,1,0,0,0,0,1,0
85.5,51.11,14.55,24.62,1,0,0,0,1,1,0
79.73,61.89,23.5,15.84,1,0,0,0,0,1,0
78.88,65.0,25.9,14.43,1,0,0,0,1,1,0
90.91,83.08,34.31,11.0,1,0,0,0,3,1,0
97.98,60.31,10.51,32.39,1,0,0,0,3,1,0
98.02,10.07,39.98,9.47,1,0,0,0,2,1,0
89.52,18.53,33.17,11.37,1,0,0,0,1,1,0
90.45,55.59,11.07,31.06,0,1,0,0,1,0,0
91.1,51.93,9.1,36.22,0,0,0,1,4,0,0
94.47,46.7,6.44,45.99,1,0,0,0,4,1,0
97.07,32.25,17.99,20.34,1,0,0,0,3,1,0
95.05,68.38,19.04,19.3,1,0,0,0,0,1,0
91.84,61.09,13.77,25.84,1,0,0,0,3,1,0
85.12,5.0,47.4,8.01,1,0,0,0,0,1,0
88.31,47.14,12.03,28.99,1,0,0,0,3,1,0
82.85,63.05,21.55,17.19,1,0,0,0,3,1,0
96.43,27.96,22.32,16.63,0,1,0,0,2,0,0
92.99,57.26,10.09,33.46,1,0,0,0,2,0,1
94.2,56.89,9.0,36.52,1,0,0,0,0,1,0
97.13,89.62,39.72,9.53,0,1,0,0,0,0,0
94.71,5.0,45.31,8.37,1,0,0,0,1,0,0
69.72,77.25,40.74,9.29,1,0,0,0,0,1,0
89.84,62.53,16.13,22.45,1,0,0,0,0,1,0
73.36,23.67,37.45,10.09,1,0,0,0,0,0,1
88.76,39.17,15.61,23.12,1,0,0,0,0,1,0
91.97,84.58,35.5,10.64,1,0,0,0,0,1,0
79.91,26.96,30.57,12.3,1,0,0,0,2,1,0
85.11,78.82,32.44,11.61,1,0,0,0,0,1,0
89.56,64.81,18.13,20.19,1,0,0,0,0,1,0
78.2,49.82,21.8,17.0,0,1,0,0,3,0,0
95.46,73.16,23.6,15.78,1,0,0,0,2,1,0
89.14,43.11,12.86,27.39,1,0,0,0,0,1,0
86.61,60.12,16.79,21.66,0,1,0,0,1,0,0
85.82,49.84,14.19,25.17,1,0,0,0,0,1,0
96.15,52.66,4.68,54.94,0,1,0,0,3,0,0
74.3,74.73,35.66,10.59,1,0,0,0,2,1,0
87.89,22.24,30.29,12.41,1,0,0,0,0,1,0
87.51,50.51,12.5,28.07,0,0,1,0,3,0,0
80.78,44.14,20.09,18.36,1,0,0,0,0,0,0
72.32,47.32,27.81,13.48,1,0,0,0,0,1,0
93.36,64.96,16.37,22.16,1,0,0,0,1,1,0
86.03,52.3,14.15,25.22,1,0,0,0,1,0,0
90.12,70.38,22.65,16.4,0,1,0,0,2,0,0
91.14,77.5,28.89,12.99,1,0,0,0,1,0,0
84.85,38.52,19.01,19.33,1,0,0,0,2,1,1
96.15,73.52,23.83,15.63,0,1,0,0,0,0,0
85.51,23.81,29.93,12.56,0,0,0,1,0,0,1
86.43,60.43,17.12,21.28,1,0,0,0,3,1,0
93.25,79.59,30.35,12.39,0,0,1,0,0,0,0
81.12,58.51,20.71,17.85,1,0,0,0,2,1,0
95.85,24.99,25.35,14.73,1,0,0,0,3,0,0
78.47,52.96,21.74,17.05,1,0,0,0,4,1,0
86.06,39.3,17.57,20.78,1,0,0,0,2,0,0
92.03,71.13,22.58,16.45,1,0,0,0,2,1,0
96.52,43.36,7.49,41.66,0,1,0,0,1,0,1
88.4,37.26,17.23,21.15,0,1,0,0,1,0,0
80.62,54.51,19.9,18.52,1,0,0,0,2,1,0
88.76,24.01,28.31,13.25,1,0,0,0,0,0,0
89.74,17.71,33.88,11.13,0,0,0,1,0,0,0
90.05,55.44,11.34,30.44,1,0,0,0,0,1,1
89.86,28.62,23.67,15.73,1,0,0,0,0,1,0
76.37,75.69,34.9,10.81,1,0,0,0,1,1,1
90.46,72.2,24.16,15.43,1,0,0,0,1,1,0
77.05,60.18,25.11,14.87,1,0,0,0,0,1,0
95.81,20.66,29.64,12.68,1,0,0,0,2,0,0
74.0,47.12,26.16,14.3,0,0,0,1,0,0,1
89.27,23.25,28.82,13.02,1,0,0,0,1,1,0
86.37,42.68,15.48,23.3,0,0,0,1,0,0,0
92.44,23.55,27.51,13.62,1,0,0,0,1,0,0
93.73,68.21,19.26,19.09,1,0,0,0,3,1,0
85.25,62.32,19.22,19.13,0,1,0,0,2,0,0
91.45,34.51,17.69,20.65,1,0,0,0,3,1,0
95.68,44.15,7.27,42.53,1,0,0,0,5,1,1
87.32,55.29,13.74,25.89,1,0,0,0,5,0,0
87.16,22.46,30.39,12.37,1,0,0,0,1,0,0
84.13,36.49,20.84,17.74,1,0,0,0,4,1,0
90.4,59.2,13.29,26.63,0,1,0,0,0,0,0
87.14,53.76,13.4,26.45,1,0,0,0,0,0,0
91.99,44.25,9.86,34.06,1,0,0,0,2,1,0
93.72,36.88,14.55,24.62,0,0,0,1,4,0,1
77.46,74.93,33.6,11.22,1,0,0,0,4,1,0
97.32,22.28,27.84,13.46,1,0,0,0,0,1,0
90.34,77.85,29.48,12.74,1,0,0,0,2,0,0
95.8,20.37,29.93,12.56,1,0,0,0,0,1,0
81.88,37.93,21.77,17.03,0,0,0,1,1,0,1
98.57,30.87,19.18,19.16,1,0,0,0,2,1,0
84.99,13.72,39.26,9.64,1,0,0,0,0,1,0
89.7,59.28,13.86,25.68,1,0,0,0,2,0,0
84.19,45.34,16.48,22.03,0,0,1,0,4,0,0
98.28,68.37,18.45,19.87,1,0,0,0,1,0,0
88.41,73.63,26.32,14.22,1,0,0,0,0,1,0
97.71,40.48,9.8,34.24,1,0,0,0,2,0,0
92.47,85.01,35.81,10.55,0,0,0,1,4,0,0
86.51,33.89,21.02,17.6,1,0,0,0,0,0,0
97.84,34.63,15.52,23.24,1,0,0,0,2,1,0
93.95,47.57,6.52,45.63,1,0,0,0,4,1,0
87.74,47.66,12.48,28.1,0,0,1,0,0,0,0
94.15,41.49,10.33,32.84,1,0,0,0,6,1,0
80.79,87.1,41.78,9.07,0,0,1,0,0,0,0
93.21,46.08,7.84,40.37,1,0,0,0,3,1,1
93.85,55.77,8.43,38.32,1,0,0,0,1,0,0
90.43,85.29,36.56,10.33,1,0,0,0,1,1,0
86.58,67.68,22.2,16.71,1,0,0,0,1,1,0
92.31,21.45,29.57,12.71,1,0,0,0,3,1,0
93.93,64.26,15.5,23.27,0,0,1,0,0,0,0
97.79,23.94,26.15,14.3,0,0,1,0,0,0,0
77.38,50.62,22.63,16.41,1,0,0,0,1,0,0
97.28,35.12,15.13,23.78,1,0,0,0,5,1,0
90.87,49.8,9.14,36.12,1,0,0,0,2,1,0
89.8,64.61,17.82,20.51,1,0,0,0,1,0,0
82.43,49.81,17.57,20.77,1,0,0,0,2,1,0
80.8,52.81,19.41,18.96,1,0,0,0,1,0,0
78.61,76.55,34.09,11.06,1,0,0,0,0,0,0
80.18,36.27,24.11,15.46,1,0,0,0,0,0,0
87.7,9.25,42.56,8.9,1,0,0,0,2,1,0
96.39,82.02,32.23,11.69,1,0,0,0,0,1,0
86.13,57.9,15.96,22.67,1,0,0,0,1,0,0
99.55,67.61,17.62,20.73,1,0,0,0,3,1,0
96.11,37.18,13.4,26.46,1,0,0,0,3,0,0
93.61,5.0,45.45,8.34,1,0,0,0,0,0,0
78.75,82.79,39.07,9.68,1,0,0,0,0,0,0
92.78,48.86,7.31,42.35,1,0,0,0,3,1,0
88.64,54.4,12.19,28.68,0,1,0,0,2,0,0
89.22,47.6,11.04,31.12,0,1,0,0,4,0,0
86.23,52.53,14.0,25.47,0,1,0,0,1,0,0
70.86,74.36,37.98,9.95,1,0,0,0,2,1,0
96.11,39.58,11.12,30.93,1,0,0,0,1,1,0
91.94,24.02,27.2,13.77,1,0,0,0,0,1,0
89.61,42.84,12.62,27.85,1,0,0,0,2,1,0
90.74,27.78,24.08,15.48,1,0,0,0,0,1,0
94.91,54.4,6.73,44.72,0,1,0,0,5,0,0
91.3,34.02,18.19,20.13,0,0,0,1,3,0,0
94.82,55.99,7.92,40.1,0,0,0,1,2,0,1
97.63,47.27,3.61,61.53,1,0,0,0,2,1,0
86.0,48.62,14.06,25.36,0,1,0,0,1,0,0
91.92,31.86,19.86,18.56,0,1,0,0,2,0,0
96.41,29.09,21.22,17.44,1,0,0,0,2,1,0
73.7,42.5,27.35,13.7,1,0,0,0,1,1,0
86.9,33.12,21.37,17.33,1,0,0,0,1,0,0
89.51,44.38,11.9,29.26,0,0,0,1,0,0,1
81.67,20.63,34.62,10.9,1,0,0,0,1,1,0
93.45,26.19,24.69,15.11,1,0,0,0,1,0,0
94.75,49.51,5.28,51.64,1,0,0,0,3,1,0
86.67,42.99,15.06,23.88,1,0,0,0,2,1,0
86.95,18.12,34.45,10.95,1,0,0,0,1,1,0
93.01,14.01,36.67,10.3,1,0,0,0,1,1,0
81.42,83.58,38.38,9.85,1,0,0,0,0,0,0
93.01,63.99,15.64,23.09,0,0,1,0,1,0,0
85.69,55.72,15.41,23.39,1,0,0,0,1,1,0
96.09,48.55,4.17,57.99,1,0,0,0,1,0,0
84.36,49.2,15.66,23.06,1,0,0,0,0,1,0
89.97,15.15,36.26,10.42,0,1,0,0,0,0,0
93.82,17.95,32.64,11.54,1,0,0,0,0,1,0
86.68,22.41,30.64,12.27,1,0,0,0,1,1,0
91.73,53.55,9.0,36.53,1,0,0,0,2,1,0
96.35,52.97,4.7,54.79,0,1,0,0,0,0,0
88.73,48.07,11.43,30.25,1,0,0,0,3,0,0
81.25,48.89,18.78,19.54,1,0,0,0,2,1,0
95.36,93.39,43.64,8.69,0,0,0,1,1,0,1
83.3,44.09,17.72,20.62,1,0,0,0,0,0,0
90.75,20.67,30.75,12.23,0,0,1,0,2,0,0
73.87,84.49,43.28,8.76,0,1,0,0,0,0,0
92.04,66.78,18.57,19.75,1,0,0,0,1,1,0
91.54,44.96,9.85,34.09,0,0,1,0,1,0,0
93.15,68.66,19.88,18.54,1,0,0,0,2,1,0
92.66,36.27,15.57,23.18,1,0,0,0,0,1,1
92.85,66.54,18.02,20.3,1,0,0,0,2,0,0
92.43,35.96,15.95,22.68,1,0,0,0,3,1,1
86.15,11.53,40.88,9.26,1,0,0,0,0,0,0
78.94,68.6,28.1,13.35,1,0,0,0,0,1,0
98.15,39.86,10.3,32.9,1,0,0,0,1,1,0
89.41,58.38,13.5,26.28,1,0,0,0,1,1,0
78.21,55.01,22.36,16.61,0,1,0,0,0,0,0
89.22,24.73,27.47,13.64,1,0,0,0,1,1,0
93.38,37.14,14.46,24.75,1,0,0,0,1,0,0
92.73,67.44,18.89,19.44,0,0,1,0,2,0,0
93.84,74.21,24.98,14.94,1,0,0,0,2,0,1
89.96,72.74,24.86,15.01,1,0,0,0,3,1,0
87.06,63.23,18.5,19.81,1,0,0,0,2,1,0
87.7,58.6,15.01,23.95,0,0,1,0,1,0,0
89.46,69.86,22.48,16.52,1,0,0,0,0,1,0
83.22,84.99,38.81,9.75,0,0,1,0,2,0,0
90.57,69.28,21.46,17.26,1,0,0,0,0,1,0
76.53,64.13,27.4,13.68,1,0,0,0,0,1,0
77.16,14.75,42.0,9.02,1,0,0,0,0,1,0
84.35,76.5,30.78,12.22,1,0,0,0,1,1,0
93.06,54.15,8.09,39.51,0,0,1,0,2,0,0
96.79,63.06,13.45,26.37,0,0,1,0,0,0,0
95.92,76.79,27.1,13.82,0,1,0,0,2,0,0
89.35,48.02,10.83,31.62,1,0,0,0,3,0,0
81.69,71.82,28.49,13.17,0,1,0,0,0,0,1
74.45,73.34,34.6,10.9,1,0,0,0,1,1,0
97.07,69.76,19.98,18.45,1,0,0,0,4,1,0
75.96,81.7,39.78,9.51,1,0,0,0,0,1,0
80.48,38.0,22.91,16.22,1,0,0,0,0,1,0
94.82,28.29,22.32,16.63,1,0,0,0,0,1,0
84.73,59.05,17.75,20.58,1,0,0,0,1,1,0
90.93,68.86,20.93,17.67,0,0,1,0,0,0,0
92.84,65.58,17.15,21.25,1,0,0,0,1,0,0
84.35,63.65,20.77,17.8,1,0,0,0,2,1,0
92.09,65.64,17.52,20.83,1,0,0,0,1,1,0
94.37,61.28,12.61,27.86,1,0,0,0,2,1,0
81.89,95.0,48.51,7.83,0,0,1,0,1,0,0
88.41,45.3,12.5,28.06,1,0,0,0,1,1,0
89.02,62.33,16.51,21.99,0,1,0,0,0,0,0
88.82,21.79,30.34,12.39,1,0,0,0,0,0,0
95.3,49.39,4.74,54.61,0,1,0,0,1,0,0
93.35,24.47,26.38,14.18,1,0,0,0,0,0,0
87.09,58.45,15.43,23.37,1,0,0,0,1,1,0
91.03,57.49,11.69,29.69,1,0,0,0,1,1,0
86.89,20.04,32.71,11.52,1,0,0,0,2,1,0
90.34,34.86,17.95,20.37,1,0,0,0,2,1,0
93.7,30.44,20.55,17.98,0,1,0,0,0,0,0
92.42,50.05,7.58,41.34,1,0,0,0,2,1,0
87.81,44.25,13.48,26.31,1,0,0,0,0,1,0
93.14,27.83,23.21,16.03,1,0,0,0,1,1,0
82.92,53.91,17.52,20.83,1,0,0,0,0,0,0
97.83,68.1,18.22,20.09,1,0,0,0,1,1,0
78.64,85.58,41.5,9.13,1,0,0,0,0,1,0
73.82,40.87,27.72,13.52,0,0,1,0,0,0,0
79.82,47.4,20.35,18.14,0,1,0,0,0,0,0
89.29,35.91,17.7,20.64,0,1,0,0,0,0,0
90.56,64.37,17.2,21.19,0,0,1,0,2,0,0
87.01,79.92,32.62,11.55,1,0,0,0,1,1,0
80.37,68.16,26.74,14.0,1,0,0,0,4,1,0
94.22,71.49,22.25,16.68,1,0,0,0,3,1,0
78.73,61.82,24.34,15.32,0,0,1,0,0,0,0
92.57,52.33,7.78,40.58,0,1,0,0,2,0,0
88.67,64.03,18.03,20.29,1,0,0,0,2,1,0
71.77,86.97,46.51,8.16,0,1,0,0,0,0,0
91.43,58.03,11.74,29.58,0,0,0,1,1,0,1
92.69,46.0,8.33,38.66,1,0,0,0,2,1,0
96.22,70.77,21.11,17.52,0,1,0,0,3,0,0
87.81,22.49,30.09,12.49,1,0,0,0,2,1,0
80.25,45.42,20.27,18.2,0,1,0,0,0,0,0
83.6,42.66,17.97,20.36,0,0,1,0,0,0,0
91.95,70.44,21.97,16.88,1,0,0,0,2,1,0
80.24,44.19,20.6,17.93,0,1,0,0,1,0,0
96.37,38.82,11.75,29.57,1,0,0,0,3,1,0
74.3,57.63,26.81,13.96,1,0,0,0,1,1,0
95.15,55.56,7.38,42.09,1,0,0,0,3,0,0
82.54,51.84,17.56,20.79,1,0,0,0,1,0,0
97.61,50.53,2.45,69.84,1,0,0,0,2,1,1
87.57,59.49,15.64,23.09,1,0,0,0,0,1,0
87.21,80.17,32.77,11.5,0,1,0,0,0,0,0
73.44,47.26,26.7,14.02,0,0,0,1,0,0,1
79.82,30.66,27.95,13.41,1,0,0,0,0,1,0
85.1,55.74,15.97,22.66,1,0,0,0,0,1,0
90.63,65.49,18.1,20.22,0,1,0,0,3,0,0
88.62,46.26,11.98,29.1,0,1,0,0,0,0,0
88.02,40.01,15.6,23.14,1,0,0,0,1,1,1
83.84,42.88,17.66,20.68,0,1,0,0,2,0,0
97.5,79.08,29.19,12.87,1,0,0,0,0,1,0
79.11,52.73,21.07,17.56,1,0,0,0,0,1,0
93.18,63.62,15.23,23.64,1,0,0,0,4,1,0
90.56,36.72,16.3,22.25,1,0,0,0,1,1,0
92.25,39.95,12.69,27.71,1,0,0,0,0,0,0
80.29,58.2,21.35,17.34,1,0,0,0,1,1,0
89.85,50.89,10.19,33.2,0,0,0,1,3,0,1
98.11,38.29,11.86,29.34,0,0,1,0,0,0,0
89.18,36.4,17.38,20.99,1,0,0,0,3,1,0
89.31,49.02,10.74,31.84,1,0,0,0,5,1,0
90.96,50.4,9.05,36.37,1,0,0,0,3,0,0
73.92,59.05,27.6,13.58,1,0,0,0,0,1,0
88.04,31.72,21.85,16.97,1,0,0,0,1,0,0
86.38,26.74,26.96,13.89,0,0,1,0,1,0,0
95.82,50.42,4.21,57.75,1,0,0,0,1,1,1
96.66,52.37,4.1,58.42,0,1,0,0,5,0,0
87.48,76.15,28.99,12.95,0,1,0,0,4,0,0
92.4,45.21,8.99,36.57,1,0,0,0,2,0,0
89.2,76.3,28.43,13.2,1,0,0,0,1,0,0
89.31,6.85,44.46,8.53,1,0,0,0,1,0,0
84.46,70.32,25.58,14.61,1,0,0,0,0,1,0
89.72,18.47,33.17,11.37,1,0,0,0,0,1,0
96.05,72.21,22.56,16.46,0,0,0,1,0,0,1
97.02,61.19,11.58,29.93,0,0,1,0,5,0,0
84.06,57.6,17.66,20.68,1,0,0,0,1,1,0
97.2,40.64,9.77,34.3,1,0,0,0,2,1,0
84.96,79.93,33.5,11.26,0,1,0,0,3,0,0
96.05,51.5,4.22,57.64,1,0,0,0,0,1,0
94.57,47.67,5.91,48.46,0,0,0,1,3,0,1
84.78,57.12,16.8,21.64,0,0,0,1,0,0,1
76.57,58.7,25.0,14.93,0,1,0,0,0,0,0
81.68,90.02,44.02,8.61,1,0,0,0,0,1,0
81.77,38.3,21.66,17.11,1,0,0,0,4,1,0
81.69,51.22,18.35,19.97,1,0,0,0,2,1,0
88.24,52.84,12.1,28.86,1,0,0,0,4,1,0
93.68,44.27,8.53,38.01,1,0,0,0,1,1,1
94.15,46.84,6.65,45.08,1,0,0,0,0,0,1
90.06,51.23,10.02,33.64,0,0,1,0,3,0,0
96.41,54.88,6.06,47.74,1,0,0,0,3,1,1
94.8,85.24,35.62,10.6,1,0,0,0,0,1,0
94.12,9.77,40.66,9.31,1,0,0,0,0,1,0
86.39,28.11,25.77,14.5,0,0,1,0,0,0,0
90.16,78.98,30.6,12.29,1,0,0,0,0,1,0
95.26,56.43,7.99,39.84,1,0,0,0,4,1,0
98.11,28.92,21.17,17.48,1,0,0,0,0,1,0
99.54,44.73,5.29,51.56,1,0,0,0,5,0,0
84.58,33.23,22.78,16.31,1,0,0,0,3,1,0
86.93,87.2,39.43,9.6,1,0,0,0,1,1,0
84.16,75.83,30.3,12.41,1,0,0,0,0,1,0
96.01,80.9,31.16,12.08,0,0,0,1,0,0,1
96.22,26.0,24.3,15.34,1,0,0,0,1,1,0
91.97,37.63,14.75,24.32,1,0,0,0,0,1,1
92.92,27.04,24.03,15.51,1,0,0,0,0,1,0
84.16,71.37,26.6,14.07,0,0,0,1,2,0,1
92.14,45.43,9.09,36.25,1,0,0,0,3,1,0
75.65,90.46,47.22,8.04,1,0,0,0,0,0,0
94.51,16.08,34.36,10.98,1,0,0,0,3,1,0
87.1,54.57,13.68,25.98,1,0,0,0,2,1,0
88.47,47.14,11.88,29.3,1,0,0,0,3,0,0
96.03,66.98,17.44,20.92,0,0,1,0,0,0,0
96.29,36.32,14.17,25.19,1,0,0,0,3,1,0
91.97,53.26,8.66,37.58,0,1,0,0,2,0,0
88.18,51.94,11.98,29.1,1,0,0,0,0,0,0
95.04,53.06,5.82,48.85,0,1,0,0,2,0,0
86.46,48.47,13.62,26.08,1,0,0,0,0,1,0
77.57,56.15,23.26,16.0,0,0,1,0,1,0,0
92.55,39.55,12.84,27.45,1,0,0,0,3,1,0
87.25,77.95,30.72,12.24,1,0,0,0,1,0,0
97.81,58.01,8.3,38.76,1,0,0,0,4,0,0
83.71,57.24,17.83,20.5,0,0,0,1,2,0,0
88.97,62.27,16.5,22.01,1,0,0,0,0,1,0
91.35,62.67,15.34,23.48,0,1,0,0,2,0,0
73.61,79.99,39.95,9.47,1,0,0,0,0,1,0
79.18,52.6,20.98,17.63,0,1,0,0,0,0,0
84.03,54.43,16.58,21.91,1,0,0,0,2,1,0
83.92,34.75,22.16,16.74,1,0,0,0,0,1,0
95.03,56.95,8.54,37.96,1,0,0,0,3,1,0
73.75,54.53,26.64,14.05,0,1,0,0,0,0,0
92.98,33.87,17.59,20.76,1,0,0,0,0,1,0
93.55,79.64,30.33,12.4,1,0,0,0,0,1,0
89.95,39.37,14.63,24.5,0,1,0,0,0,0,0
83.5,5.0,47.93,7.92,1,0,0,0,0,0,0
94.89,49.28,5.16,52.26,1,0,0,0,1,1,0
90.67,29.38,22.63,16.42,1,0,0,0,1,0,0
90.86,79.15,30.55,12.31,1,0,0,0,0,1,0
91.37,57.17,11.22,30.72,1,0,0,0,0,1,1
90.16,65.16,18.07,20.25,0,1,0,0,2,0,0
86.04,56.49,15.39,23.42,1,0,0,0,1,1,0
84.86,36.28,20.43,18.07,1,0,0,0,1,1,0
88.79,35.37,18.43,19.88,1,0,0,0,0,1,0
91.2,56.84,11.14,30.89,0,0,1,0,2,0,0
85.33,70.45,25.16,14.84,0,0,1,0,0,0,0
97.48,78.03,28.15,13.33,0,0,1,0,0,0,0
92.65,43.44,9.85,34.08,1,0,0,0,0,1,0
85.55,28.13,26.22,14.27,1,0,0,0,3,1,0
90.2,12.08,39.16,9.66,0,0,0,1,1,0,1
91.54,67.5,19.44,18.93,1,0,0,0,0,1,0
88.93,15.45,36.28,10.41,1,0,0,0,0,1,0
89.7,33.01,19.87,18.55,0,1,0,0,1,0,0
99.01,23.11,26.91,13.92,0,1,0,0,1,0,0
87.05,42.82,14.8,24.24,1,0,0,0,1,0,0
97.55,45.31,5.29,51.57,1,0,0,0,2,1,0
78.87,57.06,22.28,16.66,0,0,0,1,4,0,1
83.97,30.68,25.11,14.87,0,0,0,1,0,0,1
79.34,49.49,20.66,17.88,1,0,0,0,2,1,0
83.76,62.39,20.43,18.08,1,0,0,0,0,1,0
89.79,60.4,14.57,24.59,1,0,0,0,2,1,0
85.83,35.79,20.07,18.38,0,1,0,0,1,0,0
93.71,46.65,7.12,43.1,1,0,0,0,4,1,0
97.45,53.27,4.15,58.12,1,0,0,0,3,1,1
90.33,49.7,9.68,34.56,1,0,0,0,4,1,0
97.8,50.76,2.33,70.73,0,0,0,1,3,0,1
82.59,68.31,25.27,14.78,1,0,0,0,0,0,0
91.97,53.43,8.73,37.37,1,0,0,0,3,1,0
90.4,60.43,14.17,25.19,1,0,0,0,3,1,0
88.76,41.31,14.2,25.14,1,0,0,0,0,1,1
75.74,29.75,31.6,11.91,1,0,0,0,1,1,0
91.84,24.77,26.52,14.11,1,0,0,0,2,1,0
90.6,26.2,25.59,14.6,1,0,0,0,0,1,0
96.55,63.24,13.68,25.98,1,0,0,0,4,0,0
89.58,22.53,29.38,12.79,1,0,0,0,2,1,0
90.81,72.51,24.32,15.33,1,0,0,0,1,1,0
95.15,60.74,11.79,29.49,1,0,0,0,0,1,0
87.08,76.12,29.14,12.89,1,0,0,0,0,1,0
89.31,52.98,11.1,30.99,0,0,1,0,2,0,0
85.62,65.24,20.95,17.65,0,1,0,0,3,0,0
73.86,59.7,27.89,13.45,1,0,0,0,1,1,0
96.52,34.15,16.23,22.34,1,0,0,0,0,1,1
89.32,72.23,24.67,15.12,1,0,0,0,2,0,0
99.87,32.49,17.51,20.84,1,0,0,0,1,1,0
93.23,27.47,23.52,15.82,1,0,0,0,1,1,0
86.39,58.41,16.0,22.62,0,0,1,0,3,0,0
85.62,66.66,22.01,16.85,0,0,1,0,2,0,0
85.62,46.69,14.75,24.32,0,0,0,1,1,0,0
77.16,58.18,24.26,15.37,1,0,0,0,0,1,0
94.21,51.59,6.01,47.97,1,0,0,0,2,1,1
79.54,65.04,25.39,14.71,1,0,0,0,1,1,0
93.22,53.87,7.81,40.5,0,1,0,0,3,0,0
83.87,59.13,18.54,19.78,1,0,0,0,1,1,1
80.34,20.22,35.68,10.58,0,0,0,1,0,0,0
94.61,62.43,13.55,26.19,1,0,0,0,0,1,1
84.28,47.63,15.9,22.75,1,0,0,0,2,0,0
75.09,29.2,32.45,11.61,0,1,0,0,1,0,0
98.32,38.64,11.48,30.15,1,0,0,0,3,1,1
81.88,47.04,18.36,19.96,1,0,0,0,2,1,0
89.53,75.08,27.18,13.78,1,0,0,0,4,1,1
85.4,38.54,18.56,19.75,1,0,0,0,1,1,0
84.6,53.4,15.77,22.92,0,0,1,0,0,0,0
90.33,49.53,9.68,34.55,0,1,0,0,2,0,0
90.73,50.6,9.29,35.66,1,0,0,0,4,0,0
91.73,81.68,32.75,11.51,1,0,0,0,0,1,0
90.8,26.16,25.55,14.62,0,0,0,1,3,0,0
88.01,43.18,13.79,25.8,0,0,1,0,5,0,0
88.38,64.19,18.34,19.97,1,0,0,0,2,0,1
98.85,32.65,17.39,20.97,1,0,0,0,0,1,0
97.73,70.19,20.32,18.17,0,0,1,0,1,0,0
91.18,95.0,45.86,8.27,1,0,0,0,0,1,0
97.64,46.56,4.17,57.95,1,0,0,0,3,1,0
85.09,30.3,24.71,15.1,1,0,0,0,2,0,0
90.27,72.21,24.24,15.38,0,1,0,0,2,0,0
77.54,51.21,22.49,16.51,1,0,0,0,0,1,0
79.07,79.46,36.14,10.45,1,0,0,0,1,1,0
91.3,56.62,10.93,31.37,0,1,0,0,1,0,0
88.15,54.8,12.79,27.53,1,0,0,0,1,1,0
78.2,31.93,28.31,13.25,1,0,0,0,0,1,0
98.72,70.06,20.1,18.35,1,0,0,0,0,1,0
92.4,70.02,21.42,17.29,1,0,0,0,4,1,0
98.1,77.55,27.61,13.57,1,0,0,0,0,1,0
83.64,81.76,35.72,10.57,1,0,0,0,0,1,0
81.61,95.0,48.61,7.81,1,0,0,0,0,1,0
83.12,57.6,18.51,19.81,0,0,0,1,3,0,0
83.25,36.78,21.34,17.35,0,1,0,0,0,0,0
74.95,24.77,35.55,10.62,0,1,0,0,1,0,0
80.7,59.21,21.38,17.31,0,0,1,0,0,0,0
94.62,71.09,21.77,17.03,1,0,0,0,0,1,0
93.58,20.22,30.47,12.34,1,0,0,0,2,0,0
81.35,5.0,48.71,7.79,0,1,0,0,0,0,0
79.44,42.79,21.78,17.02,1,0,0,0,1,1,0
90.28,61.71,15.22,23.66,0,0,1,0,3,0,0
65.2,25.94,42.31,8.96,0,0,0,1,0,0,1
83.23,78.86,33.38,11.3,1,0,0,0,0,1,0
85.11,50.7,14.9,24.1,1,0,0,0,0,0,0
87.27,54.74,13.59,26.14,0,1,0,0,4,0,0
92.8,44.61,8.99,36.55,1,0,0,0,1,0,0
92.31,51.15,7.78,40.61,1,0,0,0,0,1,1
80.48,36.04,24.0,15.52,1,0,0,0,2,1,0
88.17,19.69,32.54,11.58,1,0,0,0,2,1,0
96.36,37.86,12.68,27.74,1,0,0,0,3,1,0
80.28,54.32,20.19,18.27,1,0,0,0,0,1,0
83.92,57.19,17.62,20.73,1,0,0,0,3,0,0
96.16,81.1,31.33,12.01,1,0,0,0,0,0,0
96.35,11.47,38.71,9.77,1,0,0,0,0,1,0
91.88,51.48,8.25,38.92,1,0,0,0,2,0,0
77.18,19.11,38.41,9.85,1,0,0,0,0,1,0
79.51,36.38,24.6,15.16,1,0,0,0,0,1,0
84.07,58.95,18.27,20.05,0,0,1,0,0,0,0
84.25,49.31,15.76,22.93,1,0,0,0,2,1,0
93.2,52.03,7.1,43.2,1,0,0,0,4,1,0
90.81,43.14,11.46,30.18,0,1,0,0,2,0,0
87.08,70.36,24.11,15.45,1,0,0,0,4,1,0
94.34,52.35,6.13,47.42,1,0,0,0,1,1,0
86.78,62.17,17.97,20.35,0,1,0,0,1,0,0
81.29,79.37,34.82,10.84,1,0,0,0,0,0,0
87.56,34.37,19.98,18.45,0,0,0,1,0,0,1
81.23,47.26,18.97,19.36,0,0,1,0,1,0,0
93.16,47.69,7.22,42.73,1,0,0,0,2,0,0
98.27,79.85,29.9,12.57,1,0,0,0,0,0,0
93.85,44.97,7.95,39.99,1,0,0,0,2,1,0
80.57,53.64,19.77,18.64,1,0,0,0,1,0,0
77.0,35.83,27.01,13.86,1,0,0,0,1,0,0
74.75,84.43,42.7,8.87,1,0,0,0,0,1,0
89.88,75.72,27.64,13.56,1,0,0,0,0,0,1
89.9,62.13,15.79,22.89,0,0,0,1,1,0,1
96.72,30.15,20.12,18.33,1,0,0,0,2,1,0
92.57,70.82,22.11,16.78,0,0,1,0,0,0,0
76.72,25.12,34.07,11.07,1,0,0,0,1,1,0
91.84,48.88,8.23,39.0,1,0,0,0,0,0,0
84.82,36.2,20.52,18.0,0,1,0,0,3,0,0
85.24,56.35,16.07,22.53,1,0,0,0,0,1,1
94.9,44.49,7.51,41.61,0,1,0,0,2,0,0
75.77,52.52,24.36,15.31,1,0,0,0,2,1,0
93.56,25.12,25.7,14.54,1,0,0,0,3,1,0
81.21,20.56,34.92,10.81,1,0,0,0,0,1,0
99.08,42.29,7.76,40.66,1,0,0,0,2,1,1
76.42,18.75,39.15,9.66,1,0,0,0,0,1,0
78.12,44.3,22.61,16.43,0,0,0,1,2,0,0
94.08,63.05,14.33,24.95,1,0,0,0,2,1,0
93.21,14.68,35.97,10.5,1,0,0,0,1,1,0
90.49,65.05,17.8,20.53,1,0,0,0,2,1,0
89.79,29.71,22.71,16.36,1,0,0,0,0,1,0
88.32,63.58,17.91,20.42,1,0,0,0,1,1,0
77.66,95.0,50.24,7.56,1,0,0,0,0,0,0
84.11,32.96,23.31,15.96,1,0,0,0,0,1,0
74.36,30.0,32.52,11.59,1,0,0,0,3,1,0
73.54,33.25,31.32,12.02,1,0,0,0,2,1,0
89.0,47.48,11.28,30.58,1,0,0,0,4,1,0
88.46,72.37,25.17,14.83,1,0,0,0,1,1,0
83.64,37.22,20.76,17.8,1,0,0,0,3,1,0
83.99,84.0,37.58,10.06,1,0,0,0,0,1,0
72.58,31.93,32.84,11.47,1,0,0,0,0,0,0
95.05,45.66,6.58,45.37,0,0,1,0,3,0,0
94.76,79.68,30.14,12.47,0,0,1,0,1,0,0
94.88,39.93,11.3,30.54,1,0,0,0,1,1,0
85.28,94.73,47.09,8.06,0,0,1,0,0,0,0
79.33,30.76,28.24,13.28,1,0,0,0,2,1,0
93.34,50.31,6.67,44.99,1,0,0,0,5,0,0
85.48,58.7,16.93,21.5,0,1,0,0,0,0,0
90.22,50.12,9.78,34.27,1,0,0,0,1,1,1
83.7,73.89,28.92,12.98,0,1,0,0,2,0,0
91.17,66.78,18.96,19.37,1,0,0,0,3,0,0
80.22,43.43,20.85,17.73,1,0,0,0,1,1,0
86.57,44.88,14.38,24.88,1,0,0,0,1,0,0
97.51,58.39,8.75,37.3,0,1,0,0,2,0,0
89.27,58.35,13.6,26.12,1,0,0,0,1,1,0
93.2,33.5,17.84,20.49,1,0,0,0,1,0,0
95.7,29.84,20.61,17.92,1,0,0,0,0,1,0
96.05,41.39,9.47,35.15,0,0,0,1,2,0,1
91.0,47.76,9.28,35.7,0,1,0,0,1,0,0
94.39,30.17,20.61,17.93,0,0,0,1,2,0,1
85.34,71.42,25.95,14.41,0,0,0,1,1,0,1
95.48,11.86,38.41,9.85,1,0,0,0,1,1,0
78.33,55.82,22.44,16.55,1,0,0,0,3,0,0
88.01,76.95,29.5,12.73,0,1,0,0,1,0,0
93.09,50.78,6.96,43.79,0,0,1,0,2,0,0
88.57,42.79,13.51,26.26,1,0,0,0,2,1,0
80.01,93.69,48.05,7.9,1,0,0,0,0,1,0
97.14,24.35,25.81,14.48,0,1,0,0,0,0,0
89.12,95.0,46.3,8.19,0,0,0,1,0,0,0
81.2,61.2,21.88,16.94,1,0,0,0,2,1,0
75.49,62.83,27.66,13.55,1,0,0,0,2,1,0
80.27,47.44,19.9,18.52,0,0,0,1,0,0,0
86.17,28.78,25.33,14.75,1,0,0,0,2,1,0
95.46,72.64,23.09,16.1,1,0,0,0,0,1,0
71.9,55.67,28.66,13.09,0,0,0,1,0,0,1
89.27,74.59,26.83,13.95,1,0,0,0,2,1,0
79.39,29.9,28.79,13.04,1,0,0,0,0,1,0
82.92,90.67,44.11,8.59,1,0,0,0,1,0,0
93.69,35.63,15.7,23.01,1,0,0,0,1,1,0
87.73,70.12,23.57,15.8,1,0,0,0,1,1,0
94.81,27.97,22.63,16.41,1,0,0,0,0,1,0
97.69,95.0,45.06,8.42,0,1,0,0,0,0,0
78.95,62.89,24.69,15.11,1,0,0,0,0,0,0
96.74,88.61,38.75,9.76,0,0,1,0,0,0,0
97.89,58.29,8.56,37.93,1,0,0,0,0,1,0
92.74,29.14,22.09,16.8,1,0,0,0,1,1,0
93.15,77.15,28.0,13.39,0,1,0,0,0,0,0
74.89,69.8,31.98,11.78,1,0,0,0,1,1,0
90.17,51.02,9.89,33.99,1,0,0,0,1,0,0
86.75,41.17,15.92,22.72,1,0,0,0,1,1,0
91.8,47.05,8.71,37.42,1,0,0,0,3,1,0
82.87,57.58,18.74,19.59,1,0,0,0,0,1,0
85.59,39.33,17.93,20.4,1,0,0,0,2,0,0
91.55,16.78,34.28,11.01,1,0,0,0,1,1,0
92.75,54.59,8.58,37.85,0,1,0,0,0,0,0
93.56,76.61,27.38,13.69,0,0,0,1,1,0,1
81.78,61.95,21.79,17.01,0,0,0,1,1,0,1
93.28,59.14,11.35,30.43,1,0,0,0,1,1,0
97.22,62.38,12.69,27.72,1,0,0,0,2,0,0
92.02,67.37,19.12,19.22,1,0,0,0,2,0,0
86.03,46.63,14.37,24.89,1,0,0,0,2,0,0
95.5,44.97,6.75,44.64,1,0,0,0,0,0,0
98.55,30.38,19.68,18.72,1,0,0,0,0,1,0
86.83,5.36,46.55,8.15,0,1,0,0,0,0,0
81.54,54.48,19.0,19.33,1,0,0,0,1,1,0
87.85,10.25,41.57,9.11,1,0,0,0,0,1,0
91.48,59.76,12.96,27.23,1,0,0,0,1,1,0
84.13,82.59,36.24,10.42,1,0,0,0,2,1,0
90.21,81.91,33.38,11.29,1,0,0,0,0,0,0
91.9,76.05,27.28,13.73,1,0,0,0,0,1,0
88.42,79.3,31.5,11.95,1,0,0,0,0,1,0
93.63,56.33,8.98,36.6,0,1,0,0,0,0,0
98.08,46.53,3.97,59.23,1,0,0,0,1,1,0
77.07,51.37,22.97,16.18,0,0,1,0,0,0,0
92.51,56.79,10.11,33.41,1,0,0,0,1,1,0
82.72,45.54,17.85,20.48,0,0,1,0,2,0,0
96.03,13.13,37.09,10.19,1,0,0,0,1,0,0
92.16,62.54,14.79,24.26,1,0,0,0,4,1,0
87.8,80.5,32.85,11.47,1,0,0,0,4,0,0
89.52,13.91,37.58,10.06,1,0,0,0,2,1,0
80.44,45.72,20.02,18.42,0,1,0,0,0,0,0
90.23,83.25,34.66,10.89,0,1,0,0,0,0,0
96.07,75.9,26.19,14.28,0,0,1,0,0,0,0
99.58,28.34,21.66,17.1,1,0,0,0,0,1,0
95.43,35.03,15.66,23.06,0,1,0,0,2,0,0
94.53,59.33,10.81,31.65,0,0,1,0,3,0,0
83.51,61.64,20.19,18.27,1,0,0,0,0,1,0
97.21,42.24,8.25,38.95,1,0,0,0,4,1,0
85.59,49.06,14.44,24.79,1,0,0,0,0,0,0
81.91,57.98,19.77,18.63,0,1,0,0,0,0,0
93.48,54.62,7.99,39.83,0,0,0,1,2,0,1
97.16,65.41,15.67,23.04,1,0,0,0,0,1,0
81.6,34.95,23.77,15.67,1,0,0,0,0,1,0
92.55,45.59,8.66,37.6,1,0,0,0,1,0,0
91.46,65.31,17.53,20.83,1,0,0,0,0,0,0
83.95,37.44,20.38,18.11,0,0,1,0,2,0,0
75.17,53.52,25.08,14.88,0,0,0,1,2,0,1
82.65,23.02,32.08,11.74,1,0,0,0,1,1,0
89.23,42.01,13.41,26.44,1,0,0,0,0,1,1
95.75,66.41,16.95,21.47,1,0,0,0,2,0,0
92.7,48.16,7.53,41.53,0,0,1,0,4,0,0
69.63,33.68,34.48,10.94,1,0,0,0,0,1,0
93.1,15.26,35.41,10.66,1,0,0,0,0,1,0
98.42,55.57,5.79,49.03,1,0,0,0,1,1,0
92.0,58.49,11.67,29.74,1,0,0,0,2,1,0
73.87,53.77,26.4,14.17,0,0,0,1,2,0,1
90.26,72.18,24.23,15.38,1,0,0,0,1,1,0
84.57,5.0,47.57,7.98,1,0,0,0,0,1,0
97.19,68.49,18.7,19.62,1,0,0,0,0,0,0
82.63,45.59,17.93,20.4,0,1,0,0,3,0,0
92.49,60.91,13.25,26.71,1,0,0,0,1,0,1
86.34,40.81,16.46,22.05,0,1,0,0,1,0,0
96.49,65.18,15.58,23.16,1,0,0,0,0,1,0
73.92,79.37,39.28,9.63,1,0,0,0,0,0,0
94.02,64.4,15.59,23.15,0,1,0,0,2,0,0
91.43,49.02,8.63,37.7,1,0,0,0,1,0,0
87.67,66.86,20.88,17.7,1,0,0,0,2,1,0
91.84,43.53,10.41,32.64,0,0,1,0,3,0,0
93.28,47.87,7.06,43.38,0,0,1,0,0,0,0
87.67,33.19,20.85,17.73,1,0,0,0,1,0,0
75.47,59.99,26.48,14.13,1,0,0,0,1,0,0
89.25,60.38,14.94,24.05,1,0,0,0,3,1,0
72.83,52.67,27.3,13.72,1,0,0,0,0,1,0
83.94,50.74,16.08,22.52,0,0,1,0,3,0,0
79.72,79.42,35.73,10.57,0,1,0,0,2,0,0
80.1,14.4,40.78,9.28,1,0,0,0,0,1,0
98.08,48.51,2.43,69.96,1,0,0,0,2,1,1
81.98,62.21,21.77,17.03,1,0,0,0,0,0,0
85.3,56.66,16.14,22.45,1,0,0,0,0,1,0
70.28,42.47,30.66,12.27,0,0,1,0,0,0,0
78.08,52.32,22.04,16.83,1,0,0,0,0,1,0
88.59,35.81,18.21,20.11,0,0,1,0,2,0,0
93.03,57.81,10.47,32.5,1,0,0,0,2,1,0
89.88,43.86,11.84,29.39,0,0,1,0,1,0,0
85.95,46.62,14.45,24.77,0,0,1,0,0,0,0
81.06,24.73,31.58,11.92,0,0,0,1,0,0,1
85.61,77.01,30.6,12.29,1,0,0,0,0,1,0
74.95,43.05,26.0,14.38,1,0,0,0,0,1,0
85.07,67.22,22.79,16.3,1,0,0,0,3,0,0
98.62,45.49,4.72,54.71,0,0,1,0,0,0,0
87.68,80.71,33.09,11.39,1,0,0,0,0,1,0
90.06,29.22,23.04,16.14,0,0,1,0,1,0,0
96.78,60.3,10.79,31.71,1,0,0,0,3,0,0
91.1,32.82,19.35,19.01,0,0,1,0,3,0,0
95.32,43.25,8.21,39.07,1,0,0,0,3,1,0
96.95,58.93,9.43,35.25,1,0,0,0,1,1,0
97.44,42.69,7.74,40.73,1,0,0,0,1,0,0
93.86,80.1,30.71,12.25,0,1,0,0,2,0,0
90.27,57.57,12.33,28.41,1,0,0,0,2,0,0
84.03,65.36,22.16,16.74,0,1,0,0,0,0,0
91.37,67.82,19.8,18.61,0,1,0,0,3,0,0
96.23,85.73,35.93,10.51,0,0,0,1,0,0,0
96.81,64.45,14.8,24.25,1,0,0,0,4,1,0
91.89,48.27,8.3,38.78,1,0,0,0,5,1,0
93.37,22.37,28.41,13.21,0,1,0,0,2,0,0
93.93,62.01,13.45,26.36,0,0,0,1,0,0,0
92.7,61.94,14.0,25.47,0,0,1,0,4,0,0
88.88,36.49,17.49,20.86,0,1,0,0,1,0,0
83.49,54.89,17.21,21.17,0,0,1,0,0,0,0
91.59,60.89,13.75,25.86,0,1,0,0,0,0,0
88.18,39.78,15.63,23.1,0,0,0,1,1,0,1
91.73,49.85,8.27,38.87,1,0,0,0,1,1,0
85.1,43.18,16.39,22.14,1,0,0,0,1,0,0
85.42,6.5,45.87,8.27,0,1,0,0,0,0,0
95.82,66.28,16.81,21.63,1,0,0,0,4,1,0
87.12,70.57,24.27,15.36,1,0,0,0,0,1,0
87.14,66.24,20.71,17.84,1,0,0,0,1,1,1
86.72,67.89,22.28,16.66,1,0,0,0,3,1,0
98.28,60.38,10.52,32.35,1,0,0,0,0,1,0
83.41,42.44,18.23,20.09,1,0,0,0,2,0,0
73.6,5.0,52.17,7.28,0,1,0,0,0,0,0
82.1,45.68,18.41,19.91,1,0,0,0,1,1,0
76.59,18.59,39.17,9.66,0,0,1,0,0,0,0
78.25,27.39,31.38,11.99,0,1,0,0,3,0,0
93.74,47.67,6.68,44.95,1,0,0,0,5,1,0
91.36,52.72,9.06,36.36,1,0,0,0,1,1,0
85.9,34.13,21.23,17.43,1,0,0,0,1,1,0
93.39,77.29,28.08,13.36,1,0,0,0,1,1,1
85.27,44.25,15.81,22.86,1,0,0,0,0,0,0
84.92,31.5,23.87,15.61,1,0,0,0,2,1,0
71.08,45.22,29.31,12.81,1,0,0,0,0,1,0
88.92,36.6,17.39,20.98,0,1,0,0,0,0,0
82.16,22.34,32.92,11.45,0,1,0,0,0,0,1
96.79,63.25,13.63,26.07,1,0,0,0,2,0,0
97.32,5.73,44.35,8.55,1,0,0,0,0,1,0
86.0,29.1,25.16,14.84,1,0,0,0,3,1,0
79.93,71.96,29.75,12.63,0,0,1,0,2,0,0
93.41,53.76,7.59,41.29,1,0,0,0,3,1,0
91.12,44.56,10.42,32.62,1,0,0,0,1,1,0
97.72,79.04,29.13,12.89,1,0,0,0,0,1,0
90.74,53.23,9.81,34.2,1,0,0,0,5,1,0
86.11,72.01,26.02,14.37,0,1,0,0,0,0,0
96.73,95.0,45.12,8.41,0,1,0,0,0,0,0
96.41,54.38,5.66,49.67,0,0,1,0,4,0,0
95.04,5.0,45.27,8.38,0,1,0,0,0,0,0
85.5,44.99,15.34,23.48,0,1,0,0,4,0,1
78.24,61.1,24.42,15.27,0,1,0,0,2,0,0
91.71,71.17,22.74,16.34,1,0,0,0,4,0,0
80.16,20.07,35.91,10.52,1,0,0,0,0,1,0
95.36,34.69,16.0,22.62,1,0,0,0,2,1,0
82.24,49.5,17.77,20.56,1,0,0,0,4,1,0
86.47,48.86,13.58,26.15,0,0,1,0,4,0,0
87.95,27.3,25.7,14.54,0,1,0,0,1,0,0
97.72,42.06,8.26,38.92,1,0,0,0,2,1,0
90.1,50.12,9.9,33.94,0,0,1,0,4,0,0
90.05,51.82,10.11,33.39,1,0,0,0,2,1,1
97.44,47.85,3.35,63.35,1,0,0,0,3,0,0
85.96,34.31,21.05,17.57,1,0,0,0,1,1,1
91.02,30.58,21.4,17.31,1,0,0,0,1,1,0
75.52,36.73,27.84,13.46,0,1,0,0,1,0,0
74.25,54.53,26.15,14.3,0,1,0,0,0,0,0
79.18,22.84,34.22,11.02,0,1,0,0,0,0,0
79.41,56.21,21.51,17.22,1,0,0,0,0,0,0
89.28,44.69,11.96,29.14,1,0,0,0,3,1,1
94.8,29.43,21.21,17.45,1,0,0,0,1,1,0
85.07,38.46,18.87,19.46,1,0,0,0,1,1,0
91.22,48.14,8.98,36.6,0,1,0,0,5,0,0
89.38,41.6,13.54,26.22,1,0,0,0,4,0,0
93.28,53.71,7.67,40.99,1,0,0,0,1,1,0
79.66,21.8,34.77,10.85,1,0,0,0,0,1,0
82.08,53.3,18.22,20.1,0,0,1,0,0,0,0
92.46,21.05,29.92,12.56,0,1,0,0,0,0,0
91.41,49.0,8.64,37.64,1,0,0,0,3,1,0
95.01,48.18,5.31,51.46,1,0,0,0,0,0,0
83.49,54.81,17.2,21.19,0,1,0,0,2,0,0
75.97,41.16,25.6,14.59,1,0,0,0,1,0,0
86.4,73.55,27.2,13.77,0,0,1,0,3,0,0
92.04,34.07,17.81,20.52,1,0,0,0,1,0,0
95.96,74.07,24.41,15.28,0,0,1,0,2,0,0
97.43,38.67,11.62,29.85,0,0,1,0,2,0,0
85.55,30.21,24.51,15.22,1,0,0,0,0,1,0
93.29,7.61,42.91,8.83,1,0,0,0,0,1,0
88.57,48.38,11.55,30.0,1,0,0,0,2,1,0
91.27,53.27,9.32,35.57,1,0,0,0,2,0,0
92.77,73.16,24.26,15.37,1,0,0,0,1,1,0
98.09,61.68,11.84,29.39,1,0,0,0,3,1,0
98.67,60.53,10.61,32.14,0,0,0,1,1,0,1
98.66,51.77,2.22,71.59,1,0,0,0,0,1,0
94.59,70.42,21.13,17.51,0,1,0,0,1,0,1
89.47,43.78,12.22,28.61,0,0,0,1,2,0,1
80.09,63.36,23.97,15.54,0,0,1,0,0,0,0
92.5,49.21,7.54,41.49,0,0,1,0,1,0,0
85.25,40.15,17.74,20.6,1,0,0,0,3,0,0
93.61,84.3,34.89,10.82,1,0,0,0,2,1,0
76.42,43.84,24.37,15.3,0,1,0,0,1,0,0
93.99,46.62,6.9,44.02,1,0,0,0,2,0,0
91.19,49.28,8.84,37.03,1,0,0,0,4,0,0
94.34,54.99,7.55,41.45,0,1,0,0,3,0,1
93.62,47.27,6.94,43.85,1,0,0,0,2,1,0
86.42,58.26,15.89,22.76,1,0,0,0,0,1,0
86.38,26.62,27.05,13.84,1,0,0,0,0,0,0
94.03,58.65,10.51,32.38,0,1,0,0,2,0,0
93.74,28.42,22.47,16.52,1,0,0,0,2,0,0
95.79,43.55,7.7,40.88,0,1,0,0,3,0,0
78.61,46.39,21.7,17.08,1,0,0,0,1,1,0
88.74,62.07,16.5,22.0,1,0,0,0,1,1,0
90.44,48.91,9.63,34.71,0,1,0,0,1,0,0
88.15,66.73,20.5,18.01,1,0,0,0,2,1,0
85.73,12.03,40.56,9.33,1,0,0,0,2,0,0
74.23,79.64,39.28,9.63,1,0,0,0,0,1,0
91.52,56.05,10.42,32.61,1,0,0,0,4,1,0
89.81,20.83,30.89,12.18,1,0,0,0,1,0,0
99.11,65.35,15.37,23.44,0,0,0,1,3,0,1
94.91,82.57,32.96,11.43,1,0,0,0,4,1,0
92.4,54.8,8.98,36.58,1,0,0,0,2,1,0
84.02,45.66,16.56,21.93,0,0,0,1,0,0,1
73.69,81.26,40.85,9.27,1,0,0,0,0,0,0
91.98,36.65,15.58,23.17,1,0,0,0,0,1,0
95.35,71.14,21.65,17.12,0,1,0,0,1,0,0
97.32,58.32,8.74,37.32,0,0,1,0,3,0,0
90.16,63.66,16.84,21.6,1,0,0,0,4,1,0
77.33,28.5,31.24,12.05,1,0,0,0,0,0,0
97.72,35.7,14.48,24.72,1,0,0,0,4,1,0
94.57,19.67,30.81,12.21,0,1,0,0,0,0,0
77.8,21.02,36.5,10.35,1,0,0,0,1,1,0
87.99,51.67,12.12,28.81,1,0,0,0,0,1,0
71.2,58.42,30.0,12.53,1,0,0,0,0,1,0
85.1,46.6,15.28,23.57,0,1,0,0,3,0,0
91.66,63.37,15.76,22.93,1,0,0,0,1,1,0
81.61,62.04,21.98,16.87,1,0,0,0,0,1,0
92.84,65.03,16.64,21.83,1,0,0,0,3,1,0
80.64,79.84,35.57,10.62,0,0,1,0,0,0,0
87.91,40.49,15.38,23.43,1,0,0,0,2,1,0
92.04,41.62,11.56,29.98,1,0,0,0,2,0,0
86.78,54.09,13.84,25.72,0,1,0,0,4,0,0
88.5,46.1,12.14,28.77,1,0,0,0,0,1,1
82.85,61.6,20.71,17.84,1,0,0,0,0,1,0
81.83,58.85,20.21,18.26,0,1,0,0,0,0,0
90.87,45.34,10.25,33.04,1,0,0,0,3,1,0
86.01,16.52,36.29,10.41,0,1,0,0,0,0,0
87.29,32.12,21.94,16.9,1,0,0,0,0,1,0
88.34,5.0,46.49,8.16,0,0,0,1,0,0,1
94.97,74.05,24.57,15.18,1,0,0,0,3,0,0
88.25,67.27,20.89,17.7,1,0,0,0,1,1,0
96.46,72.69,22.97,16.19,1,0,0,0,2,1,0
95.08,43.18,8.41,38.41,1,0,0,0,1,1,0
95.42,47.65,5.14,52.35,0,1,0,0,3,0,0
92.5,41.53,11.31,30.51,1,0,0,0,3,1,0
82.65,76.53,31.7,11.88,1,0,0,0,0,1,0
91.5,76.62,27.94,13.42,0,1,0,0,0,0,0
80.63,50.32,19.37,18.99,0,1,0,0,4,0,0
92.32,47.22,8.17,39.21,1,0,0,0,3,0,0
90.05,52.9,10.36,32.75,1,0,0,0,2,1,0
95.79,50.03,4.21,57.72,0,1,0,0,4,0,0
91.17,87.45,38.48,9.83,0,0,1,0,0,0,0
95.05,50.39,4.96,53.35,0,1,0,0,2,0,0
92.63,68.19,19.63,18.76,0,1,0,0,0,0,0
82.29,40.9,19.91,18.51,0,1,0,0,2,0,0
75.95,35.45,28.11,13.34,1,0,0,0,0,0,0
93.49,21.51,29.23,12.85,1,0,0,0,1,0,0
86.15,43.51,15.3,23.55,0,1,0,0,2,0,0
98.49,52.39,2.83,67.01,0,0,1,0,2,0,0
76.93,28.96,31.23,12.05,1,0,0,0,2,1,0
95.87,68.17,18.64,19.68,1,0,0,0,0,1,0
80.51,54.17,19.93,18.5,1,0,0,0,0,0,0
91.59,48.79,8.5,38.11,1,0,0,0,0,1,0
88.8,35.78,18.1,20.22,1,0,0,0,1,1,0
76.55,73.66,33.31,11.32,1,0,0,0,1,1,0
82.85,65.06,22.82,16.28,0,0,1,0,0,0,0
89.09,62.44,16.54,21.95,1,0,0,0,1,1,0
87.99,38.05,16.94,21.48,1,0,0,0,2,1,0
81.76,68.89,26.26,14.25,0,1,0,0,1,0,0
75.13,53.79,25.16,14.84,1,0,0,0,0,0,0
85.16,37.28,19.55,18.83,0,1,0,0,2,0,0
92.12,79.76,30.79,12.22,1,0,0,0,0,1,0
83.63,43.12,17.75,20.58,0,1,0,0,0,0,0
97.07,24.66,25.51,14.64,1,0,0,0,1,0,0
93.94,46.21,7.15,42.98,1,0,0,0,1,1,0
87.12,57.25,14.78,24.28,0,1,0,0,1,0,0
91.31,31.11,20.8,17.77,0,1,0,0,0,0,0
94.88,55.33,7.39,42.05,1,0,0,0,0,0,0
88.39,33.49,20.18,18.28,1,0,0,0,0,1,0
90.2,61.48,15.09,23.83,1,0,0,0,3,1,1
93.96,37.95,13.47,26.33,1,0,0,0,1,1,0
94.44,82.28,32.76,11.5,0,1,0,0,0,0,0
83.16,53.41,17.19,21.2,0,1,0,0,0,0,0
87.36,12.67,39.41,9.6,1,0,0,0,0,0,0
81.56,27.86,28.82,13.03,1,0,0,0,0,1,1
87.66,57.19,14.28,25.02,1,0,0,0,3,0,0
91.61,53.01,8.91,36.8,1,0,0,0,5,1,0
91.1,48.44,9.04,36.41,1,0,0,0,0,1,0
88.29,49.96,11.71,29.66,0,0,1,0,0,0,0
95.33,46.8,5.66,49.69,1,0,0,0,0,1,0
96.99,59.67,10.12,33.37,1,0,0,0,0,1,0
86.48,49.57,13.53,26.23,1,0,0,0,3,1,0
92.44,65.81,17.52,20.83,1,0,0,0,3,1,0
93.47,68.48,19.6,18.79,1,0,0,0,0,1,0
86.71,44.74,14.29,25.01,1,0,0,0,0,1,0
92.71,33.84,17.73,20.6,1,0,0,0,1,0,0
96.59,49.12,3.52,62.14,1,0,0,0,4,1,0
90.47,69.15,21.39,17.31,1,0,0,0,2,1,0
90.64,65.44,18.05,20.27,1,0,0,0,4,1,0
87.59,81.17,33.55,11.24,1,0,0,0,0,1,0
91.0,86.81,37.89,9.98,0,0,0,1,3,0,1
87.8,28.62,24.62,15.15,1,0,0,0,3,1,0
81.48,37.36,22.43,16.56,1,0,0,0,2,1,0
97.79,63.81,13.99,25.48,1,0,0,0,2,1,0
81.81,56.84,19.43,18.93,1,0,0,0,0,1,0
98.25,63.06,13.18,26.84,0,1,0,0,2,0,0
82.55,53.04,17.71,20.63,1,0,0,0,2,1,0
84.78,43.27,16.64,21.84,1,0,0,0,0,1,0
93.23,31.66,19.55,18.83,1,0,0,0,0,0,0
89.27,70.45,23.1,16.1,1,0,0,0,3,0,0
97.98,37.68,12.48,28.11,1,0,0,0,2,1,0
80.31,47.26,19.88,18.54,1,0,0,0,2,1,0
88.92,55.56,12.4,28.27,1,0,0,0,2,1,0
95.92,88.63,38.84,9.74,1,0,0,0,0,0,0
91.21,63.36,15.99,22.64,1,0,0,0,2,1,0
85.0,51.02,15.03,23.92,1,0,0,0,0,1,1
95.04,44.54,7.38,42.11,1,0,0,0,3,1,0
86.42,63.56,19.19,19.16,1,0,0,0,2,1,0
97.93,44.64,5.75,49.25,1,0,0,0,2,0,0
87.4,69.59,23.29,15.97,1,0,0,0,1,1,0
81.02,31.58,26.45,14.15,0,0,0,1,1,0,0
95.9,37.12,13.52,26.25,1,0,0,0,3,1,0
80.67,58.3,21.04,17.58,1,0,0,0,2,1,0
98.43,68.79,18.85,19.47,1,0,0,0,1,1,0
89.5,34.32,18.87,19.46,1,0,0,0,2,1,0
86.97,50.4,13.04,27.08,0,0,1,0,2,0,0
89.49,26.96,25.33,14.75,1,0,0,0,4,1,0
98.06,53.35,3.87,59.84,0,1,0,0,3,0,0
87.04,31.9,22.27,16.67,1,0,0,0,0,1,0
92.56,77.66,28.65,13.1,0,1,0,0,1,0,1
90.92,59.99,13.5,26.29,1,0,0,0,0,1,0
72.06,75.08,37.55,10.07,1,0,0,0,0,1,0
74.63,73.76,34.76,10.86,0,0,1,0,0,0,0
81.96,58.78,20.07,18.38,1,0,0,0,0,1,0
95.63,63.81,14.48,24.72,1,0,0,0,4,0,0
93.03,62.31,14.14,25.24,1,0,0,0,1,0,0
98.67,57.74,7.86,40.31,0,0,0,1,1,0,1
77.53,23.36,34.85,10.83,1,0,0,0,1,1,0
88.68,49.6,11.33,30.48,1,0,0,0,1,1,0
85.74,59.06,16.89,21.53,0,0,0,1,0,0,1
92.46,68.15,19.65,18.74,1,0,0,0,0,1,1
92.9,46.73,7.82,40.45,1,0,0,0,0,1,0
77.68,20.89,36.69,10.3,0,1,0,0,0,0,0
82.89,43.6,18.27,20.04,1,0,0,0,0,1,0
90.72,49.77,9.29,35.67,1,0,0,0,2,1,0
84.28,42.04,17.62,20.73,1,0,0,0,1,0,0
94.56,44.69,7.61,41.23,0,1,0,0,5,0,0
93.68,40.13,11.72,29.64,1,0,0,0,3,0,0
82.39,50.92,17.63,20.71,1,0,0,0,1,1,0
87.95,50.15,12.05,28.95,0,0,0,1,3,0,1
94.53,34.64,16.31,22.23,1,0,0,0,0,0,0
82.37,47.44,17.81,20.52,1,0,0,0,3,1,0
80.99,56.44,20.07,18.38,1,0,0,0,1,1,0
85.54,47.3,14.71,24.38,0,0,0,1,1,0,0
97.07,33.92,16.34,22.19,1,0,0,0,1,1,0
89.37,51.67,10.75,31.79,1,0,0,0,3,1,1
92.04,37.44,14.87,24.14,1,0,0,0,1,1,0
94.59,52.46,5.94,48.29,1,0,0,0,1,0,0
96.31,33.45,16.95,21.47,1,0,0,0,2,1,0
81.5,49.19,18.52,19.8,0,1,0,0,3,0,0
88.44,21.32,30.93,12.17,1,0,0,0,1,1,0
94.93,13.47,36.87,10.25,1,0,0,0,2,0,0
92.68,67.4,18.88,19.45,1,0,0,0,2,1,0
81.98,6.45,47.13,8.05,1,0,0,0,1,1,0
87.15,54.87,13.75,25.87,1,0,0,0,0,1,0
91.01,56.58,11.14,30.9,0,1,0,0,3,0,0
88.99,55.16,12.16,28.74,0,0,1,0,0,0,0
93.82,59.42,11.27,30.61,1,0,0,0,0,1,0
89.03,55.53,12.28,28.49,0,1,0,0,4,0,1
89.54,43.13,12.51,28.05,1,0,0,0,2,0,0
94.34,48.07,5.98,48.1,0,0,1,0,1,0,0
87.55,55.46,13.59,26.13,0,0,1,0,0,0,0
91.61,24.98,26.39,14.18,1,0,0,0,0,1,0
88.36,76.92,29.33,12.81,1,0,0,0,0,1,0
92.49,68.14,19.63,18.76,1,0,0,0,0,1,0
91.99,82.69,33.66,11.2,1,0,0,0,0,1,0
87.79,67.18,21.07,17.55,1,0,0,0,0,1,0
88.5,42.24,13.87,25.67,1,0,0,0,4,1,0
91.92,60.9,13.57,26.16,1,0,0,0,4,1,0
92.58,72.63,23.81,15.64,0,0,1,0,0,0,0
77.8,34.85,26.88,13.93,0,1,0,0,4,0,0
87.45,45.79,13.24,26.73,1,0,0,0,3,0,0
82.3,28.91,27.53,13.61,1,0,0,0,0,1,0
89.86,77.72,29.52,12.73,1,0,0,0,1,1,0
94.3,45.43,7.31,42.37,1,0,0,0,1,1,0
97.64,16.55,33.54,11.24,1,0,0,0,1,1,0
83.52,25.5,29.53,12.72,0,0,0,1,1,0,0
93.93,32.27,18.74,19.58,0,0,1,0,1,0,0
93.16,30.62,20.55,17.97,1,0,0,0,3,0,0
91.41,69.28,21.11,17.53,1,0,0,0,0,0,0
94.67,43.2,8.64,37.64,1,0,0,0,4,1,0
86.72,55.96,14.55,24.61,1,0,0,0,0,1,0
95.34,42.08,9.19,35.97,1,0,0,0,0,0,1
90.63,50.89,9.41,35.32,1,0,0,0,1,1,1
96.5,46.48,4.96,53.32,1,0,0,0,1,1,0
88.82,65.6,19.2,19.15,1,0,0,0,3,0,0
82.37,60.0,20.27,18.2,1,0,0,0,0,1,0
88.77,45.93,11.95,29.16,0,1,0,0,2,0,0
94.49,75.6,26.19,14.28,1,0,0,0,1,1,0
88.19,44.33,13.1,26.98,0,1,0,0,0,0,0
91.14,32.53,19.59,18.8,1,0,0,0,2,0,0
95.59,35.77,14.9,24.11,0,0,0,1,3,0,1
85.42,65.78,21.49,17.24,1,0,0,0,2,1,0
82.0,71.25,27.85,13.46,1,0,0,0,0,1,0
85.71,34.76,20.89,17.7,1,0,0,0,0,1,0
93.16,61.44,13.33,26.56,0,0,1,0,0,0,0
76.55,27.2,32.7,11.52,0,0,0,1,1,0,1
88.4,55.39,12.79,27.52,1,0,0,0,4,1,0
97.9,28.35,21.75,17.04,0,1,0,0,0,0,0
87.73,50.94,12.3,28.45,1,0,0,0,1,0,0
96.86,62.23,12.63,27.84,1,0,0,0,0,1,0
94.92,68.56,19.24,19.11,0,1,0,0,1,0,0
84.44,21.57,32.41,11.62,1,0,0,0,0,0,0
81.07,5.22,48.62,7.81,1,0,0,0,0,1,0
86.74,40.6,16.25,22.3,0,1,0,0,2,0,0
83.85,79.17,33.34,11.31,1,0,0,0,0,0,0
86.7,21.7,31.27,12.04,0,1,0,0,3,0,0
98.54,71.98,22.03,16.84,0,1,0,0,4,0,0
86.83,62.87,18.41,19.9,1,0,0,0,0,1,1
96.59,85.24,35.41,10.66,1,0,0,0,0,1,0
95.43,34.84,15.84,22.83,1,0,0,0,3,1,0
84.94,28.32,26.4,14.17,1,0,0,0,1,1,0
88.68,73.19,25.8,14.49,1,0,0,0,0,1,0
90.12,58.04,12.74,27.62,1,0,0,0,3,1,0
88.67,86.54,38.25,9.89,1,0,0,0,0,1,0
91.93,49.48,8.08,39.52,0,0,1,0,2,0,0
85.44,56.56,15.97,22.66,1,0,0,0,4,1,0
90.75,18.88,32.46,11.61,1,0,0,0,0,1,0
92.25,60.15,12.77,27.57,1,0,0,0,3,1,0
79.47,67.83,27.19,13.78,1,0,0,0,0,1,0
79.41,73.78,31.45,11.97,0,0,0,1,0,0,0
86.19,7.14,45.03,8.42,1,0,0,0,0,1,1
91.87,21.07,30.05,12.51,1,0,0,0,1,0,0
89.63,24.54,27.49,13.63,1,0,0,0,0,1,0
87.54,72.02,25.3,14.76,1,0,0,0,0,1,0
79.37,49.85,20.63,17.91,0,1,0,0,0,0,0
89.92,66.31,19.17,19.18,1,0,0,0,2,0,0
87.83,35.8,18.7,19.62,1,0,0,0,2,0,0
94.4,47.36,6.19,47.12,1,0,0,0,3,0,1
77.68,56.27,23.19,16.04,0,0,1,0,2,0,0
76.64,38.99,25.82,14.48,1,0,0,0,2,1,0
81.03,66.02,24.83,15.03,1,0,0,0,1,1,0
98.67,49.85,1.34,78.62,1,0,0,0,3,0,1
87.07,58.15,15.28,23.57,1,0,0,0,6,0,0
92.14,28.83,22.58,16.45,1,0,0,0,1,1,0
97.77,74.17,24.27,15.36,1,0,0,0,2,1,0
88.95,17.51,34.32,10.99,1,0,0,0,1,1,0
82.0,44.21,18.91,19.42,0,1,0,0,1,0,0
74.79,63.45,28.57,13.13,1,0,0,0,0,0,0
79.49,10.87,44.18,8.58,1,0,0,0,0,1,0
92.33,78.51,29.52,12.72,1,0,0,0,1,1,0
94.96,28.51,22.07,16.81,1,0,0,0,1,1,0
95.99,44.43,6.87,44.15,1,0,0,0,0,1,1
83.24,60.55,19.8,18.61,0,1,0,0,0,0,0
82.4,53.59,17.97,20.36,1,0,0,0,2,1,0
91.37,54.61,9.78,34.27,1,0,0,0,0,1,0
87.52,56.21,13.94,25.55,1,0,0,0,1,1,0
83.53,51.83,16.57,21.91,1,0,0,0,0,1,0
86.8,76.19,29.32,12.81,0,0,0,1,0,0,1
98.53,60.56,10.66,32.02,1,0,0,0,1,1,0
83.85,43.96,17.24,21.14,0,0,1,0,4,0,0
97.43,37.55,12.71,27.68,0,0,0,1,3,0,1
85.43,43.63,15.9,22.75,1,0,0,0,2,0,0
81.78,52.94,18.46,19.86,1,0,0,0,2,1,0
93.28,79.63,30.39,12.37,0,1,0,0,1,0,0
89.33,33.14,19.95,18.48,0,0,1,0,1,0,0
86.48,78.36,31.42,11.98,1,0,0,0,0,1,0
96.16,44.26,6.91,43.99,1,0,0,0,3,1,0
83.28,55.16,17.49,20.86,0,1,0,0,3,0,0
76.51,52.03,23.58,15.79,1,0,0,0,0,1,0
79.49,91.91,46.66,8.13,1,0,0,0,0,1,0
96.31,13.26,36.92,10.24,0,1,0,0,2,0,0
99.29,14.43,35.58,10.61,1,0,0,0,1,1,0
85.12,80.62,34.05,11.08,1,0,0,0,3,1,0
87.3,33.59,20.75,17.81,1,0,0,0,1,0,0
95.61,87.94,38.19,9.9,1,0,0,0,2,1,0
92.64,82.5,33.32,11.31,1,0,0,0,0,1,0
97.2,80.91,31.04,12.12,1,0,0,0,1,1,0
92.88,26.82,24.25,15.37,1,0,0,0,1,0,0
79.37,53.37,20.91,17.69,0,1,0,0,0,0,0
87.19,48.23,12.94,27.26,1,0,0,0,1,1,0
94.32,57.79,9.64,34.67,0,1,0,0,4,0,0
98.11,66.46,16.56,21.92,1,0,0,0,0,1,0
84.5,35.83,21.0,17.61,1,0,0,0,0,1,0
98.36,69.43,19.49,18.88,1,0,0,0,2,1,0
93.61,15.67,34.92,10.81,1,0,0,0,0,0,0
89.42,53.02,11.0,31.22,1,0,0,0,1,1,0
82.41,55.82,18.53,19.79,0,0,0,1,1,0,1
95.86,11.84,38.39,9.85,0,1,0,0,0,0,0
94.74,47.04,6.04,47.85,0,0,1,0,0,0,0
93.64,54.6,7.84,40.37,1,0,0,0,4,0,0
92.79,60.17,12.46,28.15,1,0,0,0,0,1,0
88.19,64.81,18.94,19.39,0,0,1,0,0,0,0
94.53,53.33,6.4,46.17,1,0,0,0,3,1,0
79.0,41.84,22.53,16.48,1,0,0,0,0,1,0
82.24,37.36,21.8,17.01,1,0,0,0,3,0,0
95.74,45.18,6.43,46.03,0,0,1,0,2,0,0
97.63,49.39,2.45,69.84,0,0,1,0,3,0,0
95.78,62.24,12.95,27.24,0,0,1,0,3,0,0
86.36,59.57,16.66,21.8,0,1,0,0,0,0,0
94.74,74.42,24.98,14.94,0,0,0,1,2,0,0
76.29,31.47,30.09,12.49,1,0,0,0,1,1,0
93.46,33.99,17.29,21.08,0,1,0,0,1,0,0
93.78,48.68,6.36,46.36,1,0,0,0,0,1,0
90.35,38.3,15.16,23.73,1,0,0,0,0,0,0
87.14,35.58,19.32,19.03,0,1,0,0,2,0,0
85.43,78.43,31.95,11.79,1,0,0,0,2,1,0
93.17,47.86,7.15,42.98,1,0,0,0,1,1,0
97.25,79.03,29.16,12.88,1,0,0,0,0,1,0
84.84,50.57,15.17,23.72,1,0,0,0,1,0,1
79.14,42.06,22.32,16.63,0,1,0,0,1,0,0
93.03,69.42,20.63,17.91,1,0,0,0,1,0,0
77.32,44.61,23.31,15.96,1,0,0,0,3,1,0
79.72,74.04,31.45,11.97,1,0,0,0,0,1,0
91.34,95.0,45.83,8.28,1,0,0,0,0,1,0
90.45,36.16,16.82,21.62,1,0,0,0,1,0,0
93.47,32.86,18.35,19.97,1,0,0,0,0,1,0
86.12,47.33,14.14,25.25,1,0,0,0,3,1,1
84.52,8.38,44.4,8.54,1,0,0,0,0,0,0
85.61,60.86,18.03,20.3,1,0,0,0,1,1,0
74.87,65.25,29.4,12.78,1,0,0,0,1,0,0
93.49,77.95,28.69,13.08,1,0,0,0,0,1,0
93.56,41.42,10.73,31.86,1,0,0,0,2,1,0
85.42,36.51,19.86,18.55,1,0,0,0,0,0,0
94.42,50.7,5.62,49.87,1,0,0,0,2,1,0
98.06,22.35,27.71,13.53,0,0,1,0,0,0,0
89.92,36.85,16.57,21.92,1,0,0,0,1,0,0
79.84,95.0,49.31,7.7,0,1,0,0,0,0,0
87.78,30.71,22.84,16.27,0,1,0,0,0,0,0
84.61,19.7,33.98,11.1,0,1,0,0,0,0,0
91.49,56.7,10.83,31.6,1,0,0,0,2,1,1
87.82,36.45,18.22,20.1,0,1,0,0,0,0,0
86.3,91.31,43.53,8.71,1,0,0,0,0,1,0
83.64,50.58,16.37,22.16,1,0,0,0,3,1,0
89.98,66.39,19.21,19.14,0,0,1,0,2,0,0
95.54,59.22,10.24,33.06,1,0,0,0,3,0,0
74.2,88.16,46.07,8.23,1,0,0,0,0,1,0
81.47,40.0,21.06,17.57,0,1,0,0,0,0,0
92.55,48.35,7.63,41.14,1,0,0,0,2,1,0
92.54,10.99,39.71,9.53,1,0,0,0,0,0,0
84.97,57.55,16.82,21.62,0,1,0,0,2,0,0
87.23,24.43,28.58,13.13,1,0,0,0,0,1,1
86.99,53.56,13.49,26.29,1,0,0,0,1,1,0
87.93,67.1,20.93,17.66,1,0,0,0,2,1,0
94.2,34.91,16.16,22.41,1,0,0,0,4,1,0
93.77,61.76,13.3,26.62,0,0,1,0,0,0,0
81.91,62.41,21.94,16.91,0,1,0,0,5,0,0
93.87,34.0,17.14,21.26,1,0,0,0,4,1,0
82.83,58.31,19.08,19.26,1,0,0,0,3,1,0
80.33,72.99,30.26,12.43,0,1,0,0,1,0,0
85.89,24.46,29.18,12.87,0,0,1,0,1,0,0
89.37,49.58,10.64,32.07,1,0,0,0,3,0,0
97.85,63.55,13.72,25.92,0,1,0,0,1,0,0
84.22,61.35,19.44,18.93,0,1,0,0,0,0,0
94.55,49.66,5.46,50.69,1,0,0,0,4,1,1
86.81,41.32,15.79,22.88,0,1,0,0,1,0,0
89.44,22.23,29.71,12.65,1,0,0,0,1,1,0
76.24,59.76,25.69,14.55,0,0,0,1,0,0,1
71.47,47.7,28.62,13.11,1,0,0,0,2,1,0
83.87,69.43,25.26,14.79,0,0,1,0,2,0,0
91.35,32.03,19.95,18.48,0,1,0,0,0,0,0
87.67,60.19,15.99,22.63,0,1,0,0,0,0,0
96.0,72.18,22.53,16.48,0,0,1,0,0,0,0
87.59,74.75,27.69,13.54,1,0,0,0,1,0,1
89.01,72.48,25.02,14.92,1,0,0,0,0,1,0
98.53,37.32,12.76,27.58,1,0,0,0,4,1,0
91.96,33.72,18.16,20.16,1,0,0,0,0,1,0
71.98,42.95,28.89,12.99,1,0,0,0,0,1,0
84.22,50.48,15.79,22.89,1,0,0,0,0,1,0
80.38,79.45,35.39,10.67,1,0,0,0,1,1,0
88.83,95.0,46.37,8.18,1,0,0,0,0,1,0
96.1,51.37,4.14,58.18,0,1,0,0,5,0,0
77.42,13.06,43.3,8.75,1,0,0,0,0,0,0
82.69,95.0,48.21,7.87,0,1,0,0,0,0,0
93.78,56.16,8.76,37.28,1,0,0,0,3,1,0
86.81,35.77,19.4,18.96,1,0,0,0,0,1,0
98.21,52.34,2.94,66.17,1,0,0,0,4,0,0
76.78,75.88,34.77,10.85,1,0,0,0,1,1,1
85.45,81.81,34.98,10.79,1,0,0,0,0,0,0
91.68,76.09,27.39,13.68,0,0,0,1,1,0,0
93.1,36.88,14.82,24.22,0,1,0,0,1,0,0
88.35,86.93,38.72,9.77,0,1,0,0,0,0,0
89.31,70.01,22.68,16.38,1,0,0,0,0,1,0
97.34,45.14,5.54,50.29,1,0,0,0,0,1,0
88.45,68.61,21.91,16.93,1,0,0,0,2,0,0
95.7,86.53,36.78,10.27,0,0,0,1,0,0,0
90.08,35.11,17.89,20.44,1,0,0,0,3,1,0
84.03,60.05,18.87,19.46,0,0,1,0,2,0,1
81.51,95.0,48.65,7.8,1,0,0,0,0,1,0
92.89,39.32,12.83,27.46,1,0,0,0,1,1,0
97.75,57.97,8.28,38.84,0,0,0,1,1,0,0
66.84,63.94,35.97,10.5,1,0,0,0,0,0,0
81.75,9.84,44.11,8.59,1,0,0,0,0,1,0
92.47,58.43,11.31,30.53,0,1,0,0,1,0,0
87.8,38.13,17.03,21.38,1,0,0,0,1,1,0
79.42,95.0,49.48,7.67,1,0,0,0,0,1,0
88.46,50.72,11.56,29.97,0,0,1,0,4,0,0
75.26,71.73,32.92,11.45,1,0,0,0,0,1,0
89.74,19.74,31.95,11.78,1,0,0,0,1,1,0
97.18,58.19,8.66,37.6,1,0,0,0,5,1,0
91.47,45.83,9.49,35.09,1,0,0,0,2,1,0
89.13,37.47,16.58,21.9,1,0,0,0,2,0,0
96.94,54.42,5.38,51.1,1,0,0,0,1,1,0
93.75,52.18,6.62,45.21,0,1,0,0,4,0,0
88.97,24.37,27.9,13.44,0,0,1,0,0,0,0
84.24,34.57,22.06,16.82,0,1,0,0,0,0,0
93.44,54.79,8.13,39.37,1,0,0,0,4,0,0
78.64,68.53,28.28,13.27,1,0,0,0,0,1,0
88.9,61.62,16.07,22.53,1,0,0,0,1,0,0
79.83,32.31,26.83,13.95,0,0,1,0,1,0,0
91.22,71.88,23.58,15.79,0,1,0,0,2,0,0
92.07,42.53,10.89,31.47,1,0,0,0,4,1,0
85.07,45.93,15.48,23.3,0,0,0,1,0,0,0
94.66,63.41,14.43,24.8,1,0,0,0,2,0,1
97.26,9.58,40.52,9.34,1,0,0,0,1,1,0
82.79,27.38,28.42,13.2,0,1,0,0,4,0,0
83.0,31.43,25.18,14.83,1,0,0,0,0,1,0
93.95,62.58,13.96,25.53,1,0,0,0,3,0,0
99.87,31.76,18.24,20.08,1,0,0,0,4,1,0
93.79,81.81,32.41,11.62,1,0,0,0,2,1,0
82.03,58.15,19.73,18.67,1,0,0,0,0,1,0
86.2,17.56,35.25,10.71,1,0,0,0,1,1,0
89.85,53.09,10.61,32.14,1,0,0,0,1,1,0
92.84,57.59,10.43,32.58,1,0,0,0,6,1,0
89.04,50.65,10.98,31.27,0,1,0,0,1,0,0
91.96,33.71,18.17,20.15,1,0,0,0,3,0,0
92.89,43.85,9.4,35.33,1,0,0,0,0,0,0
78.01,18.64,38.3,9.87,1,0,0,0,1,1,0
91.96,67.47,19.23,19.12,1,0,0,0,0,1,0
87.75,52.15,12.44,28.19,1,0,0,0,0,1,0
88.78,45.07,12.26,28.53,0,1,0,0,0,0,0
87.29,52.36,12.93,27.27,0,1,0,0,0,0,0
78.98,41.43,22.7,16.37,1,0,0,0,2,0,0
83.22,41.03,19.03,19.31,1,0,0,0,3,0,0
80.93,81.52,36.84,10.26,1,0,0,0,1,0,0
88.72,36.98,17.23,21.15,1,0,0,0,2,1,0
81.82,53.63,18.53,19.78,1,0,0,0,2,1,0
87.36,43.24,14.34,24.94,1,0,0,0,0,0,0
92.95,58.05,10.7,31.92,1,0,0,0,2,1,0
74.81,86.63,44.45,8.53,1,0,0,0,0,1,0
85.05,71.92,26.53,14.11,1,0,0,0,1,1,0
88.89,61.18,15.76,22.93,0,0,1,0,2,0,0
86.5,10.03,42.19,8.98,1,0,0,0,1,1,0
95.39,40.46,10.59,32.18,0,0,1,0,1,0,0
88.32,84.06,36.0,10.49,1,0,0,0,0,1,0
93.86,22.8,27.88,13.45,1,0,0,0,0,1,0
82.66,33.37,24.02,15.51,0,1,0,0,0,0,0
84.18,37.84,19.95,18.48,0,1,0,0,1,0,0
92.79,43.9,9.44,35.24,1,0,0,0,3,1,0
94.19,67.13,18.09,20.23,1,0,0,0,3,1,0
90.34,17.47,33.93,11.12,1,0,0,0,0,0,0
97.41,15.02,35.08,10.76,1,0,0,0,0,0,0
84.8,47.99,15.33,23.51,0,0,1,0,1,0,0
92.74,29.58,21.67,17.1,0,1,0,0,0,0,0
93.34,86.44,37.04,10.2,0,0,1,0,0,0,0
76.06,40.78,25.65,14.57,1,0,0,0,0,1,0
78.07,94.37,49.49,7.67,1,0,0,0,2,1,0
97.48,93.71,43.78,8.66,1,0,0,0,0,1,0
89.29,74.83,27.04,13.85,1,0,0,0,1,1,0
88.58,50.89,11.45,30.2,1,0,0,0,1,0,0
92.14,35.4,16.59,21.9,0,1,0,0,3,0,0
82.09,27.65,28.64,13.11,1,0,0,0,0,1,0
85.81,33.36,21.87,16.95,1,0,0,0,2,1,0
91.09,66.63,18.87,19.46,1,0,0,0,0,1,0
85.79,42.19,16.22,22.35,1,0,0,0,4,1,0
97.16,89.29,39.39,9.61,1,0,0,0,0,1,0
86.7,57.98,15.51,23.26,0,1,0,0,2,0,0
83.26,33.85,23.26,15.99,0,1,0,0,2,0,0
98.69,58.58,8.68,37.52,1,0,0,0,3,1,0
87.44,36.88,18.16,20.16,1,0,0,0,0,1,0
86.84,31.52,22.69,16.38,1,0,0,0,1,1,0
85.08,79.18,32.77,11.5,0,1,0,0,0,0,0
92.92,48.25,7.29,42.43,1,0,0,0,3,1,0
85.54,53.24,14.82,24.23,1,0,0,0,0,0,0
86.69,95.0,46.93,8.09,1,0,0,0,0,1,0
88.67,32.08,21.2,17.46,1,0,0,0,3,1,0
80.92,36.11,23.6,15.78,0,0,1,0,0,0,0
96.15,43.51,7.55,41.44,0,1,0,0,0,0,0
97.35,67.58,17.77,20.56,0,0,0,1,2,0,1
93.43,91.98,42.49,8.92,0,0,1,0,0,0,0
77.13,65.89,27.85,13.46,1,0,0,0,0,1,0
95.0,35.79,15.07,23.87,1,0,0,0,3,0,1
97.64,5.0,45.06,8.42,1,0,0,0,0,0,0
93.96,27.68,23.12,16.08,1,0,0,0,1,1,0
69.02,54.73,31.34,12.01,0,1,0,0,0,0,0
82.82,70.17,26.49,14.13,1,0,0,0,0,1,0
93.93,74.62,25.36,14.73,1,0,0,0,2,1,0
93.41,42.38,10.08,33.49,0,1,0,0,2,0,0
94.88,68.62,19.32,19.04,1,0,0,0,0,1,0
73.32,59.36,28.28,13.27,1,0,0,0,4,0,0
88.34,95.0,46.49,8.16,1,0,0,0,0,0,0
81.52,27.86,28.84,13.02,1,0,0,0,2,1,0
89.65,43.49,12.23,28.6,1,0,0,0,1,1,0
89.57,44.36,11.85,29.35,0,1,0,0,2,0,1
73.31,78.94,39.37,9.61,1,0,0,0,2,1,0
92.46,49.49,7.55,41.43,1,0,0,0,4,0,0
99.09,29.56,20.46,18.05,1,0,0,0,0,1,0
82.81,66.94,24.13,15.45,1,0,0,0,3,1,0
87.06,47.37,13.21,26.78,1,0,0,0,0,0,0
95.05,30.5,20.12,18.33,1,0,0,0,0,0,0
90.23,66.6,19.26,19.1,1,0,0,0,3,1,0
77.59,46.37,22.7,16.37,1,0,0,0,4,1,0
91.1,51.69,9.06,36.35,1,0,0,0,2,1,1
86.63,33.99,20.86,17.73,1,0,0,0,3,1,0
95.93,66.47,16.96,21.46,1,0,0,0,2,1,0
83.23,5.0,48.02,7.9,1,0,0,0,0,1,0
91.86,43.48,10.43,32.59,0,0,0,1,0,0,0
86.02,41.85,16.18,22.39,1,0,0,0,3,1,0
83.11,36.09,21.89,16.94,1,0,0,0,4,1,0
90.45,41.73,12.63,27.83,1,0,0,0,1,1,0
92.42,14.14,36.65,10.31,0,0,1,0,0,0,0
97.13,58.29,8.77,37.24,1,0,0,0,0,0,0
79.82,76.94,33.67,11.2,1,0,0,0,3,0,0
93.95,27.56,23.24,16.0,0,1,0,0,1,0,0
82.75,30.58,25.97,14.39,0,0,0,1,2,0,1
94.79,38.58,12.55,27.98,0,1,0,0,3,0,0
98.68,49.36,1.47,77.59,1,0,0,0,1,0,1
87.97,25.25,27.52,13.62,1,0,0,0,2,1,0
81.85,6.95,46.72,8.12,1,0,0,0,0,1,0
79.45,65.26,25.6,14.6,1,0,0,0,3,1,0
94.94,58.04,9.5,35.05,1,0,0,0,0,1,0
84.58,68.86,24.36,15.3,1,0,0,0,1,1,0
87.03,67.58,21.85,16.97,1,0,0,0,0,1,0
93.41,49.2,6.63,45.14,1,0,0,0,2,0,0
90.71,64.31,17.06,21.34,0,1,0,0,1,0,0
81.91,71.81,28.33,13.24,1,0,0,0,1,0,0
85.46,11.65,41.01,9.23,1,0,0,0,1,1,0
96.47,35.34,15.08,23.85,1,0,0,0,3,1,0
79.79,82.92,38.63,9.79,1,0,0,0,0,1,0
93.05,43.49,9.52,34.99,0,1,0,0,3,0,0
93.89,50.89,6.18,47.17,0,1,0,0,2,0,0
81.46,61.9,22.03,16.84,1,0,0,0,2,1,0
83.85,56.04,17.24,21.14,0,1,0,0,3,0,0
96.31,63.65,14.14,25.24,0,1,0,0,0,0,0
81.46,40.4,20.88,17.7,1,0,0,0,2,1,0
94.7,79.7,30.16,12.46,0,1,0,0,1,0,0
93.51,30.45,20.6,17.94,1,0,0,0,1,0,0
97.03,32.27,17.98,20.34,1,0,0,0,2,1,0
84.94,32.2,23.31,15.96,1,0,0,0,1,0,0
87.22,34.47,20.12,18.34,1,0,0,0,3,1,0
75.03,78.56,37.93,9.97,1,0,0,0,0,1,0
92.33,47.73,7.99,39.83,1,0,0,0,2,1,0
83.55,59.97,19.24,19.11,1,0,0,0,0,1,0
92.4,35.56,16.32,22.22,1,0,0,0,1,1,0
92.97,38.45,13.52,26.25,1,0,0,0,0,0,0
79.36,44.06,21.48,17.24,0,0,1,0,1,0,0
88.37,35.88,18.29,20.02,1,0,0,0,1,1,0
86.69,39.14,17.17,21.22,1,0,0,0,2,1,0
93.15,28.98,22.11,16.78,0,0,0,1,0,0,1
90.21,27.26,24.76,15.07,0,0,0,1,0,0,0
92.01,82.67,33.63,11.21,1,0,0,0,0,0,0
97.48,66.66,16.85,21.59,0,1,0,0,1,0,0
92.28,25.74,25.46,14.67,1,0,0,0,2,1,0
89.84,24.09,27.83,13.47,0,1,0,0,0,0,0
95.37,43.67,7.85,40.36,1,0,0,0,2,1,0
96.7,51.49,3.62,61.5,1,0,0,0,0,1,0
92.86,44.61,8.94,36.71,1,0,0,0,2,1,0
93.45,72.85,23.78,15.66,1,0,0,0,2,1,0
78.81,72.72,31.06,12.11,1,0,0,0,1,1,0
92.05,59.26,12.21,28.64,1,0,0,0,0,1,0
76.65,65.61,28.09,13.35,0,1,0,0,0,0,0
90.41,51.16,9.66,34.61,0,0,0,1,0,0,1
94.17,41.21,10.55,32.29,0,0,1,0,3,0,0
93.19,55.51,8.76,37.28,1,0,0,0,2,1,0
79.62,5.0,49.4,7.69,1,0,0,0,0,1,0
81.75,39.58,21.02,17.6,1,0,0,0,1,0,0
88.85,48.79,11.22,30.72,1,0,0,0,1,1,1
92.59,15.45,35.33,10.69,0,0,1,0,0,0,0
95.99,76.63,26.93,13.9,1,0,0,0,1,1,0
91.0,70.41,22.31,16.64,1,0,0,0,0,1,0
94.53,60.66,11.99,29.08,1,0,0,0,2,1,0
82.28,65.8,23.74,15.69,1,0,0,0,0,1,0
89.77,60.49,14.65,24.47,1,0,0,0,5,0,1
95.22,52.31,5.31,51.44,0,0,1,0,3,0,0
83.08,46.16,17.35,21.02,0,1,0,0,1,0,0
90.88,60.11,13.61,26.09,0,0,1,0,1,0,0
88.32,35.13,18.91,19.42,0,1,0,0,2,0,0
90.08,17.78,33.71,11.19,1,0,0,0,0,1,0
91.42,49.84,8.58,37.84,1,0,0,0,3,1,0
94.03,58.58,10.46,32.52,0,1,0,0,3,0,0
95.54,7.25,42.99,8.82,1,0,0,0,0,0,0
77.75,28.78,30.75,12.23,1,0,0,0,1,1,0
93.42,44.11,8.83,37.05,1,0,0,0,3,1,0
90.22,11.53,39.69,9.53,0,1,0,0,0,0,0
85.12,58.18,16.97,21.44,1,0,0,0,1,0,0
93.59,56.28,8.97,36.62,0,1,0,0,4,0,0
79.0,84.51,40.4,9.37,1,0,0,0,0,1,0
93.7,59.16,11.12,30.95,1,0,0,0,3,1,0
92.76,18.51,32.31,11.66,1,0,0,0,1,1,0
95.94,57.24,8.3,38.77,0,1,0,0,2,0,0
90.83,12.78,38.33,9.87,0,0,1,0,4,0,0
86.5,59.41,16.45,22.06,1,0,0,0,2,1,0
85.06,26.42,27.92,13.43,1,0,0,0,0,0,0
95.84,5.59,44.6,8.5,1,0,0,0,0,1,0
84.18,19.13,34.69,10.88,0,1,0,0,1,0,0
92.76,53.95,8.24,38.96,1,0,0,0,2,1,0
95.02,26.38,24.14,15.44,1,0,0,0,3,1,0
94.99,76.24,26.71,14.01,0,1,0,0,0,0,0
85.84,57.07,15.83,22.84,1,0,0,0,0,1,0
93.08,62.48,14.27,25.03,1,0,0,0,1,0,0
83.11,69.37,25.69,14.54,1,0,0,0,2,1,0
78.14,58.8,23.56,15.8,1,0,0,0,2,1,0
91.37,40.35,12.94,27.25,1,0,0,0,1,1,0
81.11,46.27,19.25,19.1,1,0,0,0,1,1,0
78.37,77.39,34.9,10.82,0,0,1,0,0,0,0
88.43,34.41,19.42,18.95,1,0,0,0,0,1,0
83.24,80.05,34.41,10.97,0,1,0,0,0,0,0
80.05,62.27,23.42,15.89,0,0,0,1,2,0,1
92.58,34.84,16.87,21.56,1,0,0,0,1,0,0
91.28,23.87,27.55,13.61,1,0,0,0,0,1,0
91.72,57.31,11.05,31.11,1,0,0,0,3,1,0
96.37,95.0,45.15,8.4,1,0,0,0,1,1,0
83.0,21.2,33.44,11.27,1,0,0,0,0,1,0
88.55,42.66,13.61,26.1,1,0,0,0,1,1,0
78.67,46.87,21.56,17.18,1,0,0,0,4,1,0
75.12,31.9,30.77,12.22,1,0,0,0,1,1,0
82.56,48.0,17.55,20.8,1,0,0,0,2,1,0
96.76,95.0,45.12,8.41,1,0,0,0,0,1,0
83.94,33.79,22.82,16.29,1,0,0,0,0,1,0
85.14,45.56,15.51,23.26,1,0,0,0,2,1,0
94.02,39.98,11.67,29.75,1,0,0,0,2,0,0
93.47,65.24,16.58,21.9,1,0,0,0,1,1,0
98.14,55.07,5.4,51.0,1,0,0,0,0,0,1
90.55,65.78,18.4,19.92,0,1,0,0,0,0,0
94.17,41.85,10.02,33.65,0,1,0,0,4,0,0
87.98,93.53,45.16,8.4,0,0,1,0,0,0,0
79.98,95.0,49.25,7.71,1,0,0,0,1,0,0
76.85,29.17,31.14,12.08,0,0,1,0,0,0,0
85.3,61.6,18.73,19.59,1,0,0,0,3,1,0
91.52,24.09,27.26,13.74,1,0,0,0,0,1,0
82.86,66.58,23.85,15.62,1,0,0,0,0,1,0
88.45,65.0,18.93,19.4,1,0,0,0,1,1,0
85.55,80.2,33.48,11.26,1,0,0,0,0,1,0
84.67,14.62,38.56,9.81,0,1,0,0,3,0,0
86.87,40.12,16.43,22.09,1,0,0,0,0,0,0
83.2,70.55,26.54,14.1,1,0,0,0,2,1,0
93.9,36.12,15.16,23.74,1,0,0,0,3,1,0
94.14,50.24,5.86,48.67,0,1,0,0,3,0,0
85.88,7.78,44.52,8.52,1,0,0,0,0,1,0
96.37,37.05,13.45,26.37,1,0,0,0,2,1,0
89.76,6.54,44.65,8.49,1,0,0,0,1,1,0
78.54,31.94,28.05,13.37,1,0,0,0,1,0,0
85.04,25.93,28.34,13.24,0,1,0,0,3,0,0
89.2,12.96,38.58,9.8,1,0,0,0,0,0,0
93.02,40.26,11.99,29.08,1,0,0,0,2,1,0
97.43,10.28,39.8,9.51,1,0,0,0,2,1,0
95.92,43.66,7.54,41.48,1,0,0,0,2,0,0
81.22,78.43,34.07,11.07,0,1,0,0,1,0,0
97.64,44.98,5.54,50.25,1,0,0,0,3,1,1
94.0,34.67,16.46,22.05,0,1,0,0,0,0,0
73.63,58.04,27.57,13.59,1,0,0,0,1,1,0
92.41,30.25,21.16,17.49,1,0,0,0,1,1,0
84.6,68.45,24.03,15.51,1,0,0,0,1,0,0
81.1,73.49,30.15,12.47,1,0,0,0,1,1,0
91.39,45.73,9.61,34.74,1,0,0,0,0,0,0
98.11,19.33,30.73,12.24,1,0,0,0,0,0,0
93.76,41.21,10.78,31.72,1,0,0,0,2,1,0
88.21,55.14,12.86,27.4,1,0,0,0,2,1,0
78.03,58.98,23.73,15.69,1,0,0,0,2,0,0
87.34,40.85,15.62,23.11,1,0,0,0,2,1,0
97.84,34.89,15.26,23.6,1,0,0,0,1,0,1
74.01,75.65,36.52,10.35,1,0,0,0,0,1,0
87.03,62.4,17.95,20.38,1,0,0,0,0,1,0
85.61,29.55,25.01,14.93,1,0,0,0,1,1,0
82.2,54.05,18.25,20.07,0,1,0,0,0,0,0
93.21,27.49,23.51,15.83,1,0,0,0,0,1,0
84.89,63.17,20.05,18.4,0,1,0,0,2,0,0
98.76,52.05,2.39,70.25,0,1,0,0,0,0,1
91.58,95.0,45.78,8.29,1,0,0,0,0,0,0
94.36,79.29,29.83,12.6,0,1,0,0,0,0,0
93.19,39.2,12.77,27.57,1,0,0,0,0,1,0
81.48,64.55,23.55,15.81,1,0,0,0,2,0,0
97.58,78.71,28.81,13.03,0,0,0,1,1,0,1
93.02,39.09,12.95,27.23,1,0,0,0,1,0,1
88.28,36.69,17.73,20.6,1,0,0,0,4,1,0
95.66,64.7,15.33,23.5,1,0,0,0,0,1,0
81.16,21.85,33.88,11.13,0,1,0,0,1,0,0
70.15,38.73,31.91,11.8,1,0,0,0,1,1,0
95.4,41.86,9.35,35.5,1,0,0,0,1,1,0
93.65,71.7,22.61,16.43,1,0,0,0,0,1,0
69.05,61.96,33.18,11.36,1,0,0,0,1,1,0
89.35,40.58,14.22,25.11,0,1,0,0,0,0,0
85.11,80.51,33.95,11.11,0,0,0,1,2,0,0
72.97,27.91,34.91,10.81,1,0,0,0,0,1,0
87.79,53.24,12.64,27.82,1,0,0,0,3,1,0
84.98,27.83,26.78,13.98,1,0,0,0,0,0,1
77.33,38.94,25.22,14.8,1,0,0,0,0,1,0
95.53,44.29,7.25,42.61,1,0,0,0,0,1,0
88.97,64.28,18.04,20.28,0,1,0,0,1,0,0
87.53,42.36,14.62,24.51,0,1,0,0,0,0,0
87.36,59.6,15.87,22.78,1,0,0,0,0,1,0
91.68,69.75,21.43,17.28,0,1,0,0,3,0,0
95.17,37.48,13.42,26.42,1,0,0,0,0,1,0
68.51,15.52,46.69,8.13,1,0,0,0,0,0,0
85.67,42.42,16.21,22.35,1,0,0,0,1,1,0
89.56,53.32,10.96,31.32,1,0,0,0,1,1,0
94.59,62.87,13.96,25.52,0,0,0,1,3,0,1
88.03,28.0,25.04,14.91,1,0,0,0,3,1,0
97.68,53.98,4.6,55.37,1,0,0,0,4,1,1
83.75,91.69,44.75,8.47,1,0,0,0,0,0,0
97.52,27.21,22.93,16.21,0,0,0,1,3,0,1
98.17,9.3,40.74,9.29,0,0,0,1,0,0,1
91.18,27.8,23.89,15.59,1,0,0,0,1,1,0
84.83,54.22,15.75,22.95,1,0,0,0,3,0,0
88.78,19.26,32.72,11.52,1,0,0,0,0,1,0
83.34,77.31,31.99,11.77,1,0,0,0,1,1,0
89.32,34.71,18.65,19.67,1,0,0,0,2,1,0
89.59,70.6,23.08,16.11,1,0,0,0,0,1,0
86.26,48.88,13.79,25.8,0,0,0,1,3,0,1
78.89,29.0,29.77,12.62,0,0,1,0,0,0,0
81.8,35.86,23.05,16.13,1,0,0,0,4,0,0
89.83,13.58,37.81,10.0,0,1,0,0,0,0,0
88.69,18.06,33.88,11.13,1,0,0,0,0,1,0
94.33,43.67,8.5,38.12,1,0,0,0,2,1,1
92.29,29.49,21.91,16.92,1,0,0,0,0,0,0
92.28,46.64,8.42,38.38,1,0,0,0,3,1,0
92.43,43.95,9.69,34.53,1,0,0,0,2,1,0
84.9,56.75,16.55,21.95,1,0,0,0,1,0,0
87.89,75.91,28.61,13.12,1,0,0,0,0,0,0
96.03,73.72,24.05,15.5,1,0,0,0,2,1,0
89.01,25.88,26.5,14.12,1,0,0,0,3,1,0
88.59,62.25,16.74,21.71,1,0,0,0,4,0,0
94.18,40.84,10.86,31.55,0,1,0,0,3,0,0
83.71,72.87,28.08,13.35,1,0,0,0,2,0,0
85.92,41.06,16.68,21.79,1,0,0,0,2,1,0
92.31,79.21,30.2,12.45,1,0,0,0,0,0,0
73.12,69.02,32.93,11.44,1,0,0,0,1,1,0
89.01,23.57,28.62,13.11,0,1,0,0,1,0,0
84.88,20.8,32.88,11.46,0,0,1,0,0,0,0
92.51,46.46,8.29,38.82,1,0,0,0,0,1,0
80.05,23.06,33.52,11.25,1,0,0,0,0,0,0
72.35,47.69,27.75,13.51,1,0,0,0,2,0,0
75.52,48.4,24.53,15.2,1,0,0,0,1,1,0
99.48,72.55,22.56,16.46,1,0,0,0,3,1,0
86.48,28.69,25.23,14.8,1,0,0,0,0,1,0
78.98,31.14,28.24,13.28,1,0,0,0,0,1,0
80.51,75.54,32.12,11.72,1,0,0,0,0,0,0
97.86,49.55,2.19,71.8,0,1,0,0,4,0,0
90.47,47.09,9.96,33.8,1,0,0,0,1,1,0
91.38,42.93,11.15,30.88,1,0,0,0,1,0,0
94.41,51.61,5.82,48.89,1,0,0,0,0,1,0
98.3,57.04,7.25,42.61,1,0,0,0,1,0,1
75.56,56.71,25.34,14.74,1,0,0,0,1,1,0
85.12,77.85,31.58,11.92,1,0,0,0,2,1,0
96.97,30.12,20.11,18.34,1,0,0,0,2,1,0
86.29,73.79,27.46,13.65,1,0,0,0,0,1,0
82.92,19.86,34.64,10.89,1,0,0,0,0,1,0
75.51,5.0,51.23,7.41,1,0,0,0,2,1,0
93.09,74.2,25.16,14.84,1,0,0,0,0,1,0
91.69,55.96,10.23,33.1,0,0,1,0,2,0,0
84.94,39.81,18.18,20.13,1,0,0,0,4,0,0
87.97,5.0,46.58,8.14,0,0,1,0,0,0,0
88.31,31.62,21.78,17.02,1,0,0,0,2,1,0
82.51,80.62,35.27,10.7,1,0,0,0,0,1,0
90.0,50.05,10.0,33.7,0,0,1,0,1,0,0
71.74,9.86,49.09,7.73,1,0,0,0,0,1,0
92.79,20.02,30.84,12.2,0,1,0,0,2,0,0
89.64,79.56,31.32,12.02,1,0,0,0,2,1,0
92.5,65.92,17.6,20.75,1,0,0,0,3,0,0
94.26,69.18,20.02,18.42,1,0,0,0,5,1,0
86.73,48.46,13.36,26.52,1,0,0,0,1,1,1
97.97,33.49,16.64,21.84,1,0,0,0,1,1,0
93.01,81.95,32.71,11.52,0,0,0,1,1,0,1
84.73,87.05,40.07,9.45,0,0,1,0,0,0,0
83.1,59.24,19.26,19.09,1,0,0,0,0,1,0
95.76,68.82,19.29,19.06,1,0,0,0,3,1,0
79.09,30.81,28.38,13.22,0,1,0,0,2,0,0
91.47,28.4,23.22,16.02,1,0,0,0,1,0,0
98.11,54.85,5.2,52.03,1,0,0,0,3,0,0
84.5,31.94,23.8,15.65,1,0,0,0,2,1,0
72.12,77.56,39.2,9.65,0,0,0,1,1,0,1
85.34,14.56,38.36,9.86,0,0,1,0,1,0,0
78.91,41.75,22.65,16.4,1,0,0,0,1,0,0
82.81,53.99,17.65,20.69,1,0,0,0,1,1,0
82.34,31.62,25.49,14.66,0,0,0,1,0,0,1
76.2,51.5,23.85,15.62,1,0,0,0,1,1,1
94.43,25.47,25.16,14.84,1,0,0,0,4,1,0
90.55,57.79,12.25,28.56,1,0,0,0,4,1,0
92.46,41.25,11.56,29.98,0,0,1,0,0,0,0
88.77,36.14,17.84,20.49,1,0,0,0,3,1,0
95.75,90.47,40.69,9.3,0,1,0,0,1,0,0
94.54,15.45,34.97,10.79,0,0,1,0,0,0,0
87.88,57.94,14.49,24.71,0,0,1,0,3,0,0
91.83,29.49,22.08,16.8,0,0,1,0,1,0,0
93.99,90.43,40.87,9.26,1,0,0,0,2,1,0
86.02,91.09,43.41,8.73,1,0,0,0,0,0,0
96.1,48.98,4.04,58.81,1,0,0,0,3,1,0
92.93,31.74,19.58,18.8,1,0,0,0,3,1,0
90.47,66.47,19.03,19.31,1,0,0,0,0,1,0
95.37,44.63,7.09,43.24,0,0,0,1,3,0,1
89.16,47.1,11.22,30.72,0,0,1,0,0,0,0
91.34,10.46,40.48,9.35,1,0,0,0,0,0,0
81.67,38.32,21.74,17.05,1,0,0,0,2,1,0
90.05,31.55,20.96,17.64,1,0,0,0,1,0,0
84.51,81.43,35.04,10.77,1,0,0,0,0,0,0
86.78,68.84,23.02,16.15,1,0,0,0,4,1,0
88.42,33.63,20.05,18.39,1,0,0,0,0,1,0
86.02,50.69,14.0,25.46,1,0,0,0,6,0,0
91.59,49.03,8.46,38.23,1,0,0,0,2,0,0
87.56,45.95,13.08,27.0,1,0,0,0,3,1,0
99.26,46.26,3.81,60.23,1,0,0,0,3,1,0
95.34,53.55,5.86,48.69,0,0,1,0,2,0,0
88.34,5.0,46.49,8.16,1,0,0,0,0,1,0
82.07,49.95,17.93,20.4,1,0,0,0,1,0,0
88.29,46.07,12.35,28.35,1,0,0,0,1,1,0
84.44,53.09,15.86,22.79,1,0,0,0,0,0,0
84.97,88.03,40.89,9.26,1,0,0,0,0,0,0
84.91,13.84,39.19,9.65,1,0,0,0,0,1,0
78.22,65.72,26.86,13.94,0,0,0,1,2,0,0
96.08,31.28,19.13,19.22,0,1,0,0,3,0,0
94.34,63.64,14.77,24.3,1,0,0,0,5,0,0
87.85,74.56,27.41,13.67,0,0,1,0,0,0,0
96.87,49.05,3.27,63.84,1,0,0,0,1,1,0
96.62,38.26,12.21,28.63,0,0,1,0,5,0,0
96.39,67.03,17.41,20.96,1,0,0,0,2,1,0
95.27,37.77,13.11,26.96,0,0,1,0,2,0,0
96.38,71.28,21.59,17.16,0,1,0,0,2,0,0
98.6,85.49,35.52,10.63,1,0,0,0,2,1,0
89.99,17.8,33.72,11.18,1,0,0,0,0,1,0
93.11,75.43,26.35,14.2,1,0,0,0,2,0,0
92.94,69.38,20.62,17.91,1,0,0,0,1,1,0
79.11,36.9,24.65,15.13,1,0,0,0,3,1,0
95.04,60.11,11.27,30.61,1,0,0,0,2,1,0
90.09,34.79,18.15,20.17,0,0,1,0,1,0,0
86.23,49.69,13.78,25.82,0,0,0,1,1,0,0
82.91,55.77,18.04,20.29,1,0,0,0,0,0,0
79.62,41.24,22.18,16.73,1,0,0,0,2,0,0
83.45,25.9,29.23,12.85,1,0,0,0,1,1,0
90.29,67.05,19.62,18.77,0,0,1,0,1,0,0
95.87,49.28,4.19,57.83,1,0,0,0,3,1,0
85.68,46.49,14.75,24.33,0,1,0,0,2,0,0
68.56,20.88,42.86,8.84,1,0,0,0,1,1,0
91.23,54.81,10.0,33.69,1,0,0,0,3,1,0
90.67,46.36,10.01,33.66,0,0,1,0,3,0,0
91.73,87.61,38.51,9.82,1,0,0,0,2,1,0
90.89,56.44,11.15,30.87,1,0,0,0,1,1,0
84.51,56.93,16.97,21.45,1,0,0,0,0,0,1
76.44,67.94,29.61,12.69,1,0,0,0,2,1,0
77.87,78.95,36.44,10.37,1,0,0,0,0,1,0
85.23,28.64,25.98,14.39,1,0,0,0,2,1,0
97.25,75.47,25.62,14.59,1,0,0,0,0,1,0
91.71,42.99,10.86,31.55,1,0,0,0,2,1,0
93.66,79.33,30.01,12.52,1,0,0,0,2,1,0
96.18,69.14,19.52,18.86,1,0,0,0,3,1,0
74.5,20.6,38.91,9.72,1,0,0,0,1,0,0
84.84,49.9,15.16,23.74,0,0,1,0,2,0,0
80.3,44.24,20.53,17.99,1,0,0,0,0,1,0
88.85,46.04,11.84,29.39,1,0,0,0,1,1,0
97.43,35.67,14.56,24.61,1,0,0,0,1,1,0
84.54,44.66,16.36,22.18,1,0,0,0,3,1,0
88.3,36.15,18.13,20.19,0,0,1,0,0,0,0
92.84,40.19,12.15,28.76,0,0,1,0,1,0,0
97.36,42.91,7.56,41.41,1,0,0,0,2,1,0
92.26,48.98,7.81,40.5,1,0,0,0,1,1,0
92.79,60.38,12.64,27.8,1,0,0,0,3,1,0
89.3,31.01,21.79,17.01,0,1,0,0,1,0,0
83.11,58.48,18.9,19.43,1,0,0,0,1,1,0
81.41,66.3,24.72,15.09,0,0,0,1,0,0,1
73.97,61.29,28.37,13.22,1,0,0,0,1,1,0
98.56,59.14,9.25,35.78,0,1,0,0,0,0,0
90.05,54.39,10.88,31.5,1,0,0,0,2,1,0
96.8,53.52,4.76,54.49,0,1,0,0,2,0,0
86.6,50.75,13.42,26.42,0,1,0,0,2,0,0
96.09,39.61,11.1,30.99,0,0,1,0,3,0,0
92.3,58.09,11.17,30.83,1,0,0,0,0,1,0
90.57,82.44,33.78,11.16,0,0,1,0,0,0,0
81.11,39.19,21.76,17.03,1,0,0,0,0,1,0
89.85,81.19,32.8,11.49,0,0,1,0,0,0,0
88.34,20.82,31.42,11.98,0,0,1,0,0,0,0
89.35,70.31,22.93,16.21,1,0,0,0,4,1,0
96.84,55.04,5.95,48.25,1,0,0,0,6,1,0
85.67,5.0,47.23,8.03,1,0,0,0,0,1,0
96.16,66.31,16.76,21.7,1,0,0,0,0,1,0
84.05,40.45,18.59,19.73,1,0,0,0,1,1,0
87.66,21.91,30.68,12.26,0,0,1,0,3,0,0
81.79,6.43,47.23,8.04,1,0,0,0,1,1,0
91.18,52.79,9.25,35.77,1,0,0,0,2,1,0
80.14,68.51,27.15,13.8,1,0,0,0,1,1,0
67.29,53.14,32.86,11.47,0,1,0,0,0,0,0
84.54,21.45,32.47,11.6,1,0,0,0,1,1,0
75.95,49.44,24.06,15.49,0,1,0,0,1,0,0
92.05,49.44,7.97,39.9,1,0,0,0,2,1,1
95.36,19.39,30.96,12.15,1,0,0,0,2,1,0
90.42,39.93,13.9,25.63,1,0,0,0,1,1,0
82.2,61.78,21.35,17.34,1,0,0,0,1,1,0
96.93,61.06,11.48,30.15,1,0,0,0,1,1,0
90.21,21.24,30.38,12.38,1,0,0,0,2,1,1
92.61,50.49,7.41,41.98,0,1,0,0,2,0,0
78.23,14.17,41.93,9.03,1,0,0,0,1,0,0
97.28,65.46,15.7,23.01,1,0,0,0,3,1,0
81.07,43.72,19.94,18.48,1,0,0,0,1,1,0
76.75,43.85,24.05,15.49,1,0,0,0,0,1,0
96.12,37.37,13.22,26.77,1,0,0,0,0,1,1
80.49,60.42,22.12,16.77,0,1,0,0,2,0,0
84.04,38.2,19.85,18.57,0,0,1,0,1,0,0
75.94,58.73,25.59,14.6,1,0,0,0,4,1,0
81.5,36.79,22.73,16.35,0,1,0,0,2,0,0
75.92,38.02,26.9,13.92,1,0,0,0,0,1,0
93.9,28.28,22.56,16.46,0,1,0,0,3,0,0
94.79,45.07,7.17,42.93,0,0,1,0,5,0,0
82.22,66.03,23.94,15.56,1,0,0,0,4,1,0
90.69,47.33,9.69,34.53,0,0,1,0,4,0,0
75.84,48.71,24.2,15.4,1,0,0,0,0,1,0
86.58,49.88,13.42,26.41,1,0,0,0,0,1,0
90.02,71.54,23.74,15.68,1,0,0,0,3,0,0
98.33,48.44,2.28,71.11,1,0,0,0,5,1,1
98.55,59.37,9.49,35.1,1,0,0,0,0,1,0
88.35,52.9,12.01,29.04,1,0,0,0,0,1,0
93.64,57.36,9.72,34.43,1,0,0,0,3,0,1
76.04,84.21,41.76,9.07,1,0,0,0,0,1,0
87.96,9.6,42.15,8.99,1,0,0,0,1,1,0
93.49,62.2,13.83,25.74,1,0,0,0,1,1,1
82.99,15.91,38.09,9.93,1,0,0,0,0,0,0
89.33,55.28,11.9,29.25,1,0,0,0,3,1,0
77.23,63.17,26.31,14.22,0,0,0,1,3,0,0
92.83,23.35,27.6,13.58,1,0,0,0,1,1,0
93.46,48.09,6.81,44.38,1,0,0,0,2,1,0
81.91,70.77,27.54,13.61,1,0,0,0,3,1,0
96.79,44.11,6.71,44.83,1,0,0,0,2,0,0
83.28,49.39,16.74,21.72,1,0,0,0,2,1,0
85.54,70.1,24.76,15.07,0,1,0,0,1,0,0
84.26,51.84,15.85,22.81,1,0,0,0,0,1,0
83.17,50.03,16.83,21.61,0,0,1,0,2,0,0
95.8,79.48,29.78,12.62,1,0,0,0,2,0,0
97.82,71.16,21.27,17.4,1,0,0,0,0,1,0
91.78,66.64,18.56,19.76,1,0,0,0,2,0,0
90.59,49.17,9.45,35.2,1,0,0,0,1,0,0
71.23,35.53,32.21,11.69,1,0,0,0,0,1,0
87.56,38.12,17.2,21.18,1,0,0,0,1,1,0
90.31,10.54,40.64,9.32,1,0,0,0,0,1,0
92.6,63.62,15.5,23.27,1,0,0,0,3,1,0
92.6,33.93,17.69,20.65,1,0,0,0,1,1,0
81.53,42.64,19.88,18.54,1,0,0,0,2,1,0
83.86,52.58,16.34,22.19,1,0,0,0,1,0,0
97.77,77.83,27.92,13.43,0,0,0,1,1,0,1
87.79,75.68,28.44,13.19,1,0,0,0,0,1,0
92.59,37.49,14.54,24.63,1,0,0,0,1,1,0
86.55,67.1,21.76,17.03,1,0,0,0,0,1,0
74.63,17.56,41.18,9.2,1,0,0,0,0,1,0
87.65,45.43,13.16,26.86,1,0,0,0,4,1,0
73.06,38.62,29.24,12.84,1,0,0,0,0,1,0
86.9,56.74,14.73,24.35,1,0,0,0,0,1,0
87.69,58.34,14.87,24.15,1,0,0,0,2,1,0
94.56,18.72,31.75,11.86,1,0,0,0,4,1,0
73.25,95.0,52.35,7.26,1,0,0,0,2,1,0
86.04,34.03,21.21,17.45,0,0,0,1,3,0,1
97.2,48.51,3.17,64.58,1,0,0,0,0,1,0
84.38,67.62,23.55,15.81,1,0,0,0,0,0,0
87.28,67.44,21.59,17.16,1,0,0,0,0,1,1
87.85,43.6,13.73,25.9,1,0,0,0,5,1,0
87.63,23.61,29.14,12.89,1,0,0,0,0,1,0
84.81,36.47,20.34,18.15,1,0,0,0,0,1,0
96.48,59.85,10.46,32.51,0,1,0,0,2,0,0
92.66,61.91,13.99,25.48,1,0,0,0,0,1,0
85.12,52.99,15.18,23.71,1,0,0,0,1,1,0
93.2,95.0,45.51,8.33,1,0,0,0,0,1,0
85.04,66.08,21.96,16.88,1,0,0,0,2,1,0
83.11,47.41,17.09,21.32,1,0,0,0,0,0,0
97.96,30.84,19.27,19.08,1,0,0,0,0,1,0
76.55,44.78,24.02,15.51,1,0,0,0,2,1,0
81.58,51.86,18.51,19.8,0,0,1,0,2,0,0
74.56,67.38,30.81,12.21,1,0,0,0,0,1,0
89.76,50.11,10.24,33.07,1,0,0,0,4,1,0
98.74,81.64,31.66,11.89,0,1,0,0,2,0,0
88.06,33.52,20.35,18.14,1,0,0,0,2,1,0
90.87,56.8,11.39,30.35,1,0,0,0,3,1,0
90.08,31.2,21.26,17.41,1,0,0,0,0,1,0
91.11,29.95,21.93,16.91,0,1,0,0,2,0,0
87.4,38.84,16.83,21.61,1,0,0,0,2,1,0
94.93,45.09,7.06,43.38,1,0,0,0,0,0,1
87.98,36.42,18.13,20.19,0,0,0,1,1,0,0
95.38,20.31,30.05,12.51,1,0,0,0,1,1,0
82.73,65.68,23.33,15.95,1,0,0,0,0,1,0
87.39,36.77,18.28,20.04,1,0,0,0,0,1,0
92.55,42.99,10.23,33.1,1,0,0,0,4,1,0
75.98,93.37,49.58,7.66,1,0,0,0,0,1,0
94.75,23.71,26.81,13.96,1,0,0,0,0,1,0
82.38,82.81,37.24,10.15,1,0,0,0,1,1,0
82.5,41.85,19.31,19.05,1,0,0,0,0,1,0
89.57,94.75,45.95,8.26,1,0,0,0,0,1,0
78.46,43.01,22.65,16.4,1,0,0,0,0,1,0
92.28,62.79,14.94,24.05,1,0,0,0,2,1,0
82.83,17.02,37.18,10.17,1,0,0,0,1,1,0
82.74,55.83,18.22,20.1,1,0,0,0,2,1,0
98.02,70.54,20.64,17.9,0,1,0,0,0,0,0
94.69,45.89,6.72,44.79,1,0,0,0,4,1,0
78.09,39.32,24.38,15.29,1,0,0,0,0,1,0
81.9,77.06,32.55,11.57,0,0,1,0,1,0,0
79.0,33.64,26.62,14.06,1,0,0,0,0,1,0
86.01,66.84,21.89,16.93,1,0,0,0,0,0,0
92.42,66.99,18.61,19.71,1,0,0,0,0,1,1
91.88,68.81,20.49,18.02,1,0,0,0,1,0,0
87.4,35.35,19.33,19.03,1,0,0,0,0,0,0
97.85,42.27,8.02,39.74,1,0,0,0,2,1,0
82.64,25.03,30.41,12.36,1,0,0,0,2,0,0
82.92,21.12,33.56,11.24,0,1,0,0,0,0,0
97.86,30.22,19.89,18.53,1,0,0,0,3,1,0
82.58,41.49,19.38,18.98,0,0,0,1,0,0,0
84.85,62.56,19.68,18.71,1,0,0,0,0,1,0
99.06,33.36,16.66,21.8,0,0,1,0,3,0,0
94.33,53.16,6.49,45.76,0,1,0,0,1,0,0
92.81,31.15,20.17,18.29,1,0,0,0,1,1,0
86.79,84.93,37.34,10.12,0,0,1,0,1,0,0
86.59,50.78,13.43,26.39,0,0,0,1,2,0,1
91.36,51.94,8.86,36.96,0,0,0,1,2,0,1
93.7,59.29,11.23,30.71,1,0,0,0,1,0,0
82.65,44.04,18.34,19.97,1,0,0,0,2,1,0
95.84,34.29,16.25,22.3,1,0,0,0,3,1,0
83.85,38.2,20.0,18.43,1,0,0,0,1,1,0
76.65,46.76,23.58,15.79,1,0,0,0,1,1,0
68.41,46.33,31.8,11.84,0,0,1,0,1,0,0
94.23,83.86,34.35,10.98,1,0,0,0,2,1,0
90.23,75.42,27.24,13.75,1,0,0,0,3,0,0
77.55,69.94,30.03,12.52,1,0,0,0,0,1,0
88.56,20.8,31.37,12.0,1,0,0,0,0,1,0
84.59,30.97,24.49,15.23,1,0,0,0,0,1,0
85.73,43.33,15.75,22.94,1,0,0,0,1,1,0
83.11,67.92,24.63,15.15,1,0,0,0,2,1,0
84.15,25.91,28.84,13.02,1,0,0,0,0,1,0
98.7,39.55,10.53,32.33,0,1,0,0,2,0,1
88.71,55.15,12.41,28.24,0,1,0,0,0,0,0
91.09,57.97,11.96,29.14,0,1,0,0,3,0,0
97.87,95.0,45.05,8.42,1,0,0,0,0,0,0
82.96,51.31,17.1,21.3,0,1,0,0,0,0,0
98.71,39.57,10.51,32.39,0,1,0,0,1,0,0
90.85,62.15,15.21,23.67,0,1,0,0,0,0,0
87.34,54.39,13.4,26.45,0,1,0,0,2,0,0
90.4,11.49,39.69,9.53,1,0,0,0,0,1,0
92.47,77.53,28.55,13.15,1,0,0,0,0,1,0
94.1,10.5,39.94,9.48,1,0,0,0,0,1,0
80.4,41.36,21.42,17.29,1,0,0,0,3,1,0
89.72,39.98,14.35,24.91,1,0,0,0,0,1,0
88.78,27.3,25.32,14.75,1,0,0,0,1,0,1
81.3,55.84,19.59,18.79,1,0,0,0,0,1,0
71.45,52.3,28.64,13.1,0,1,0,0,1,0,0
84.47,35.08,21.53,17.2,1,0,0,0,2,1,0
84.68,38.98,18.87,19.46,1,0,0,0,4,1,0
89.78,95.0,46.15,8.22,1,0,0,0,0,0,0
89.04,71.36,24.01,15.52,1,0,0,0,1,1,0
94.05,46.61,6.85,44.23,1,0,0,0,2,1,0
93.67,47.35,6.86,44.19,0,1,0,0,1,0,0
87.55,11.36,40.59,9.33,0,1,0,0,0,0,0
99.31,45.54,4.51,55.92,1,0,0,0,1,0,1
82.42,36.41,22.22,16.7,1,0,0,0,1,0,0
93.87,52.68,6.69,44.9,1,0,0,0,2,1,0
88.16,76.38,28.91,12.98,1,0,0,0,1,1,0
77.72,79.76,37.17,10.17,1,0,0,0,0,0,0
77.3,5.0,50.4,7.54,1,0,0,0,0,0,0
92.02,57.09,10.68,31.98,1,0,0,0,0,1,0
79.42,48.34,20.64,17.9,0,0,1,0,3,0,0
98.5,58.34,8.48,38.18,1,0,0,0,1,1,0
94.24,45.95,7.04,43.43,0,1,0,0,0,0,0
87.19,48.56,12.89,27.35,0,0,1,0,3,0,0
92.46,21.01,29.96,12.55,1,0,0,0,0,1,0
89.92,33.43,19.39,18.97,0,1,0,0,0,0,0
87.19,48.01,12.96,27.22,1,0,0,0,3,1,0
85.88,48.23,14.23,25.11,1,0,0,0,1,1,0
89.08,59.46,14.45,24.77,1,0,0,0,1,1,0
96.25,70.5,20.84,17.74,1,0,0,0,2,1,0
95.01,51.09,5.1,52.56,1,0,0,0,1,0,1
89.94,15.75,35.7,10.58,1,0,0,0,0,1,0
79.99,85.51,40.76,9.29,0,0,1,0,2,0,0
87.51,21.86,30.79,12.22,0,1,0,0,3,0,0
97.08,58.21,8.72,37.41,1,0,0,0,1,1,0
83.36,51.61,16.72,21.74,1,0,0,0,1,1,0
85.02,39.94,18.04,20.28,1,0,0,0,5,1,0
93.76,72.33,23.19,16.04,1,0,0,0,0,0,0
86.78,74.76,28.06,13.36,1,0,0,0,1,1,0
83.04,66.61,23.74,15.69,0,1,0,0,2,0,0
76.74,53.17,23.48,15.85,0,0,1,0,1,0,0
98.17,61.96,12.1,28.86,1,0,0,0,1,0,0
87.18,43.66,14.31,24.99,0,1,0,0,2,0,0
90.84,5.0,45.92,8.26,0,0,0,1,0,0,1
90.14,78.6,30.25,12.43,0,0,1,0,1,0,0
95.22,34.92,15.82,22.86,1,0,0,0,0,0,1
80.39,55.59,20.39,18.11,1,0,0,0,1,1,0
87.1,72.65,26.06,14.35,1,0,0,0,2,1,0
90.75,57.62,11.99,29.08,1,0,0,0,3,1,0
80.98,11.95,42.54,8.91,0,0,0,1,1,0,0
94.78,92.96,43.28,8.76,1,0,0,0,0,0,0
68.9,66.2,35.07,10.76,0,1,0,0,2,0,0
97.17,42.32,8.18,39.18,0,0,1,0,1,0,0
85.34,19.35,33.98,11.1,1,0,0,0,1,1,0
76.19,37.46,26.91,13.91,0,0,0,1,0,0,1
92.44,63.24,15.25,23.61,1,0,0,0,3,0,1
90.5,68.19,20.52,18.0,0,1,0,0,0,0,0
88.98,29.59,23.19,16.04,1,0,0,0,0,1,0
91.52,35.04,17.2,21.19,1,0,0,0,3,0,0
91.07,52.47,9.27,35.73,1,0,0,0,3,0,0
89.36,40.76,14.09,25.32,0,0,1,0,2,0,0
92.19,19.41,31.57,11.92,0,0,0,1,1,0,1
83.57,33.9,23.0,16.16,1,0,0,0,0,1,0
93.89,35.7,15.55,23.2,0,1,0,0,1,0,0
92.79,39.33,12.87,27.38,1,0,0,0,2,1,0
89.05,34.97,18.6,19.72,1,0,0,0,0,1,0
96.95,35.67,14.65,24.46,1,0,0,0,2,1,0
86.46,26.19,27.4,13.68,0,0,1,0,2,0,0
89.35,61.11,15.39,23.42,1,0,0,0,1,1,0
97.98,83.12,33.18,11.36,0,1,0,0,3,0,0
83.44,38.42,20.21,18.26,1,0,0,0,2,1,0
90.87,95.0,45.92,8.26,1,0,0,0,0,1,0
91.2,87.97,38.98,9.71,1,0,0,0,2,0,0
75.25,54.54,25.17,14.84,1,0,0,0,1,1,0
93.89,49.91,6.11,47.5,0,1,0,0,4,0,0
76.29,76.31,35.42,10.66,0,1,0,0,1,0,0
75.85,28.38,32.41,11.62,1,0,0,0,0,1,0
80.16,52.56,20.0,18.43,1,0,0,0,2,0,0
77.6,48.37,22.46,16.53,1,0,0,0,0,0,0
87.83,39.0,16.41,22.12,0,1,0,0,2,0,0
77.0,66.72,28.43,13.2,0,0,1,0,0,0,0
94.07,32.63,18.35,19.96,1,0,0,0,0,1,0
91.78,64.11,16.33,22.21,1,0,0,0,6,1,0
81.83,29.55,27.36,13.69,1,0,0,0,0,1,0
84.69,80.22,33.87,11.13,1,0,0,0,2,1,0
92.64,46.4,8.19,39.14,1,0,0,0,3,1,0
88.37,28.91,24.08,15.47,1,0,0,0,3,1,1
92.22,78.86,29.89,12.57,0,1,0,0,0,0,0
89.22,42.29,13.25,26.71,1,0,0,0,0,1,0
85.86,60.55,17.64,20.7,1,0,0,0,2,1,0
96.77,47.42,4.13,58.2,0,0,1,0,3,0,0
94.17,74.55,25.23,14.8,1,0,0,0,2,0,0
92.98,21.39,29.46,12.75,0,1,0,0,1,0,1
94.03,63.61,14.86,24.17,0,0,1,0,4,0,0
93.8,54.82,7.85,40.33,0,1,0,0,2,0,0
81.5,67.37,25.38,14.72,0,1,0,0,1,0,0
84.74,76.2,30.32,12.4,1,0,0,0,0,1,0
81.86,52.02,18.25,20.06,0,1,0,0,0,0,0
83.41,36.98,21.09,17.54,0,0,0,1,0,0,1
85.96,61.83,18.36,19.96,1,0,0,0,1,1,0
97.48,68.18,18.36,19.96,0,0,0,1,1,0,1
94.65,61.18,12.4,28.27,0,0,1,0,1,0,0
91.44,56.31,10.63,32.1,0,0,0,1,3,0,1
96.33,49.23,3.75,60.67,1,0,0,0,4,1,0
89.4,53.37,11.12,30.94,1,0,0,0,5,1,0
90.62,84.33,35.59,10.61,1,0,0,0,0,1,0
89.17,24.83,27.4,13.67,1,0,0,0,1,1,0
96.19,76.86,27.13,13.81,1,0,0,0,1,1,0
74.95,40.23,26.89,13.93,1,0,0,0,1,1,0
91.04,67.01,19.23,19.12,0,0,1,0,2,0,0
95.92,56.78,7.91,40.11,1,0,0,0,4,1,0
81.45,60.69,21.41,17.29,0,1,0,0,2,0,0
94.4,5.64,44.71,8.48,1,0,0,0,0,1,0
85.95,83.48,36.31,10.4,1,0,0,0,0,0,0
92.0,62.23,14.61,24.52,1,0,0,0,3,0,0
98.32,48.64,2.17,72.01,0,0,1,0,1,0,1
86.74,58.87,15.95,22.68,1,0,0,0,1,1,0
93.3,49.03,6.77,44.57,0,1,0,0,2,0,0
94.01,71.64,22.45,16.54,1,0,0,0,0,1,0
76.06,35.0,28.25,13.28,0,0,1,0,1,0,0
88.62,42.35,13.71,25.93,1,0,0,0,3,1,0
92.62,71.49,22.73,16.35,0,0,0,1,1,0,1
83.59,38.6,19.98,18.45,1,0,0,0,2,1,0
83.62,21.07,33.24,11.34,0,0,0,1,1,0,1
94.1,28.74,22.06,16.81,0,1,0,0,3,0,0
92.61,66.63,18.2,20.12,0,0,1,0,3,0,0
84.22,52.55,15.98,22.64,0,0,1,0,0,0,0
90.34,58.14,12.63,27.83,1,0,0,0,0,1,0
92.43,25.77,25.39,14.71,0,1,0,0,1,0,0
91.39,83.83,34.91,10.81,0,1,0,0,3,0,0
87.87,57.28,14.15,25.23,1,0,0,0,0,1,0
74.73,20.35,38.96,9.71,1,0,0,0,1,1,0
81.17,46.56,19.15,19.2,1,0,0,0,0,1,0
86.12,49.35,13.89,25.64,1,0,0,0,2,1,0
85.19,95.0,47.37,8.01,1,0,0,0,3,1,0
94.27,48.95,5.83,48.85,0,1,0,0,6,0,0
81.61,34.82,23.85,15.62,1,0,0,0,2,1,0
84.67,29.76,25.39,14.71,1,0,0,0,2,1,0
87.93,61.54,16.71,21.76,1,0,0,0,0,0,0
95.65,42.37,8.79,37.19,1,0,0,0,4,1,0
81.74,70.37,27.35,13.7,1,0,0,0,3,1,0
83.92,56.26,17.25,21.13,1,0,0,0,2,1,0
96.18,38.61,12.01,29.03,0,0,0,1,1,0,1
90.17,62.53,15.93,22.71,0,1,0,0,0,0,0
90.51,46.03,10.29,32.94,1,0,0,0,1,0,0
78.6,62.05,24.56,15.19,1,0,0,0,2,1,0
89.59,68.02,20.81,17.76,0,1,0,0,3,0,0
81.13,31.46,26.45,14.15,1,0,0,0,0,0,0
79.87,45.03,20.73,17.83,1,0,0,0,2,1,0
79.99,29.93,28.34,13.24,1,0,0,0,0,0,0
84.15,22.28,31.94,11.79,0,0,1,0,0,0,0
98.54,80.9,30.94,12.16,0,0,1,0,1,0,0
82.49,27.3,28.67,13.09,1,0,0,0,1,1,0
87.43,60.97,16.69,21.78,1,0,0,0,1,0,0
88.48,39.32,15.71,23.0,1,0,0,0,2,1,0
82.27,62.08,21.46,17.26,0,1,0,0,0,0,0
83.3,24.22,30.72,12.24,1,0,0,0,0,0,0
89.05,74.26,26.62,14.06,0,1,0,0,1,0,0
82.01,28.79,27.81,13.48,1,0,0,0,0,1,0
91.52,39.21,13.72,25.91,0,0,1,0,1,0,0
89.87,30.06,22.37,16.6,0,1,0,0,2,0,0
88.92,30.63,22.31,16.64,0,0,1,0,0,0,0
86.79,32.02,22.32,16.63,0,1,0,0,4,0,0
80.12,47.93,19.99,18.44,1,0,0,0,5,0,0
82.1,34.89,23.43,15.89,1,0,0,0,2,0,0
93.74,52.83,6.87,44.12,0,0,1,0,3,0,0
88.27,41.18,14.67,24.43,1,0,0,0,1,1,0
70.67,41.24,30.62,12.28,1,0,0,0,1,0,0
92.64,50.9,7.42,41.94,1,0,0,0,2,1,0
89.55,15.7,35.86,10.53,1,0,0,0,0,1,0
91.76,18.29,32.76,11.5,1,0,0,0,1,1,0
91.07,21.5,29.87,12.58,1,0,0,0,2,1,0
93.4,13.97,36.63,10.31,0,0,0,1,0,0,0
95.32,50.99,4.78,54.35,1,0,0,0,3,0,0
91.02,31.24,20.8,17.77,1,0,0,0,2,1,0
91.12,39.09,14.07,25.35,1,0,0,0,2,1,0
85.44,22.28,31.31,12.02,1,0,0,0,1,1,1
94.42,62.78,13.94,25.56,0,0,0,1,1,0,0
87.55,65.13,19.59,18.79,1,0,0,0,0,1,1
90.81,35.81,16.9,21.53,1,0,0,0,4,1,0
87.23,75.47,28.5,13.17,1,0,0,0,1,1,0
95.49,47.84,5.0,53.12,1,0,0,0,0,1,1
92.07,40.25,12.56,27.95,1,0,0,0,1,0,0
95.49,33.73,16.88,21.55,1,0,0,0,1,1,0
82.55,27.76,28.27,13.27,1,0,0,0,3,1,0
77.18,55.36,23.44,15.88,0,0,0,1,1,0,0
82.39,53.7,17.99,20.33,1,0,0,0,2,1,0
90.16,49.1,9.88,34.01,0,0,1,0,4,0,0
89.94,52.5,10.37,32.74,1,0,0,0,4,1,0
90.75,59.7,13.4,26.44,0,0,0,1,2,0,1
83.92,78.31,32.56,11.57,1,0,0,0,0,1,0
88.48,78.61,30.84,12.2,0,1,0,0,0,0,0
92.42,51.13,7.66,41.03,1,0,0,0,1,0,0
95.15,58.2,9.53,34.99,0,1,0,0,3,0,0
95.92,57.21,8.28,38.84,1,0,0,0,3,1,0
95.28,22.84,27.56,13.6,1,0,0,0,0,1,0
88.07,38.29,16.72,21.74,1,0,0,0,3,0,0
91.0,59.84,13.33,26.57,1,0,0,0,3,1,0
89.07,54.05,11.65,29.78,1,0,0,0,0,0,0
95.66,17.88,32.41,11.62,1,0,0,0,0,1,0
91.29,56.57,10.91,31.43,1,0,0,0,1,1,0
98.49,30.45,19.61,18.77,1,0,0,0,2,1,0
89.76,71.02,23.38,15.92,0,1,0,0,1,0,1
94.65,67.28,18.09,20.23,1,0,0,0,1,1,0
95.41,88.71,38.98,9.71,1,0,0,0,1,1,0
95.61,42.62,8.59,37.82,1,0,0,0,1,1,1
93.38,48.51,6.78,44.51,0,0,1,0,3,0,0
86.09,72.81,26.72,14.01,0,0,0,1,1,0,1
88.97,76.01,28.25,13.28,1,0,0,0,1,0,0
90.73,57.1,11.67,29.73,1,0,0,0,0,1,0
88.37,15.01,36.87,10.25,0,1,0,0,0,0,0
93.32,60.15,12.16,28.74,1,0,0,0,0,1,0
98.66,49.11,1.61,76.4,1,0,0,0,3,1,0
97.96,31.15,18.96,19.37,1,0,0,0,1,1,0
86.53,32.83,21.82,16.99,1,0,0,0,0,0,0
96.37,41.43,9.31,35.62,1,0,0,0,3,0,0
90.89,32.89,19.38,18.98,0,0,1,0,3,0,0
84.72,63.94,20.68,17.87,1,0,0,0,0,1,0
78.87,25.92,32.04,11.75,1,0,0,0,0,1,0
93.87,26.63,24.16,15.43,1,0,0,0,0,0,0
86.3,23.35,29.97,12.54,1,0,0,0,0,1,0
92.98,37.19,14.61,24.53,1,0,0,0,0,1,0
89.88,32.47,20.24,18.23,0,1,0,0,1,0,0
89.83,44.84,11.4,30.31,1,0,0,0,2,1,0
97.48,17.05,33.05,11.41,1,0,0,0,4,1,0
70.89,57.25,30.0,12.53,1,0,0,0,0,0,0
87.99,95.0,46.57,8.15,0,0,0,1,1,0,0
92.98,69.03,20.28,18.2,1,0,0,0,0,1,0
94.28,33.96,17.03,21.38,1,0,0,0,1,0,0
96.94,31.02,19.23,19.12,0,0,0,1,0,0,1
87.47,61.59,17.07,21.33,0,1,0,0,0,0,0
96.35,58.31,9.07,36.31,0,1,0,0,2,0,0
75.79,13.2,44.05,8.61,1,0,0,0,0,0,0
88.81,24.29,28.04,13.37,0,1,0,0,1,0,0
94.94,35.14,15.7,23.01,1,0,0,0,1,1,0
90.87,63.56,16.35,22.19,1,0,0,0,1,0,0
83.68,94.63,47.52,7.99,1,0,0,0,0,1,0
96.23,50.21,3.77,60.48,1,0,0,0,0,1,1
95.71,24.97,25.4,14.71,1,0,0,0,0,0,0
87.96,65.09,19.3,19.05,1,0,0,0,1,1,0
89.25,64.66,18.18,20.13,0,1,0,0,0,0,0
82.43,41.66,19.45,18.92,1,0,0,0,1,1,0
81.12,89.53,43.81,8.65,1,0,0,0,2,0,0
81.66,42.05,19.99,18.44,1,0,0,0,0,1,0
94.15,56.86,9.02,36.47,1,0,0,0,0,1,0
89.7,59.17,13.79,25.8,1,0,0,0,1,1,0
96.43,63.16,13.64,26.05,0,1,0,0,4,0,0
85.42,32.51,22.77,16.32,1,0,0,0,2,1,0
77.49,16.61,40.27,9.4,1,0,0,0,0,1,0
85.57,62.7,19.23,19.12,1,0,0,0,3,1,0
90.55,50.49,9.47,35.16,1,0,0,0,2,1,0
88.8,73.91,26.41,14.17,0,0,1,0,0,0,0
86.44,60.51,17.16,21.23,0,1,0,0,1,0,0
96.62,58.28,8.95,36.69,0,1,0,0,0,0,0
83.26,76.41,31.26,12.04,1,0,0,0,2,1,0
92.88,64.4,16.06,22.54,1,0,0,0,1,1,0
83.9,43.26,17.46,20.9,0,0,0,1,1,0,1
77.01,17.09,40.14,9.43,1,0,0,0,0,0,0
88.52,70.76,23.72,15.7,1,0,0,0,1,1,0
88.44,77.83,30.14,12.47,1,0,0,0,2,1,0
89.85,61.91,15.65,23.07,1,0,0,0,1,0,0
85.41,34.52,21.28,17.4,0,0,1,0,0,0,0
83.24,62.24,20.75,17.81,0,0,1,0,4,0,0
94.9,56.63,8.36,38.57,1,0,0,0,2,1,0
91.98,56.03,10.03,33.61,1,0,0,0,2,1,0
78.27,54.69,22.23,16.69,1,0,0,0,3,0,0
83.56,62.75,20.8,17.77,1,0,0,0,0,1,1
85.84,61.57,18.29,20.03,0,1,0,0,1,0,0
90.62,63.63,16.54,21.95,1,0,0,0,2,1,0
92.49,47.87,7.81,40.48,1,0,0,0,1,1,0
95.04,26.6,23.92,15.57,1,0,0,0,3,1,0
86.41,86.84,39.27,9.64,1,0,0,0,1,1,0
74.61,30.31,32.13,11.72,1,0,0,0,1,1,0
89.78,95.0,46.15,8.22,1,0,0,0,0,1,0
95.55,57.41,8.65,37.64,1,0,0,0,3,0,0
88.14,65.11,19.21,19.14,0,0,1,0,2,0,0
99.19,19.3,30.71,12.25,1,0,0,0,1,1,0
87.42,40.3,15.88,22.77,1,0,0,0,3,1,0
89.31,95.0,46.25,8.2,0,1,0,0,0,0,0
87.05,68.81,22.83,16.28,1,0,0,0,1,0,0
84.83,58.8,17.54,20.81,0,0,1,0,2,0,0
82.04,58.37,19.81,18.6,0,0,0,1,0,0,1
89.86,32.45,20.27,18.21,0,0,0,1,0,0,1
85.56,55.08,15.31,23.54,0,0,0,1,0,0,1
86.74,47.67,13.46,26.34,1,0,0,0,2,1,0
84.92,10.41,42.37,8.94,0,1,0,0,0,0,0
97.58,52.52,3.5,62.32,0,1,0,0,5,0,0
96.75,52.88,4.34,56.92,0,0,1,0,1,0,0
95.32,59.17,10.3,32.93,1,0,0,0,1,1,0
85.04,71.02,25.8,14.49,1,0,0,0,1,1,0
88.81,32.35,20.89,17.7,1,0,0,0,0,1,0
81.79,81.09,36.04,10.48,0,0,1,0,1,0,0
85.86,36.59,19.49,18.88,1,0,0,0,0,1,0
91.12,37.3,15.5,23.27,1,0,0,0,0,0,0
93.05,50.43,6.97,43.74,1,0,0,0,1,1,1
77.03,53.6,23.25,16.0,1,0,0,0,4,1,0
89.73,62.67,16.31,22.23,0,0,1,0,1,0,0
67.16,5.0,55.71,6.82,1,0,0,0,0,1,0
85.32,51.47,14.76,24.31,1,0,0,0,2,1,0
95.52,61.62,12.46,28.15,0,1,0,0,3,0,0
91.81,32.42,19.4,18.97,0,1,0,0,2,0,0
79.68,34.93,25.3,14.76,1,0,0,0,2,1,0
86.1,56.68,15.42,23.38,0,1,0,0,4,0,0
93.97,43.34,8.99,36.57,1,0,0,0,0,1,1
85.09,54.8,15.66,23.06,1,0,0,0,0,1,0
85.84,30.37,24.2,15.4,0,1,0,0,1,0,0
91.91,27.45,23.95,15.55,1,0,0,0,2,1,0
96.39,87.31,37.48,10.09,0,1,0,0,1,0,0
93.16,71.65,22.71,16.36,1,0,0,0,1,1,0
85.79,55.44,15.21,23.66,0,1,0,0,3,0,0
85.68,72.28,26.49,14.13,1,0,0,0,0,1,0
87.31,40.35,15.94,22.7,1,0,0,0,2,1,1
99.17,70.29,20.31,18.17,1,0,0,0,0,1,0
99.43,47.12,2.94,66.22,0,0,1,0,2,0,0
73.63,44.12,27.01,13.86,1,0,0,0,2,1,0
94.58,43.93,8.13,39.34,1,0,0,0,4,1,0
90.22,33.76,18.96,19.38,0,0,1,0,0,0,1
91.89,27.37,24.04,15.5,0,0,1,0,1,0,0
96.35,49.65,3.66,61.21,0,0,1,0,2,0,0
95.61,47.53,5.04,52.91,1,0,0,0,4,0,0
94.77,69.66,20.34,18.15,1,0,0,0,1,1,0
81.93,45.66,18.59,19.73,0,0,1,0,3,0,0
82.73,43.84,18.33,19.98,0,0,1,0,4,0,0
76.97,40.86,24.78,15.06,1,0,0,0,0,1,0
97.99,59.11,9.33,35.54,1,0,0,0,1,1,0
84.17,46.24,16.27,22.28,1,0,0,0,5,1,0
84.41,95.0,47.62,7.97,1,0,0,0,0,1,0
95.83,48.39,4.47,56.15,1,0,0,0,3,1,1
95.18,61.78,12.72,27.65,0,0,1,0,2,0,0
79.36,8.48,46.37,8.18,1,0,0,0,1,1,0
89.55,62.3,16.14,22.44,0,0,0,1,0,0,1
94.44,59.1,10.67,32.0,1,0,0,0,2,0,0
89.3,64.14,17.73,20.6,0,1,0,0,3,0,0
91.34,63.55,16.08,22.51,1,0,0,0,1,1,0
90.93,21.03,30.36,12.38,0,0,1,0,1,0,0
93.92,54.88,7.79,40.54,1,0,0,0,4,1,0
97.68,47.84,3.17,64.58,1,0,0,0,3,1,0
93.13,11.7,38.92,9.72,0,1,0,0,0,0,0
79.94,56.06,20.96,17.65,1,0,0,0,0,1,0
97.85,34.77,15.38,23.43,0,0,1,0,1,0,0
80.92,49.64,19.09,19.25,1,0,0,0,0,1,0
93.04,63.37,15.08,23.85,0,0,1,0,0,0,0
85.32,30.15,24.69,15.11,0,1,0,0,0,0,1
91.78,59.2,12.33,28.39,1,0,0,0,5,0,0
93.23,78.43,29.23,12.85,1,0,0,0,0,0,0
94.71,50.75,5.34,51.3,0,1,0,0,0,0,0
97.68,74.32,24.43,15.27,1,0,0,0,4,1,0
92.71,60.87,13.09,26.99,0,0,1,0,1,0,0
85.8,34.35,21.13,17.51,1,0,0,0,2,1,0
80.99,88.45,42.89,8.83,1,0,0,0,1,0,0
90.3,53.96,10.48,32.46,0,1,0,0,2,0,0
92.68,54.94,8.83,37.05,1,0,0,0,4,1,0
89.34,35.0,18.4,19.92,1,0,0,0,0,0,0
89.0,56.29,12.67,27.75,1,0,0,0,2,1,0
93.95,21.3,29.33,12.8,1,0,0,0,0,0,0
98.23,51.7,2.46,69.78,1,0,0,0,5,1,0
93.31,11.98,38.6,9.8,1,0,0,0,0,0,0
79.47,47.28,20.71,17.84,1,0,0,0,2,1,0
86.98,60.0,16.42,22.1,0,1,0,0,1,0,0
82.99,43.34,18.27,20.05,1,0,0,0,3,1,0
81.7,81.2,36.17,10.44,1,0,0,0,0,1,0
91.31,66.34,18.51,19.81,0,0,1,0,1,0,0
97.1,27.71,22.48,16.52,1,0,0,0,5,1,0
75.39,46.27,24.89,15.0,0,1,0,0,1,0,0
90.31,14.62,36.68,10.3,1,0,0,0,0,1,0
92.72,44.82,8.93,36.74,1,0,0,0,0,1,1
89.2,42.58,13.11,26.96,1,0,0,0,1,1,0
79.44,63.17,24.41,15.27,0,0,0,1,1,0,1
90.63,88.33,39.46,9.59,0,0,0,1,0,0,1
83.88,67.91,24.1,15.46,0,1,0,0,1,0,0
97.17,30.11,20.09,18.36,1,0,0,0,0,1,0
90.01,19.31,32.27,11.67,1,0,0,0,2,1,0
85.72,44.91,15.16,23.73,1,0,0,0,2,0,0
96.66,63.34,13.75,25.86,1,0,0,0,2,0,0
94.76,88.95,39.3,9.63,1,0,0,0,0,1,0
79.02,42.79,22.19,16.72,1,0,0,0,2,1,1
96.22,40.85,9.9,33.96,1,0,0,0,0,1,0
95.18,63.31,14.16,25.22,0,1,0,0,1,0,0
77.44,66.1,27.71,13.53,1,0,0,0,1,1,0
94.17,68.12,19.04,19.3,0,1,0,0,0,0,0
94.69,63.17,14.2,25.15,1,0,0,0,2,1,0
92.19,57.43,10.77,31.75,1,0,0,0,0,1,1
90.27,43.73,11.58,29.93,0,1,0,0,0,0,0
97.56,47.48,3.51,62.23,1,0,0,0,2,1,1
96.08,44.14,7.05,43.39,1,0,0,0,2,1,0
82.41,63.33,22.07,16.81,1,0,0,0,0,1,0
82.82,86.55,40.38,9.37,1,0,0,0,0,1,0
91.15,93.86,44.74,8.48,1,0,0,0,0,0,0
87.36,30.35,23.37,15.92,1,0,0,0,0,1,0
82.45,36.96,21.87,16.95,0,1,0,0,0,0,0
86.66,74.49,27.89,13.44,1,0,0,0,2,1,0
95.72,64.96,15.56,23.19,1,0,0,0,0,1,0
90.22,27.98,24.1,15.46,1,0,0,0,1,1,0
80.89,30.88,27.03,13.85,0,0,1,0,0,0,0
88.01,58.26,14.57,24.59,1,0,0,0,3,0,0
84.39,38.16,19.59,18.79,1,0,0,0,0,1,0
84.96,45.21,15.78,22.9,1,0,0,0,0,1,0
87.09,34.3,20.33,18.16,0,0,1,0,1,0,0
94.73,73.23,23.82,15.64,1,0,0,0,0,1,0
95.02,60.16,11.31,30.51,1,0,0,0,1,1,0
82.04,54.15,18.43,19.89,1,0,0,0,1,1,0
93.53,47.5,6.94,43.86,1,0,0,0,2,0,0
74.54,67.57,30.93,12.16,1,0,0,0,2,0,0
86.96,63.98,19.12,19.23,1,0,0,0,3,0,0
84.74,41.6,17.42,20.94,0,0,0,1,2,0,1
89.46,50.55,10.55,32.29,1,0,0,0,4,1,0
92.43,51.59,7.74,40.75,1,0,0,0,3,1,0
90.65,51.64,9.5,35.07,0,0,0,1,2,0,0
84.15,33.13,23.15,16.06,0,1,0,0,2,0,0
81.21,50.62,18.8,19.53,1,0,0,0,0,1,0
93.33,43.51,9.3,35.63,0,1,0,0,3,0,0
91.07,45.89,9.83,34.15,1,0,0,0,3,0,1
92.94,43.17,9.83,34.15,1,0,0,0,2,1,1
91.65,91.86,42.69,8.88,0,1,0,0,0,0,0
89.71,45.42,11.27,30.61,1,0,0,0,2,1,0
92.85,61.24,13.32,26.58,1,0,0,0,2,1,0
93.76,70.96,21.87,16.95,1,0,0,0,0,1,0
95.97,57.04,8.11,39.41,1,0,0,0,4,1,0
79.5,27.56,30.39,12.37,1,0,0,0,0,0,0
98.5,35.96,14.12,25.27,1,0,0,0,1,1,0
88.46,44.12,12.95,27.24,1,0,0,0,3,1,0
84.43,40.82,18.07,20.25,1,0,0,0,3,1,0
86.34,69.01,23.41,15.9,1,0,0,0,0,1,0
91.05,59.01,12.7,27.7,0,1,0,0,1,0,0
92.79,60.5,12.74,27.62,1,0,0,0,0,0,1
85.55,95.0,47.26,8.03,1,0,0,0,0,1,0
77.93,80.8,37.9,9.98,1,0,0,0,0,1,0
97.25,59.13,9.54,34.95,0,1,0,0,3,0,0
86.89,36.07,19.13,19.21,1,0,0,0,2,1,0
82.85,54.61,17.76,20.57,1,0,0,0,0,1,1
83.98,36.65,20.86,17.73,1,0,0,0,1,0,0
73.57,67.02,31.43,11.97,0,0,0,1,0,0,0
85.31,93.36,45.78,8.29,1,0,0,0,3,0,0
93.36,34.99,16.41,22.11,1,0,0,0,1,1,1
92.32,66.69,18.37,19.95,1,0,0,0,2,1,0
86.78,68.15,22.46,16.53,1,0,0,0,4,1,0
93.2,59.42,11.62,29.85,0,1,0,0,0,0,0
95.28,42.46,8.89,36.87,0,1,0,0,3,0,0
85.91,45.22,14.88,24.13,1,0,0,0,2,1,0
82.52,50.21,17.48,20.88,0,0,1,0,0,0,0
97.34,32.13,18.07,20.25,1,0,0,0,1,1,0
77.74,57.19,23.39,15.91,1,0,0,0,3,1,0
93.58,58.28,10.47,32.48,1,0,0,0,2,0,0
85.74,47.35,14.51,24.68,1,0,0,0,1,1,0
78.04,39.21,24.47,15.24,0,0,0,1,0,0,0
92.82,57.06,10.07,33.51,1,0,0,0,2,1,0
91.53,52.01,8.7,37.45,0,0,1,0,4,0,0
82.05,73.4,29.5,12.74,1,0,0,0,1,1,0
91.39,53.06,9.14,36.11,0,1,0,0,0,0,0
95.79,47.19,5.06,52.78,1,0,0,0,1,1,0
84.1,48.29,15.99,22.63,1,0,0,0,0,1,0
81.85,24.13,31.6,11.91,0,0,1,0,1,0,0
94.81,95.0,45.3,8.37,1,0,0,0,0,1,0
79.94,40.89,22.03,16.83,0,1,0,0,0,0,0
89.86,59.83,14.12,25.27,1,0,0,0,3,0,0
90.19,24.17,27.63,13.56,1,0,0,0,0,0,0
96.28,48.83,3.9,59.7,1,0,0,0,2,1,0
91.89,88.43,39.28,9.63,1,0,0,0,0,0,0
78.3,73.76,32.18,11.71,1,0,0,0,1,0,1
98.96,24.73,25.29,14.77,1,0,0,0,0,1,0
93.87,54.72,7.73,40.76,1,0,0,0,3,1,0
95.47,79.85,30.19,12.45,1,0,0,0,3,1,0
73.42,34.54,30.75,12.23,1,0,0,0,0,1,0
93.38,38.27,13.47,26.33,0,1,0,0,2,0,0
94.28,46.44,6.74,44.7,1,0,0,0,2,1,0
82.17,74.52,30.32,12.4,1,0,0,0,0,1,0
91.85,27.74,23.71,15.7,0,1,0,0,0,0,0
82.64,53.64,17.73,20.6,0,1,0,0,3,0,0
90.1,41.12,13.3,26.62,0,1,0,0,1,0,0
90.48,40.24,13.63,26.06,1,0,0,0,2,1,0
86.49,87.94,40.27,9.4,1,0,0,0,0,0,0
85.65,50.97,14.38,24.87,1,0,0,0,1,1,0
82.76,26.01,29.54,12.72,1,0,0,0,0,1,0
87.17,51.7,12.94,27.26,1,0,0,0,0,1,0
94.42,52.7,6.2,47.07,0,0,1,0,1,0,0
90.71,58.65,12.7,27.71,1,0,0,0,1,0,0
82.21,20.36,34.57,10.91,1,0,0,0,0,1,0
89.43,62.25,16.17,22.4,1,0,0,0,2,0,0
93.19,33.56,17.8,20.53,1,0,0,0,2,1,0
79.78,46.92,20.46,18.05,0,0,1,0,3,0,0
94.32,67.66,18.55,19.76,1,0,0,0,0,1,0
84.32,17.46,36.12,10.46,1,0,0,0,0,1,0
95.57,53.9,5.9,48.48,1,0,0,0,1,1,0
90.74,24.96,26.7,14.02,1,0,0,0,0,1,0
93.57,14.71,35.87,10.53,1,0,0,0,1,0,0
97.44,35.22,15.0,23.96,1,0,0,0,1,1,1
94.15,54.53,7.4,42.01,1,0,0,0,0,1,1
89.58,63.9,17.37,20.99,0,1,0,0,4,0,0
82.59,29.66,26.77,13.98,0,0,0,1,1,0,0
97.41,25.35,24.78,15.06,0,1,0,0,1,0,0
85.89,83.47,36.33,10.4,1,0,0,0,0,1,0
95.21,78.78,29.17,12.87,0,1,0,0,1,0,0
90.4,35.73,17.2,21.19,1,0,0,0,4,1,0
83.39,48.39,16.68,21.78,1,0,0,0,2,1,0
84.45,59.88,18.43,19.89,1,0,0,0,1,0,0
87.76,14.74,37.33,10.13,0,0,0,1,0,0,0
82.78,76.86,31.91,11.8,1,0,0,0,0,0,0
93.78,82.16,32.75,11.5,1,0,0,0,0,1,0
93.92,68.75,19.71,18.69,1,0,0,0,1,1,0
90.8,35.88,16.85,21.58,0,0,0,1,2,0,0
93.99,28.79,22.05,16.82,1,0,0,0,2,0,0
88.11,35.6,18.68,19.64,0,1,0,0,5,0,0
85.12,44.66,15.81,22.86,1,0,0,0,2,0,1
89.41,43.81,12.26,28.53,0,0,0,1,3,0,1
97.6,9.17,40.9,9.26,1,0,0,0,0,0,0
96.63,59.84,10.4,32.66,1,0,0,0,3,0,0
94.34,56.64,8.72,37.39,1,0,0,0,3,1,0
82.57,42.67,18.91,19.42,0,0,0,1,1,0,1
88.43,32.09,21.32,17.36,0,0,1,0,3,0,0
99.38,12.05,37.95,9.96,1,0,0,0,2,1,0
95.09,95.0,45.27,8.38,1,0,0,0,0,1,0
97.03,72.22,22.42,16.56,1,0,0,0,1,0,0
91.88,18.87,32.17,11.71,1,0,0,0,1,1,0
84.61,60.09,18.4,19.91,1,0,0,0,0,1,0
90.48,53.52,10.15,33.29,1,0,0,0,1,1,1
86.7,65.34,20.3,18.18,1,0,0,0,2,1,0
77.5,78.86,36.6,10.32,0,1,0,0,0,0,0
89.72,46.56,10.84,31.59,1,0,0,0,1,0,0
88.44,53.17,11.99,29.07,1,0,0,0,3,1,0
90.38,64.13,17.1,21.3,1,0,0,0,0,1,0
93.57,10.21,40.31,9.39,0,0,0,1,1,0,1
77.34,67.05,28.35,13.23,1,0,0,0,3,1,0
74.61,75.13,35.73,10.57,1,0,0,0,0,1,1
82.9,33.39,23.83,15.63,1,0,0,0,0,0,0
78.38,21.59,35.7,10.58,1,0,0,0,0,1,0
90.02,53.04,10.43,32.58,0,1,0,0,2,0,0
88.95,21.44,30.62,12.28,1,0,0,0,1,1,0
93.8,56.18,8.76,37.28,0,1,0,0,3,0,0
96.72,57.33,8.03,39.7,1,0,0,0,0,1,0
98.36,50.21,1.66,76.05,1,0,0,0,4,1,0
93.31,7.37,43.15,8.78,0,0,0,1,1,0,1
87.83,50.53,12.18,28.7,0,1,0,0,0,0,0
97.0,33.33,16.94,21.48,1,0,0,0,2,1,0
89.17,71.83,24.37,15.3,0,1,0,0,0,0,0
88.83,41.1,14.28,25.02,1,0,0,0,1,0,0
94.15,86.74,37.21,10.16,1,0,0,0,2,1,0
86.38,50.45,13.63,26.06,1,0,0,0,4,1,0
88.54,26.21,26.41,14.17,1,0,0,0,4,1,0
90.29,48.76,9.79,34.26,0,1,0,0,2,0,0
90.66,79.13,30.59,12.29,0,0,1,0,0,0,0
87.44,29.1,24.39,15.29,1,0,0,0,1,1,0
87.87,56.46,13.74,25.89,1,0,0,0,1,1,0
81.72,45.64,18.79,19.53,1,0,0,0,4,0,0
92.8,75.48,26.48,14.13,1,0,0,0,0,1,0
90.4,33.1,19.44,18.93,0,1,0,0,2,0,0
94.45,24.88,25.72,14.53,1,0,0,0,0,0,0
87.56,89.06,40.99,9.24,1,0,0,0,0,0,0
78.85,60.34,23.54,15.81,1,0,0,0,0,0,0
84.5,73.71,28.33,13.24,1,0,0,0,1,1,0
82.07,33.44,24.41,15.28,1,0,0,0,2,1,0
90.67,34.96,17.7,20.64,1,0,0,0,0,0,0
79.28,33.64,26.39,14.17,1,0,0,0,1,0,0
89.8,19.98,31.71,11.87,1,0,0,0,1,1,0
86.07,29.77,24.56,15.19,1,0,0,0,0,1,0
94.42,49.4,5.61,49.93,0,1,0,0,2,0,1
91.13,48.61,8.98,36.6,0,0,1,0,1,0,0
89.66,16.15,35.4,10.67,0,1,0,0,2,0,0
93.9,34.01,17.12,21.28,1,0,0,0,4,1,0
92.34,56.37,9.96,33.79,1,0,0,0,2,0,0
86.69,21.44,31.51,11.95,1,0,0,0,1,1,0
79.01,45.44,21.48,17.24,1,0,0,0,0,1,0
84.87,61.44,18.97,19.37,1,0,0,0,2,0,1
97.68,58.04,8.37,38.55,0,0,0,1,0,0,1
84.99,59.83,17.94,20.38,0,0,1,0,0,0,0
94.92,68.09,18.79,19.54,0,1,0,0,2,0,0
89.07,66.42,19.73,18.67,1,0,0,0,0,1,0
91.11,24.58,26.93,13.9,1,0,0,0,0,1,0
86.91,71.06,24.8,15.05,0,1,0,0,0,0,0
83.85,22.28,32.09,11.74,0,1,0,0,2,0,0
88.24,37.0,17.53,20.82,0,1,0,0,1,0,0
94.9,30.25,20.4,18.1,0,0,0,1,0,0,1
96.93,38.99,11.44,30.24,1,0,0,0,1,1,0
73.43,52.8,26.72,14.01,1,0,0,0,2,1,1
93.52,49.07,6.55,45.51,1,0,0,0,2,0,0
64.13,50.96,35.88,10.52,1,0,0,0,1,1,0
85.98,25.68,28.07,13.36,0,1,0,0,3,0,0
80.01,63.51,24.12,15.45,1,0,0,0,2,0,0
83.79,38.19,20.05,18.39,0,0,1,0,1,0,0
91.77,38.3,14.3,24.99,1,0,0,0,2,1,0
83.38,31.25,25.05,14.9,1,0,0,0,0,1,0
97.5,86.73,36.81,10.26,1,0,0,0,0,1,0
87.18,50.75,12.84,27.44,0,0,1,0,3,0,0
93.3,49.59,6.71,44.82,1,0,0,0,0,1,0
78.82,36.08,25.34,14.74,1,0,0,0,0,0,0
84.0,51.95,16.12,22.47,1,0,0,0,0,1,0
92.8,42.57,10.34,32.81,0,1,0,0,1,0,0
97.24,65.23,15.48,23.3,1,0,0,0,0,0,0
91.94,69.34,20.95,17.65,1,0,0,0,4,1,0
93.86,22.47,28.2,13.3,1,0,0,0,0,0,0
76.29,46.42,23.98,15.53,1,0,0,0,0,1,0
92.82,44.84,8.84,37.02,1,0,0,0,1,1,0
82.35,31.63,25.47,14.67,0,1,0,0,0,0,0
89.2,26.06,26.26,14.25,1,0,0,0,3,0,0
83.97,24.72,29.93,12.56,1,0,0,0,0,1,0
95.94,62.6,13.24,26.73,0,0,1,0,1,0,0
93.91,53.56,7.05,43.39,1,0,0,0,3,1,0
89.02,30.76,22.15,16.75,1,0,0,0,0,1,0
87.22,62.98,18.21,20.1,1,0,0,0,3,1,0
87.31,18.56,33.9,11.12,1,0,0,0,2,1,0
96.99,53.16,4.36,56.81,0,0,0,1,2,0,0
92.19,45.92,8.81,37.11,1,0,0,0,2,1,0
74.95,7.03,49.74,7.63,0,1,0,0,0,0,0
97.86,22.36,27.72,13.52,0,1,0,0,0,0,0
94.13,51.35,6.02,47.91,1,0,0,0,1,1,1
94.3,25.62,25.04,14.91,0,0,0,1,3,0,1
87.71,40.2,15.72,22.98,0,1,0,0,4,0,0
97.15,91.71,41.81,9.06,1,0,0,0,0,1,0
90.07,42.81,12.26,28.54,1,0,0,0,1,1,0
89.61,26.3,25.88,14.45,0,0,1,0,3,0,0
73.94,5.0,52.0,7.31,1,0,0,0,0,0,0
89.64,34.85,18.36,19.96,0,0,0,1,1,0,1
81.57,95.0,48.63,7.81,0,0,1,0,0,0,0
92.34,47.07,8.2,39.1,0,1,0,0,3,0,1
89.05,52.79,11.3,30.53,1,0,0,0,1,1,0
95.03,20.03,30.38,12.38,0,0,1,0,1,0,0
82.22,58.97,19.92,18.51,1,0,0,0,4,0,1
98.79,32.12,17.92,20.4,0,1,0,0,2,0,0
88.23,64.67,18.81,19.52,1,0,0,0,0,1,0
94.3,26.72,23.97,15.54,1,0,0,0,0,1,0
89.36,73.14,25.47,14.67,1,0,0,0,3,1,0
92.65,21.17,29.75,12.63,1,0,0,0,0,1,0
95.82,34.1,16.44,22.07,1,0,0,0,0,0,0
88.95,36.61,17.36,21.01,1,0,0,0,3,1,0
92.05,35.94,16.15,22.43,1,0,0,0,1,1,0
81.51,29.14,27.87,13.45,1,0,0,0,0,0,0
96.14,95.0,45.17,8.4,1,0,0,0,1,1,0
76.96,26.89,32.64,11.54,1,0,0,0,0,1,0
93.88,68.61,19.59,18.79,1,0,0,0,4,0,0
84.18,71.64,26.81,13.97,1,0,0,0,2,1,0
82.9,60.28,19.96,18.47,1,0,0,0,0,0,0
99.61,61.62,11.63,29.83,0,0,0,1,3,0,1
94.22,80.13,30.68,12.26,0,1,0,0,1,0,0
83.63,55.28,17.2,21.18,0,1,0,0,0,0,0
90.26,13.92,37.37,10.12,1,0,0,0,0,1,0
91.02,42.09,11.96,29.13,1,0,0,0,3,0,1
79.74,38.1,23.5,15.84,1,0,0,0,0,1,0
90.27,53.32,10.28,32.97,0,1,0,0,1,0,0
79.52,81.04,37.19,10.16,1,0,0,0,0,1,0
92.11,42.82,10.67,32.0,1,0,0,0,1,1,0
88.62,36.67,17.52,20.83,0,0,1,0,3,0,0
96.79,77.33,27.52,13.62,0,0,1,0,0,0,0
91.64,65.29,17.42,20.94,0,1,0,0,1,0,0
84.68,31.29,24.18,15.41,0,1,0,0,0,0,0
80.18,50.98,19.85,18.57,0,1,0,0,1,0,0
81.92,47.11,18.31,20.0,0,1,0,0,0,0,0
84.63,48.11,15.48,23.3,1,0,0,0,1,1,0
88.15,70.08,23.31,15.96,1,0,0,0,1,0,0
98.0,26.27,23.81,15.64,1,0,0,0,0,0,0
86.74,95.0,46.91,8.09,1,0,0,0,1,1,0
96.51,60.88,11.43,30.26,0,0,1,0,1,0,0
98.85,31.0,19.03,19.3,1,0,0,0,3,0,0
85.27,82.22,35.43,10.66,1,0,0,0,1,0,0
91.84,35.45,16.68,21.78,1,0,0,0,3,0,0
88.94,29.56,23.24,16.01,0,0,0,1,0,0,0
81.64,34.78,23.84,15.62,0,0,0,1,3,0,0
95.49,14.88,35.41,10.66,1,0,0,0,1,1,0
97.06,53.21,4.35,56.86,1,0,0,0,2,1,0
90.96,54.31,10.01,33.66,1,0,0,0,0,0,0
84.58,27.59,27.21,13.77,0,0,1,0,0,0,0
86.65,51.72,13.46,26.35,1,0,0,0,0,0,0
98.22,75.21,25.27,14.78,1,0,0,0,1,1,0
87.51,79.87,32.37,11.64,1,0,0,0,1,0,0
97.61,37.75,12.48,28.1,1,0,0,0,2,0,0
84.15,50.38,15.85,22.81,1,0,0,0,1,1,0
79.98,24.09,32.75,11.51,1,0,0,0,1,0,0
84.52,37.06,20.18,18.28,1,0,0,0,0,1,1
77.28,44.83,23.3,15.97,0,1,0,0,0,0,0
88.87,83.6,35.39,10.67,1,0,0,0,0,1,0
94.28,44.87,7.68,40.96,1,0,0,0,2,0,0
82.04,80.07,35.03,10.78,1,0,0,0,0,1,0
84.96,66.04,21.98,16.87,0,0,1,0,3,0,0
94.58,78.88,29.38,12.79,1,0,0,0,0,1,1
93.77,48.27,6.47,45.87,1,0,0,0,2,0,0
68.45,41.74,32.61,11.55,1,0,0,0,0,0,0
85.02,15.27,37.82,10.0,1,0,0,0,1,1,0
99.03,13.28,36.74,10.29,1,0,0,0,1,0,0
96.49,22.98,27.24,13.75,0,0,0,1,0,0,0
83.97,60.35,19.08,19.26,1,0,0,0,1,0,0
88.56,51.78,11.58,29.93,1,0,0,0,3,1,0
79.92,22.43,34.11,11.06,1,0,0,0,0,1,0
85.46,34.72,21.1,17.54,0,1,0,0,2,0,0
85.09,35.39,20.88,17.71,1,0,0,0,0,1,0
89.44,31.28,21.5,17.23,1,0,0,0,1,0,0
91.12,31.83,20.23,18.24,1,0,0,0,1,0,0
91.75,40.01,12.96,27.22,1,0,0,0,1,1,0
75.2,69.3,31.42,11.98,1,0,0,0,2,1,0
81.63,73.73,30.01,12.52,1,0,0,0,0,1,0
87.6,16.79,35.45,10.65,1,0,0,0,1,1,0
83.67,10.28,42.95,8.82,1,0,0,0,0,1,0
88.64,66.39,19.95,18.48,1,0,0,0,1,0,0
70.42,16.7,44.54,8.51,1,0,0,0,3,1,0
75.75,58.99,25.87,14.45,0,1,0,0,3,0,0
89.68,62.76,16.41,22.11,1,0,0,0,2,1,0
84.9,23.56,30.45,12.35,0,0,0,1,0,0,1
88.6,65.03,18.86,19.47,1,0,0,0,2,1,0
97.81,20.26,29.82,12.6,0,0,1,0,0,0,0
84.29,25.0,29.53,12.72,0,0,1,0,1,0,0
79.35,5.0,49.51,7.67,0,1,0,0,1,0,0
82.04,45.02,18.64,19.68,0,0,0,1,0,0,1
89.4,8.9,42.45,8.93,1,0,0,0,0,0,0
93.21,59.52,11.69,29.69,1,0,0,0,3,0,0
89.15,71.58,24.15,15.43,0,1,0,0,1,0,0
86.19,53.05,14.14,25.24,1,0,0,0,0,0,0
97.69,65.0,15.17,23.72,0,0,0,1,1,0,1
92.36,56.08,9.76,34.33,1,0,0,0,1,1,0
96.44,46.74,4.82,54.11,1,0,0,0,3,1,1
86.22,48.93,13.83,25.74,0,0,1,0,0,0,0
91.33,53.54,9.36,35.45,1,0,0,0,2,1,0
97.81,35.55,14.62,24.51,0,1,0,0,1,0,0
88.5,18.74,33.31,11.32,1,0,0,0,0,0,0
84.56,86.98,40.07,9.45,1,0,0,0,0,1,0
95.28,36.0,14.78,24.28,1,0,0,0,1,1,0
79.36,45.04,21.22,17.44,0,0,0,1,2,0,1
98.17,64.65,14.76,24.31,1,0,0,0,3,0,0
90.73,52.68,9.65,34.63,0,1,0,0,2,0,0
92.61,43.12,10.09,33.44,0,0,1,0,1,0,0
92.54,70.66,21.97,16.88,1,0,0,0,2,1,0
97.71,63.05,13.25,26.7,1,0,0,0,2,1,0
87.4,54.95,13.54,26.22,0,0,1,0,0,0,0
93.82,41.19,10.76,31.77,0,1,0,0,1,0,0
96.67,78.99,29.18,12.87,1,0,0,0,0,1,0
81.41,36.73,22.84,16.27,0,0,1,0,1,0,0
87.36,55.18,13.66,26.01,1,0,0,0,0,1,0
86.17,45.35,14.59,24.55,1,0,0,0,1,1,0
85.88,75.85,29.46,12.75,0,1,0,0,0,0,0
85.84,29.13,25.22,14.81,1,0,0,0,1,1,0
94.83,59.06,10.43,32.58,1,0,0,0,1,0,0
96.52,45.74,5.5,50.46,1,0,0,0,2,1,0
88.42,30.72,22.49,16.51,1,0,0,0,0,1,0
88.74,5.0,46.39,8.18,1,0,0,0,0,0,0
78.83,42.17,22.57,16.45,0,1,0,0,1,0,0
96.69,31.97,18.33,19.99,0,0,1,0,3,0,0
83.65,73.36,28.51,13.16,1,0,0,0,2,1,0
98.44,36.87,13.22,26.75,1,0,0,0,2,1,0
81.57,77.66,33.24,11.34,1,0,0,0,2,1,0
95.56,52.53,5.11,52.54,1,0,0,0,4,1,0
94.55,42.75,9.08,36.3,0,1,0,0,3,0,0
92.57,85.43,36.2,10.44,1,0,0,0,0,1,0
94.56,37.8,13.36,26.53,1,0,0,0,3,1,0
87.03,55.29,14.0,25.46,0,1,0,0,2,0,0
87.51,44.19,13.78,25.82,1,0,0,0,0,1,0
87.15,50.12,12.85,27.42,1,0,0,0,1,1,0
94.46,47.32,6.16,47.27,1,0,0,0,2,0,0
87.55,43.45,14.06,25.36,1,0,0,0,0,1,0
88.13,45.23,12.79,27.53,1,0,0,0,0,1,0
75.92,49.17,24.09,15.47,0,1,0,0,0,0,0
88.34,57.6,13.92,25.6,0,0,0,1,2,0,1
95.47,27.28,23.16,16.06,1,0,0,0,1,0,0
82.51,43.79,18.56,19.76,1,0,0,0,0,1,0
93.58,5.0,45.46,8.34,1,0,0,0,0,1,0
89.0,30.46,22.42,16.56,1,0,0,0,4,1,0
93.68,71.72,22.62,16.42,1,0,0,0,1,1,0
78.68,45.3,21.83,16.98,0,0,0,1,1,0,1
82.34,18.69,35.95,10.51,0,1,0,0,1,0,0
94.59,54.83,7.26,42.58,0,1,0,0,3,0,0
89.06,61.78,16.08,22.52,1,0,0,0,1,1,0
85.88,42.61,15.94,22.7,0,0,1,0,4,0,0
89.66,63.06,16.66,21.81,1,0,0,0,2,0,0
89.08,70.9,23.58,15.79,1,0,0,0,2,1,0
84.63,43.26,16.78,21.66,1,0,0,0,2,1,1
88.12,65.2,19.29,19.07,0,0,1,0,3,0,0
89.8,57.62,12.73,27.64,1,0,0,0,1,1,0
85.81,55.25,15.13,23.78,1,0,0,0,0,1,0
85.24,52.31,14.94,24.05,0,1,0,0,2,0,0
92.98,46.92,7.67,40.99,1,0,0,0,5,1,0
71.16,15.79,44.75,8.47,1,0,0,0,0,1,0
89.09,61.1,15.57,23.18,1,0,0,0,0,1,0
88.89,48.98,11.15,30.87,1,0,0,0,4,1,1
87.0,39.96,16.43,22.09,1,0,0,0,0,1,0
82.26,62.78,21.87,16.95,1,0,0,0,0,1,0
91.41,22.99,28.34,13.24,0,0,1,0,0,0,0
96.83,48.55,3.48,62.41,1,0,0,0,2,1,1
90.16,10.94,40.28,9.4,1,0,0,0,0,0,0
95.44,30.89,19.64,18.75,0,0,0,1,3,0,1
98.27,76.15,26.21,14.27,0,0,1,0,1,0,0
87.48,30.35,23.3,15.97,1,0,0,0,0,1,0
88.4,11.03,40.66,9.31,1,0,0,0,1,1,0
90.06,41.96,12.78,27.55,1,0,0,0,3,1,0
97.51,69.98,20.14,18.32,0,0,1,0,0,0,0
93.84,55.7,8.39,38.46,0,1,0,0,1,0,1
87.59,95.0,46.68,8.13,0,1,0,0,3,0,0
87.2,61.99,17.54,20.81,0,1,0,0,2,0,1
93.39,69.1,20.21,18.26,1,0,0,0,0,1,0
88.17,19.21,32.98,11.43,1,0,0,0,0,1,0
92.47,37.8,14.34,24.94,0,1,0,0,1,0,0
83.54,43.37,17.75,20.59,0,1,0,0,4,0,0
81.08,60.83,21.8,17.01,0,1,0,0,4,0,0
95.71,52.95,5.2,52.02,0,1,0,0,1,0,0
84.9,19.41,34.11,11.06,0,0,0,1,0,0,1
89.52,54.55,11.43,30.26,0,1,0,0,1,0,0
98.14,22.54,27.52,13.62,1,0,0,0,2,0,0
88.01,89.89,41.65,9.09,1,0,0,0,0,1,0
86.73,18.15,34.51,10.93,0,1,0,0,0,0,0
84.18,92.89,45.71,8.3,1,0,0,0,0,1,0
90.29,67.84,20.31,18.17,1,0,0,0,2,1,0
91.84,39.36,13.41,26.44,1,0,0,0,4,1,0
79.1,41.38,22.61,16.43,1,0,0,0,2,1,0
88.46,69.17,22.37,16.59,0,0,1,0,2,0,0
86.35,38.4,17.91,20.41,0,0,1,0,2,0,0
92.15,29.56,21.89,16.94,1,0,0,0,0,1,0
71.75,27.55,36.09,10.47,1,0,0,0,1,0,0
90.2,64.72,17.68,20.66,1,0,0,0,0,0,0
95.63,19.18,31.13,12.09,1,0,0,0,2,1,0
98.87,45.89,4.26,57.43,0,1,0,0,1,0,0
96.86,5.0,45.11,8.41,0,1,0,0,0,0,0
84.8,23.13,30.87,12.18,1,0,0,0,4,1,0
78.49,69.16,28.8,13.03,1,0,0,0,2,1,0
84.94,52.72,15.3,23.54,1,0,0,0,3,0,0
90.45,33.69,18.9,19.43,1,0,0,0,2,1,0
77.88,38.46,24.95,14.96,1,0,0,0,0,0,0
89.97,53.64,10.67,31.99,0,0,1,0,5,0,0
88.13,58.3,14.48,24.72,1,0,0,0,3,1,0
93.44,42.52,9.95,33.82,1,0,0,0,0,1,0
91.01,44.57,10.5,32.41,1,0,0,0,2,0,0
95.38,63.41,14.18,25.18,1,0,0,0,0,0,0
92.86,69.41,20.68,17.87,1,0,0,0,2,1,0
89.19,52.78,11.16,30.86,0,1,0,0,3,0,0
93.78,47.4,6.74,44.7,0,0,1,0,1,0,0
91.11,50.38,8.9,36.83,0,1,0,0,1,0,0
98.24,5.0,45.03,8.42,1,0,0,0,0,1,0
92.98,31.79,19.52,18.86,1,0,0,0,0,1,0
75.83,41.98,25.47,14.67,1,0,0,0,0,0,0
94.74,8.86,41.48,9.13,0,0,1,0,0,0,0
85.7,52.52,14.52,24.67,1,0,0,0,1,1,0
91.07,35.0,17.46,20.9,0,1,0,0,0,0,0
84.51,66.76,22.83,16.28,1,0,0,0,0,1,0
76.99,54.03,23.36,15.93,1,0,0,0,0,1,0
93.24,95.0,45.5,8.33,1,0,0,0,0,1,0
80.36,90.61,45.11,8.41,1,0,0,0,1,1,0
81.16,29.62,27.75,13.51,0,0,1,0,0,0,0
89.92,61.7,15.44,23.36,1,0,0,0,1,1,0
95.56,37.19,13.56,26.18,1,0,0,0,4,1,0
88.34,67.68,21.18,17.47,1,0,0,0,2,1,0
82.86,58.49,19.13,19.21,1,0,0,0,3,1,0
83.98,37.42,20.37,18.12,0,0,1,0,0,0,0
78.37,12.6,43.2,8.77,1,0,0,0,1,1,0
96.43,51.65,3.93,59.46,1,0,0,0,1,1,1
88.66,25.93,26.61,14.07,1,0,0,0,3,1,0
86.29,73.65,27.33,13.71,1,0,0,0,1,1,0
89.1,65.92,19.29,19.06,0,0,1,0,1,0,0
92.81,72.0,23.15,16.07,0,1,0,0,0,0,0
70.16,45.17,30.23,12.44,1,0,0,0,1,0,0
87.67,73.32,26.38,14.18,1,0,0,0,0,1,0
98.4,59.58,9.71,34.46,1,0,0,0,4,1,0
95.96,55.71,7.0,43.62,0,1,0,0,1,0,0
96.19,69.44,19.81,18.6,1,0,0,0,0,1,0
88.23,45.7,12.53,28.02,0,1,0,0,2,0,0
92.34,69.92,21.34,17.35,1,0,0,0,1,1,0
87.11,63.94,18.98,19.35,1,0,0,0,0,1,0
91.88,47.73,8.43,38.33,1,0,0,0,4,1,1
88.6,55.12,12.5,28.08,0,1,0,0,0,0,0
91.81,95.0,45.74,8.29,0,1,0,0,0,0,0
94.81,55.64,7.67,41.01,1,0,0,0,0,1,0
88.03,41.17,14.88,24.14,0,1,0,0,1,0,0
99.07,38.03,12.01,29.03,1,0,0,0,0,0,0
87.95,39.04,16.29,22.25,1,0,0,0,1,1,0
72.69,38.2,29.75,12.63,0,1,0,0,1,0,0
86.55,43.03,15.15,23.76,0,0,0,1,1,0,0
94.69,16.99,33.43,11.28,1,0,0,0,1,1,0
84.19,50.5,15.82,22.85,0,1,0,0,1,0,0
72.83,30.27,33.58,11.23,1,0,0,0,2,0,0
94.51,29.93,20.8,17.77,1,0,0,0,1,1,0
90.25,52.59,10.09,33.46,0,0,1,0,2,0,0
88.55,56.37,13.11,26.96,1,0,0,0,0,0,0
96.95,54.36,5.32,51.42,1,0,0,0,0,0,1
89.01,68.79,21.77,17.02,1,0,0,0,1,1,0
95.38,49.36,4.66,55.04,1,0,0,0,1,0,1
89.96,19.06,32.53,11.58,0,0,1,0,0,0,0
75.39,36.65,28.0,13.39,0,1,0,0,0,0,0
79.3,60.51,23.21,16.02,0,1,0,0,0,0,0
93.27,79.44,30.2,12.45,1,0,0,0,3,0,0
88.86,39.12,15.57,23.18,1,0,0,0,0,1,0
77.48,62.98,26.0,14.38,1,0,0,0,0,1,0
86.65,60.21,16.81,21.64,1,0,0,0,3,1,0
84.47,74.69,29.16,12.88,1,0,0,0,2,0,0
83.84,61.3,19.72,18.68,0,1,0,0,0,0,0
92.04,58.41,11.58,29.94,0,1,0,0,3,0,0
73.41,80.62,40.55,9.34,1,0,0,0,0,1,0
93.41,90.53,41.06,9.22,0,0,1,0,0,0,0
83.82,59.26,18.64,19.68,1,0,0,0,1,0,0
85.2,40.5,17.59,20.76,1,0,0,0,1,1,0
83.93,34.76,22.15,16.75,0,1,0,0,0,0,0
83.32,95.0,47.99,7.91,1,0,0,0,0,0,0
77.05,35.53,27.13,13.8,1,0,0,0,0,1,0
89.6,77.89,29.77,12.62,1,0,0,0,2,1,0
73.26,49.51,26.74,14.0,1,0,0,0,0,0,0
79.61,64.4,24.96,14.95,0,1,0,0,0,0,0
86.46,42.2,15.63,23.1,0,0,1,0,0,0,0
93.4,24.32,26.52,14.11,0,1,0,0,2,0,0
75.92,63.36,27.54,13.61,1,0,0,0,1,1,0
89.02,66.69,19.97,18.46,1,0,0,0,1,0,0
89.22,72.69,25.12,14.86,0,1,0,0,1,0,0
97.02,79.48,29.63,12.68,0,0,1,0,0,0,0
92.89,69.44,20.7,17.86,1,0,0,0,0,1,0
86.65,36.04,19.32,19.04,0,1,0,0,0,0,0
84.13,61.84,19.8,18.61,1,0,0,0,0,1,0
76.7,34.69,27.88,13.45,1,0,0,0,1,1,0
81.24,22.86,32.99,11.42,0,1,0,0,0,0,0
94.53,46.25,6.63,45.15,0,1,0,0,4,0,0
87.92,57.08,14.0,25.47,1,0,0,0,1,1,0
78.98,57.53,22.32,16.63,1,0,0,0,3,0,0
81.87,32.73,25.03,14.91,0,1,0,0,0,0,0
79.24,54.77,21.3,17.38,1,0,0,0,0,0,0
84.48,52.15,15.67,23.05,1,0,0,0,2,1,0
94.3,16.08,34.39,10.97,1,0,0,0,1,0,0
91.81,57.74,11.27,30.6,0,0,1,0,0,0,0
95.75,61.37,12.14,28.78,1,0,0,0,1,0,0
89.18,59.7,14.53,24.65,0,1,0,0,3,0,0
89.58,55.18,11.64,29.8,1,0,0,0,1,0,0
88.11,13.98,37.93,9.97,1,0,0,0,2,1,0
92.62,53.43,8.14,39.33,0,0,1,0,3,0,0
89.86,40.01,14.23,25.1,1,0,0,0,1,1,0
94.35,88.85,39.25,9.64,1,0,0,0,0,1,0
85.67,32.91,22.31,16.64,1,0,0,0,0,1,0
93.0,41.54,10.98,31.27,1,0,0,0,2,1,0
87.74,60.11,15.9,22.75,1,0,0,0,2,1,0
94.51,57.72,9.47,35.15,1,0,0,0,1,1,0
84.54,59.85,18.33,19.98,1,0,0,0,3,1,0
90.61,51.91,9.58,34.83,1,0,0,0,1,1,0
85.14,77.04,30.85,12.19,1,0,0,0,0,1,0
89.62,65.31,18.5,19.82,0,1,0,0,0,0,1
86.59,5.0,46.95,8.08,0,1,0,0,0,0,0
92.79,48.19,7.44,41.88,1,0,0,0,0,1,1
81.34,27.03,29.59,12.7,0,0,0,1,1,0,1
94.08,64.21,15.39,23.42,1,0,0,0,1,0,0
94.64,12.01,38.37,9.86,0,1,0,0,0,0,0
93.94,62.76,14.12,25.27,0,0,1,0,0,0,0
73.36,77.82,38.51,9.82,1,0,0,0,0,0,0
93.03,41.32,11.14,30.91,1,0,0,0,2,0,0
90.21,45.25,10.88,31.49,1,0,0,0,0,1,1
77.37,58.75,24.26,15.36,1,0,0,0,0,0,0
88.8,38.75,15.88,22.78,1,0,0,0,0,0,0
86.51,18.42,34.34,10.99,1,0,0,0,0,1,0
84.61,65.79,22.05,16.82,1,0,0,0,0,1,0
83.93,31.37,24.61,15.16,1,0,0,0,0,1,0
99.12,33.88,16.14,22.44,0,0,1,0,2,0,0
87.43,38.94,16.74,21.71,0,1,0,0,3,0,0
70.96,50.4,29.04,12.93,1,0,0,0,2,1,0
95.98,14.95,35.28,10.7,1,0,0,0,0,0,0
85.74,64.89,20.62,17.92,1,0,0,0,0,0,0
97.26,32.16,18.05,20.28,1,0,0,0,0,1,0
83.34,95.0,47.98,7.91,1,0,0,0,0,0,0
94.3,36.62,14.55,24.62,1,0,0,0,4,1,0
93.66,52.48,6.8,44.42,1,0,0,0,4,0,0
81.94,52.26,18.2,20.12,0,1,0,0,2,0,0
90.44,31.15,21.14,17.51,0,1,0,0,1,0,0
83.49,68.78,25.0,14.93,1,0,0,0,0,1,0
89.69,49.51,10.32,32.86,1,0,0,0,3,0,0
93.2,34.26,17.15,21.24,1,0,0,0,1,0,0
86.28,57.3,15.54,23.21,1,0,0,0,3,0,0
94.09,70.99,21.8,17.0,1,0,0,0,1,1,0
85.19,79.21,32.75,11.51,1,0,0,0,0,0,0
97.09,87.49,37.6,10.05,0,1,0,0,0,0,0
86.69,74.72,28.07,13.36,1,0,0,0,0,1,1
96.83,54.43,5.45,50.74,1,0,0,0,2,0,0
95.41,45.76,6.25,46.84,1,0,0,0,0,1,0
83.02,64.71,22.46,16.53,1,0,0,0,1,1,0
87.93,40.74,15.21,23.66,0,1,0,0,3,0,0
85.92,37.97,18.53,19.79,0,0,1,0,2,0,0
96.36,77.94,28.17,13.31,1,0,0,0,1,1,0
92.09,47.84,8.2,39.1,1,0,0,0,1,0,0
94.08,41.74,10.16,33.27,1,0,0,0,3,1,0
92.69,37.86,14.17,25.2,1,0,0,0,2,1,0
84.58,46.81,15.74,22.95,1,0,0,0,1,1,0
91.14,21.8,29.56,12.71,1,0,0,0,0,1,0
91.3,35.11,17.25,21.13,0,0,1,0,1,0,0
83.42,54.15,17.09,21.31,1,0,0,0,0,1,0
81.87,45.18,18.76,19.57,1,0,0,0,0,1,0
97.06,16.77,33.36,11.3,1,0,0,0,0,1,0
87.33,40.17,16.03,22.58,1,0,0,0,1,1,0
95.6,34.96,15.67,23.05,1,0,0,0,3,0,0
96.92,58.23,8.78,37.2,1,0,0,0,1,1,1
93.15,51.4,6.99,43.65,1,0,0,0,4,1,0
91.47,66.69,18.75,19.57,1,0,0,0,0,1,0
87.23,62.53,17.89,20.43,0,0,0,1,1,0,1
91.71,46.2,9.12,36.17,1,0,0,0,0,0,0
90.44,27.17,24.75,15.08,1,0,0,0,1,1,0
87.71,47.01,12.65,27.79,1,0,0,0,4,1,0
78.68,31.59,28.16,13.32,0,0,0,1,1,0,1
93.24,47.48,7.21,42.74,1,0,0,0,3,1,0
86.37,26.57,27.11,13.82,0,0,0,1,1,0,0
93.29,63.95,15.48,23.3,0,1,0,0,5,0,0
79.26,55.49,21.45,17.26,1,0,0,0,2,1,0
87.79,27.56,25.54,14.63,1,0,0,0,1,1,0
94.85,57.72,9.28,35.69,1,0,0,0,3,1,0
90.13,62.28,15.76,22.93,1,0,0,0,0,1,0
86.21,39.67,17.23,21.15,0,0,1,0,0,0,0
78.77,55.54,21.94,16.9,0,0,1,0,0,0,0
90.2,41.59,12.91,27.31,0,1,0,0,2,0,0
97.47,40.08,10.24,33.07,1,0,0,0,2,0,0
97.17,35.72,14.56,24.6,1,0,0,0,1,1,0
93.01,41.2,11.24,30.68,1,0,0,0,2,1,0
96.87,56.8,7.48,41.69,1,0,0,0,4,0,0
84.0,43.69,17.2,21.18,1,0,0,0,1,1,1
90.78,45.02,10.48,32.46,1,0,0,0,1,0,0
93.11,41.96,10.59,32.19,0,0,1,0,0,0,0
75.99,53.61,24.28,15.35,1,0,0,0,0,0,0
87.23,35.55,19.28,19.07,1,0,0,0,0,1,0
86.83,21.64,31.27,12.03,0,0,1,0,1,0,0
93.11,87.68,38.31,9.87,0,0,0,1,3,0,1
94.38,79.21,29.75,12.63,0,1,0,0,1,0,0
88.31,85.42,37.3,10.13,1,0,0,0,0,1,0
79.96,20.07,36.02,10.48,1,0,0,0,0,1,0
94.61,59.87,11.25,30.66,1,0,0,0,2,0,0
80.02,26.54,30.81,12.21,1,0,0,0,2,0,0
90.89,40.77,12.97,27.21,1,0,0,0,0,1,0
85.66,67.64,22.73,16.35,1,0,0,0,2,1,0
95.11,81.46,31.84,11.83,1,0,0,0,1,1,0
95.66,51.62,4.63,55.21,0,0,1,0,4,0,0
93.55,28.9,22.07,16.81,0,0,1,0,1,0,0
78.79,60.54,23.68,15.72,0,1,0,0,2,0,0
90.71,34.97,17.67,20.67,1,0,0,0,1,1,0
89.7,45.32,11.31,30.51,0,0,1,0,0,0,0
93.36,50.19,6.64,45.11,1,0,0,0,3,1,1
89.42,40.24,14.39,24.85,1,0,0,0,1,1,0
93.53,38.79,12.94,27.26,0,0,1,0,0,0,0
72.99,5.0,52.48,7.24,1,0,0,0,0,1,0
93.61,80.63,31.29,12.03,0,0,1,0,1,0,0
82.43,70.12,26.71,14.01,0,1,0,0,0,0,0
90.43,48.88,9.63,34.69,1,0,0,0,5,1,0
87.22,18.0,34.46,10.95,1,0,0,0,0,1,0
95.89,36.95,13.68,25.98,1,0,0,0,0,1,0
84.65,72.04,26.86,13.94,1,0,0,0,0,1,0
83.77,88.89,42.14,8.99,1,0,0,0,1,1,0
92.87,60.8,12.94,27.26,0,1,0,0,3,0,0
92.36,22.69,28.35,13.23,1,0,0,0,0,0,0
97.52,91.05,41.13,9.21,1,0,0,0,1,1,0
80.55,35.84,24.06,15.49,1,0,0,0,2,1,0
82.39,68.2,25.32,14.75,1,0,0,0,1,1,0
94.79,46.42,6.32,46.52,1,0,0,0,0,1,1
79.02,38.12,24.11,15.46,0,1,0,0,4,0,0
85.39,23.04,30.66,12.27,1,0,0,0,2,1,0
85.22,35.87,20.44,18.06,0,1,0,0,2,0,0
92.99,57.59,10.33,32.83,1,0,0,0,2,1,0
94.92,69.79,20.43,18.07,0,1,0,0,1,0,0
85.18,66.28,22.02,16.84,0,1,0,0,2,0,0
76.61,39.23,25.74,14.52,1,0,0,0,0,0,0
71.57,81.05,42.09,9.0,1,0,0,0,0,1,0
89.27,54.1,11.49,30.12,0,0,1,0,3,0,0
97.12,81.33,31.46,11.96,1,0,0,0,0,1,0
86.5,67.69,22.25,16.68,0,1,0,0,1,0,0
91.88,21.53,29.6,12.69,0,0,1,0,1,0,0
91.81,63.11,15.46,23.33,1,0,0,0,0,1,0
87.64,28.53,24.78,15.06,0,1,0,0,1,0,0
98.39,59.59,9.73,34.43,1,0,0,0,2,1,0
94.17,22.65,27.96,13.41,1,0,0,0,2,1,0
91.72,59.37,12.5,28.07,0,1,0,0,2,0,0
96.26,28.5,21.82,16.99,1,0,0,0,4,1,0
79.5,91.87,46.62,8.14,1,0,0,0,0,0,0
90.4,38.64,14.88,24.14,1,0,0,0,2,1,0
95.42,62.11,12.95,27.25,1,0,0,0,4,1,0
97.6,48.34,2.92,66.37,1,0,0,0,1,1,0
86.24,36.74,19.11,19.23,1,0,0,0,0,1,0
93.99,55.35,8.04,39.65,1,0,0,0,2,1,0
91.05,5.0,45.88,8.27,1,0,0,0,0,1,0
85.64,19.91,33.34,11.31,1,0,0,0,0,1,0
86.54,60.22,16.9,21.53,0,1,0,0,2,0,0
96.93,27.48,22.73,16.34,1,0,0,0,3,1,0
94.16,17.12,33.4,11.29,1,0,0,0,3,1,0
90.54,33.01,19.45,18.92,1,0,0,0,1,1,1
87.17,61.03,16.92,21.5,1,0,0,0,3,0,0
81.57,81.57,36.56,10.33,1,0,0,0,0,0,0
86.98,40.81,15.94,22.7,0,0,1,0,3,0,0
76.85,53.68,23.44,15.88,1,0,0,0,0,0,0
96.07,25.27,25.04,14.91,1,0,0,0,0,1,0
86.91,51.2,13.15,26.89,1,0,0,0,0,1,0
90.38,58.68,12.96,27.22,0,1,0,0,0,0,0
79.2,21.22,35.51,10.63,0,1,0,0,0,0,0
85.25,75.29,29.28,12.83,0,0,0,1,2,0,1
94.99,56.67,8.34,38.65,0,1,0,0,0,0,0
90.14,57.9,12.63,27.82,1,0,0,0,1,0,0
95.68,56.83,8.08,39.52,1,0,0,0,1,0,0
89.07,55.57,12.26,28.53,0,1,0,0,3,0,0
83.74,30.88,25.1,14.88,0,0,1,0,0,0,0
94.49,27.42,23.25,16.0,1,0,0,0,3,1,0
99.25,88.91,38.91,9.72,0,1,0,0,0,0,0
92.31,62.02,14.27,25.04,1,0,0,0,2,1,0
94.51,28.03,22.64,16.41,1,0,0,0,2,0,0
83.01,90.86,44.25,8.57,1,0,0,0,0,1,0
92.7,85.45,36.19,10.44,1,0,0,0,0,1,0
90.96,32.29,19.88,18.53,1,0,0,0,0,1,0
93.05,43.55,9.48,35.1,1,0,0,0,1,0,0
95.64,41.57,9.49,35.08,1,0,0,0,1,1,0
93.77,73.49,24.3,15.34,0,1,0,0,2,0,0
83.47,9.38,43.85,8.64,1,0,0,0,0,0,0
84.52,47.37,15.7,23.0,0,0,1,0,0,0,0
90.28,46.74,10.25,33.05,1,0,0,0,2,1,0
95.14,29.76,20.82,17.76,0,0,0,1,2,0,0
88.59,28.17,24.63,15.15,1,0,0,0,0,0,0
96.2,48.67,4.03,58.85,0,1,0,0,4,0,0
94.53,80.95,31.43,11.97,1,0,0,0,1,1,0
98.51,29.25,20.81,17.77,1,0,0,0,1,0,0
87.92,41.63,14.69,24.41,0,0,1,0,1,0,0
92.29,61.72,14.03,25.41,1,0,0,0,0,1,0
79.03,31.37,28.05,13.37,0,0,1,0,0,0,0
88.34,68.51,21.88,16.95,0,0,1,0,2,0,0
89.77,54.82,11.3,30.53,1,0,0,0,2,0,0
91.4,28.54,23.11,16.09,1,0,0,0,2,1,0
95.76,63.43,14.09,25.33,0,0,0,1,1,0,1
86.65,51.91,13.49,26.3,0,1,0,0,0,0,0
82.23,43.65,18.87,19.46,1,0,0,0,0,1,0
82.95,45.41,17.66,20.69,1,0,0,0,0,1,1
94.0,80.86,31.44,11.97,0,1,0,0,0,0,0
93.25,61.25,13.12,26.94,1,0,0,0,0,1,0
95.0,31.81,18.87,19.46,1,0,0,0,3,0,0
96.68,68.01,18.31,20.01,1,0,0,0,3,1,0
93.28,26.22,24.71,15.1,1,0,0,0,0,1,0
84.15,66.28,22.72,16.35,1,0,0,0,3,1,0
89.02,46.15,11.64,29.8,1,0,0,0,0,1,0
89.95,73.97,25.99,14.39,0,1,0,0,0,0,0
87.1,40.39,16.09,22.51,0,0,1,0,1,0,0
90.1,73.89,25.86,14.46,1,0,0,0,0,1,0
93.33,59.31,11.45,30.21,1,0,0,0,3,1,0
93.33,28.71,22.31,16.64,0,1,0,0,0,0,0
95.02,60.92,12.0,29.05,1,0,0,0,1,1,1
82.31,41.29,19.72,18.68,0,0,1,0,2,0,0
86.95,39.02,17.05,21.35,1,0,0,0,2,1,0
92.76,42.93,10.12,33.37,1,0,0,0,3,1,0
96.25,33.48,16.94,21.48,1,0,0,0,1,1,0
88.24,37.59,17.1,21.3,1,0,0,0,4,0,0
89.65,52.23,10.59,32.19,1,0,0,0,1,1,0
94.98,70.96,21.56,17.18,0,0,1,0,0,0,0
95.29,30.56,20.0,18.44,1,0,0,0,2,1,0
92.0,73.23,24.57,15.18,1,0,0,0,1,1,0
87.09,68.24,22.35,16.61,1,0,0,0,0,0,0
81.41,10.25,43.89,8.64,0,0,1,0,0,0,0
76.52,44.69,24.07,15.48,1,0,0,0,0,1,0
95.53,72.64,23.07,16.11,1,0,0,0,2,1,0
95.79,44.67,6.8,44.45,1,0,0,0,1,1,0
88.58,36.67,17.55,20.8,0,0,0,1,2,0,0
94.61,46.97,6.18,47.15,0,1,0,0,0,0,1
93.15,9.6,40.98,9.24,1,0,0,0,1,0,0
93.83,16.6,33.97,11.1,1,0,0,0,1,1,0
86.6,73.26,26.84,13.95,1,0,0,0,0,1,0
96.4,41.81,8.95,36.69,1,0,0,0,1,1,1
91.2,66.0,18.26,20.06,1,0,0,0,1,0,0
80.07,64.52,24.66,15.13,1,0,0,0,0,1,0
81.38,69.01,26.61,14.07,1,0,0,0,1,1,0
88.44,35.78,18.33,19.99,0,0,1,0,0,0,0
99.32,47.63,2.47,69.69,1,0,0,0,5,1,0
85.95,38.05,18.44,19.87,1,0,0,0,1,1,0
83.23,63.1,21.28,17.39,0,1,0,0,0,0,0
83.94,46.2,16.51,21.99,0,1,0,0,0,0,0
95.44,45.51,6.4,46.16,0,0,1,0,1,0,0
97.45,44.73,5.85,48.71,1,0,0,0,2,1,1
82.76,39.15,20.37,18.12,1,0,0,0,3,1,0
94.37,57.14,9.09,36.25,0,1,0,0,3,0,0
85.6,75.78,29.53,12.72,1,0,0,0,1,1,0
85.57,71.34,25.76,14.51,0,1,0,0,2,0,0
86.77,51.98,13.38,26.49,1,0,0,0,5,1,0
95.7,51.67,4.61,55.32,1,0,0,0,3,0,0
90.85,48.64,9.25,35.79,1,0,0,0,2,1,0
90.16,40.95,13.37,26.5,0,0,1,0,2,0,0
78.87,60.68,23.67,15.73,1,0,0,0,1,1,0
93.58,75.87,26.65,14.04,1,0,0,0,3,1,0
79.16,23.48,33.72,11.18,1,0,0,0,0,0,0
77.25,30.98,29.65,12.67,1,0,0,0,0,1,0
88.4,40.04,15.3,23.55,0,1,0,0,2,0,0
95.48,28.61,21.86,16.96,0,0,1,0,1,0,0
83.77,57.77,17.99,20.33,0,1,0,0,1,0,0
92.04,63.92,16.04,22.57,1,0,0,0,3,1,0
88.18,36.8,17.72,20.62,1,0,0,0,2,1,0
97.18,45.2,5.57,50.13,1,0,0,0,3,1,0
91.74,50.18,8.26,38.9,1,0,0,0,1,1,0
96.82,8.09,42.03,9.01,1,0,0,0,0,1,0
94.1,69.05,19.94,18.48,1,0,0,0,1,1,0
96.02,7.93,42.26,8.97,1,0,0,0,0,1,0
86.7,51.98,13.45,26.37,0,0,1,0,0,0,0
84.84,32.04,23.5,15.83,0,0,0,1,1,0,0
90.91,54.78,10.27,32.99,0,1,0,0,3,0,1
93.28,39.14,12.77,27.57,0,0,1,0,4,0,0
82.04,53.6,18.32,20.0,1,0,0,0,2,1,0
91.07,58.74,12.5,28.08,1,0,0,0,2,0,0
92.63,80.85,31.72,11.87,0,1,0,0,2,0,0
85.24,78.9,32.45,11.61,1,0,0,0,0,0,1
82.47,30.18,26.46,14.14,1,0,0,0,3,1,1
81.96,20.62,34.48,10.94,1,0,0,0,3,1,0
98.22,56.75,6.98,43.67,1,0,0,0,2,1,0
85.58,34.46,21.2,17.46,1,0,0,0,1,1,0
81.41,80.21,35.47,10.65,1,0,0,0,0,0,0
93.88,51.6,6.33,46.49,1,0,0,0,2,1,0
90.35,58.92,13.14,26.9,0,1,0,0,1,0,0
91.91,27.07,24.32,15.33,1,0,0,0,2,1,0
90.95,71.73,23.54,15.81,0,0,1,0,0,0,0
81.12,54.39,19.39,18.98,1,0,0,0,3,1,0
76.9,32.38,29.05,12.92,0,0,0,1,3,0,0
95.38,51.23,4.78,54.37,1,0,0,0,3,1,0
92.55,59.15,11.8,29.46,1,0,0,0,1,1,0
88.06,11.09,40.7,9.3,0,1,0,0,1,0,0
69.15,41.48,32.01,11.77,1,0,0,0,2,1,0
88.16,47.39,12.12,28.81,1,0,0,0,1,1,0
91.0,74.6,26.19,14.28,0,1,0,0,1,0,0
81.69,56.31,19.37,18.99,1,0,0,0,0,1,0
91.53,81.05,32.18,11.7,0,1,0,0,2,0,0
87.0,47.81,13.18,26.83,0,0,1,0,3,0,0
88.56,61.79,16.43,22.08,0,1,0,0,0,0,0
79.17,14.71,40.98,9.24,0,1,0,0,1,0,0
89.22,95.0,46.27,8.2,1,0,0,0,1,1,0
94.1,27.23,23.52,15.82,1,0,0,0,1,0,0
80.93,30.35,27.38,13.68,0,0,1,0,0,0,0
89.67,74.43,26.52,14.11,1,0,0,0,1,1,0
75.73,69.08,30.87,12.18,1,0,0,0,0,0,0
93.23,90.58,41.14,9.2,0,0,1,0,0,0,0
95.07,73.37,23.89,15.59,0,0,0,1,2,0,1
94.13,43.38,8.85,37.0,1,0,0,0,1,1,0
77.97,24.61,33.62,11.22,1,0,0,0,0,1,0
90.23,8.06,43.07,8.8,1,0,0,0,0,1,0
83.26,52.93,17.0,21.42,0,0,1,0,0,0,0
92.55,5.0,45.61,8.32,1,0,0,0,0,0,0
92.11,67.3,19.02,19.32,0,0,1,0,0,0,0
96.33,78.85,29.08,12.91,0,0,1,0,3,0,0
81.82,59.1,20.33,18.15,1,0,0,0,0,1,0
92.08,37.49,14.8,24.25,1,0,0,0,5,1,0
93.56,32.14,18.98,19.35,1,0,0,0,1,1,0
96.61,58.3,8.96,36.64,0,0,1,0,2,0,0
91.49,34.64,17.56,20.79,0,1,0,0,2,0,0
87.42,45.78,13.26,26.69,1,0,0,0,3,0,0
97.08,73.54,23.72,15.7,0,1,0,0,0,0,0
84.21,68.49,24.31,15.33,1,0,0,0,0,1,0
98.29,71.48,21.54,17.19,1,0,0,0,0,1,0
86.3,48.34,13.8,25.78,1,0,0,0,2,1,0
91.53,35.08,17.16,21.23,1,0,0,0,3,1,0
76.94,53.67,23.35,15.93,1,0,0,0,1,1,0
81.05,80.18,35.64,10.6,1,0,0,0,1,1,0
86.28,29.28,24.85,15.02,1,0,0,0,3,1,1
92.01,65.42,17.36,21.01,1,0,0,0,2,1,0
97.63,56.86,7.26,42.58,1,0,0,0,1,0,0
86.84,24.55,28.65,13.1,1,0,0,0,0,0,0
92.49,47.97,7.78,40.58,1,0,0,0,3,0,1
89.51,72.6,24.91,14.98,1,0,0,0,4,1,0
85.36,88.87,41.54,9.12,0,1,0,0,0,0,0
80.39,95.0,49.09,7.73,1,0,0,0,0,1,0
81.27,5.0,48.74,7.79,1,0,0,0,0,1,0
88.82,29.33,23.5,15.83,1,0,0,0,0,1,0
99.26,52.34,2.45,69.78,1,0,0,0,1,0,0
92.4,49.53,7.62,41.19,1,0,0,0,1,1,1
84.33,21.72,32.33,11.65,1,0,0,0,0,1,0
85.69,51.11,14.35,24.92,1,0,0,0,1,1,0
78.2,33.85,27.13,13.81,0,0,1,0,0,0,0
82.29,63.14,22.05,16.82,1,0,0,0,2,1,0
75.39,50.89,24.63,15.15,1,0,0,0,0,0,0
93.31,30.37,20.74,17.82,0,0,1,0,0,0,0
93.88,27.82,23.01,16.16,1,0,0,0,3,1,0
95.39,42.93,8.44,38.29,0,0,0,1,3,0,1
90.36,18.83,32.62,11.55,1,0,0,0,2,1,0
96.55,19.15,31.04,12.12,0,0,1,0,0,0,0
90.24,76.6,28.33,13.24,0,1,0,0,1,0,0
98.16,66.31,16.41,22.11,1,0,0,0,3,1,0
84.45,39.23,18.91,19.42,1,0,0,0,1,1,0
82.55,40.59,19.83,18.58,1,0,0,0,2,1,0
87.48,42.52,14.58,24.57,1,0,0,0,1,0,0
89.02,57.65,13.38,26.49,1,0,0,0,2,1,0
92.54,51.67,7.64,41.1,1,0,0,0,4,1,0
91.73,43.7,10.39,32.68,1,0,0,0,1,1,0
95.99,70.95,21.33,17.36,0,1,0,0,0,0,0
86.53,45.2,14.3,25.0,1,0,0,0,0,1,0
78.35,46.85,21.88,16.94,0,1,0,0,3,0,0
85.08,25.16,28.97,12.96,1,0,0,0,0,0,0
91.32,66.82,18.93,19.4,0,1,0,0,0,0,0
97.64,29.99,20.15,18.31,0,0,0,1,4,0,1
86.18,28.7,25.39,14.71,0,0,0,1,1,0,1
96.8,24.97,25.23,14.8,1,0,0,0,2,0,0
84.83,59.69,18.0,20.32,1,0,0,0,2,1,0
92.21,34.46,17.38,20.98,1,0,0,0,0,0,0
77.48,67.16,28.31,13.25,1,0,0,0,0,1,0
93.23,57.19,9.88,34.01,1,0,0,0,1,1,0
89.01,78.52,30.56,12.3,1,0,0,0,0,1,0
94.78,18.01,32.41,11.62,0,1,0,0,0,0,0
94.0,86.86,37.34,10.12,0,1,0,0,0,0,0
84.34,50.41,15.66,23.06,0,0,1,0,0,0,0
95.95,59.94,10.73,31.85,0,1,0,0,2,0,0
91.72,32.51,19.35,19.01,1,0,0,0,0,1,0
88.69,60.75,15.6,23.13,1,0,0,0,1,0,0
91.56,56.71,10.78,31.72,1,0,0,0,3,0,0
98.39,59.37,9.5,35.05,1,0,0,0,1,1,0
72.88,16.39,43.19,8.77,1,0,0,0,0,0,0
94.47,28.15,22.54,16.47,1,0,0,0,2,1,0
91.24,60.43,13.62,26.09,1,0,0,0,3,1,0
87.49,76.35,29.17,12.87,1,0,0,0,1,1,0
78.47,49.9,21.53,17.21,1,0,0,0,2,1,0
76.06,43.99,24.68,15.12,1,0,0,0,2,1,0
82.49,44.07,18.49,19.83,0,1,0,0,3,0,0
91.59,59.81,12.92,27.29,1,0,0,0,1,1,0
82.2,79.27,34.26,11.01,0,0,0,1,0,0,0
89.7,83.03,34.6,10.91,1,0,0,0,1,1,0
95.54,59.88,10.84,31.6,1,0,0,0,3,1,0
90.72,42.86,11.71,29.66,1,0,0,0,0,1,0
95.33,72.14,22.63,16.42,1,0,0,0,0,1,0
94.27,37.19,14.04,25.4,1,0,0,0,1,1,0
91.59,39.76,13.25,26.71,1,0,0,0,2,0,0
70.94,47.87,29.14,12.89,1,0,0,0,0,1,0
90.3,41.37,12.98,27.18,0,0,0,1,2,0,0
93.43,49.31,6.61,45.25,1,0,0,0,3,1,0
91.47,34.13,18.02,20.31,1,0,0,0,2,1,0
96.71,58.21,8.85,37.0,1,0,0,0,1,1,0
86.69,71.69,25.45,14.68,1,0,0,0,3,1,0
96.78,64.61,14.96,24.01,0,1,0,0,1,0,0
80.97,44.93,19.69,18.7,1,0,0,0,2,1,0
94.99,38.81,12.27,28.52,0,0,0,1,0,0,1
86.77,52.08,13.39,26.47,1,0,0,0,4,1,0
90.97,35.32,17.24,21.14,0,0,1,0,2,0,0
76.42,53.45,23.83,15.63,1,0,0,0,0,1,0
84.99,57.42,16.74,21.72,1,0,0,0,1,1,0
81.84,56.18,19.18,19.16,1,0,0,0,0,0,0
96.1,71.4,21.75,17.04,1,0,0,0,2,1,0
78.68,61.17,24.07,15.48,1,0,0,0,0,1,0
86.11,34.04,21.16,17.49,1,0,0,0,2,1,0
91.59,50.92,8.46,38.23,1,0,0,0,2,1,0
98.18,34.44,15.67,23.05,0,1,0,0,1,0,0
88.19,46.33,12.37,28.32,1,0,0,0,0,1,0
87.92,84.24,36.31,10.4,1,0,0,0,0,1,0
88.96,79.66,31.65,11.89,0,0,1,0,1,0,0
91.07,41.83,12.1,28.85,1,0,0,0,1,1,0
84.04,53.79,16.4,22.12,1,0,0,0,1,1,0
82.72,34.96,22.91,16.23,1,0,0,0,0,1,0
89.03,78.67,30.7,12.25,1,0,0,0,3,1,0
98.78,16.63,33.39,11.29,0,0,1,0,1,0,0
82.4,48.48,17.66,20.68,1,0,0,0,1,1,0
94.97,42.08,9.39,35.39,1,0,0,0,2,1,0
89.84,22.67,29.16,12.88,1,0,0,0,0,0,0
94.76,39.4,11.82,29.42,1,0,0,0,5,1,0
79.36,64.76,25.37,14.72,1,0,0,0,3,1,0
93.72,57.64,9.89,33.98,1,0,0,0,2,1,0
80.71,26.45,30.44,12.35,0,1,0,0,3,0,0
88.25,45.68,12.52,28.04,1,0,0,0,3,1,0
86.63,46.08,13.93,25.57,0,1,0,0,1,0,0
97.99,74.66,24.74,15.08,0,1,0,0,2,0,0
85.97,76.65,30.12,12.48,1,0,0,0,3,0,0
96.24,69.54,19.89,18.53,0,0,0,1,1,0,1
81.37,76.45,32.35,11.64,1,0,0,0,1,1,0
77.53,23.15,35.01,10.78,0,0,0,1,3,0,0
95.41,30.89,19.65,18.74,1,0,0,0,2,1,0
95.38,64.0,14.74,24.33,1,0,0,0,1,1,0
87.86,40.05,15.7,23.01,0,1,0,0,3,0,0
78.36,45.74,22.05,16.82,1,0,0,0,1,1,0
92.78,44.37,9.16,36.06,0,0,1,0,3,0,0
91.73,33.65,18.33,19.99,1,0,0,0,2,1,0
71.13,54.07,29.16,12.88,0,1,0,0,2,0,0
88.18,75.55,28.15,13.32,0,1,0,0,2,0,0
86.48,65.61,20.65,17.89,0,1,0,0,2,0,0
88.63,29.07,23.82,15.64,0,0,1,0,3,0,0
88.58,68.73,21.94,16.9,0,1,0,0,3,0,0
96.33,35.69,14.77,24.29,0,1,0,0,1,0,0
93.72,82.48,33.08,11.4,1,0,0,0,1,1,0
87.83,33.86,20.22,18.25,1,0,0,0,0,0,0
78.14,61.33,24.62,15.15,0,0,1,0,0,0,0
98.54,48.31,2.23,71.47,1,0,0,0,3,1,0
77.48,17.66,39.41,9.6,1,0,0,0,0,1,0
87.04,43.38,14.55,24.62,1,0,0,0,1,1,0
89.45,40.4,14.26,25.05,1,0,0,0,2,1,0
94.95,33.76,17.0,21.41,1,0,0,0,4,1,0
95.93,53.71,5.51,50.44,0,0,1,0,1,0,0
95.6,71.23,21.68,17.09,1,0,0,0,2,1,0
92.7,67.39,18.86,19.47,0,0,1,0,0,0,0
82.29,49.56,17.72,20.62,1,0,0,0,1,0,0
83.99,16.65,37.0,10.21,0,1,0,0,0,0,0
78.66,37.58,24.69,15.11,0,1,0,0,1,0,0
70.28,51.3,29.74,12.63,1,0,0,0,0,1,0
93.37,5.0,45.49,8.34,1,0,0,0,0,0,0
95.4,55.09,6.86,44.18,1,0,0,0,2,1,1
90.82,59.35,13.1,26.96,0,0,1,0,5,0,0
88.6,70.17,23.17,16.05,1,0,0,0,1,0,0
90.81,14.38,36.79,10.27,1,0,0,0,1,0,0
78.42,34.48,26.58,14.08,0,1,0,0,2,0,0
79.51,95.0,49.45,7.68,1,0,0,0,3,0,0
90.37,47.86,9.87,34.04,1,0,0,0,3,1,0
89.87,49.61,10.14,33.32,0,0,0,1,1,0,1
94.37,43.37,8.7,37.47,1,0,0,0,0,1,0
94.34,69.33,20.14,18.31,1,0,0,0,3,0,0
89.73,40.83,13.77,25.83,1,0,0,0,0,0,0
98.55,50.91,1.71,75.58,0,1,0,0,3,0,0
77.85,30.9,29.25,12.84,1,0,0,0,0,1,0
88.68,28.73,24.09,15.47,0,1,0,0,2,0,0
90.75,53.3,9.82,34.16,1,0,0,0,1,1,0
90.1,43.6,11.79,29.48,1,0,0,0,2,1,0
96.01,18.82,31.44,11.97,1,0,0,0,2,1,0
82.5,66.21,23.86,15.61,0,1,0,0,0,0,0
80.73,44.85,19.94,18.48,0,0,0,1,0,0,0
88.36,86.65,38.45,9.84,1,0,0,0,2,0,0
93.58,32.33,18.8,19.52,1,0,0,0,0,1,0
85.34,48.16,14.77,24.29,0,1,0,0,2,0,0
86.71,51.68,13.4,26.46,1,0,0,0,5,1,0
94.74,73.13,23.72,15.7,1,0,0,0,0,1,1
81.23,61.9,22.22,16.7,1,0,0,0,0,0,0
97.74,5.0,45.06,8.42,1,0,0,0,1,1,0
83.19,92.81,45.99,8.25,1,0,0,0,0,1,0
91.37,31.11,20.77,17.79,0,0,0,1,1,0,0
86.85,25.6,27.72,13.52,0,0,1,0,0,0,0
93.02,27.09,23.95,15.55,0,0,1,0,1,0,0
81.07,52.39,19.08,19.26,1,0,0,0,2,0,0
98.56,9.6,40.43,9.36,1,0,0,0,0,1,0
84.34,39.93,18.62,19.7,0,1,0,0,1,0,0
89.01,59.76,14.7,24.4,1,0,0,0,2,1,1
78.56,68.31,28.19,13.3,1,0,0,0,1,1,0
87.2,15.79,36.52,10.34,0,1,0,0,0,0,0
97.77,63.61,13.79,25.8,1,0,0,0,2,1,1
82.25,65.1,23.31,15.96,0,0,1,0,1,0,0
79.54,62.4,23.92,15.57,1,0,0,0,0,1,0
78.14,54.78,22.37,16.59,1,0,0,0,3,0,1
86.52,5.0,46.98,8.08,1,0,0,0,2,1,0
90.65,58.86,12.88,27.37,1,0,0,0,0,1,0
82.84,75.68,30.88,12.18,1,0,0,0,1,1,0
82.53,67.43,24.68,15.12,1,0,0,0,2,0,0
88.32,40.61,14.98,23.99,1,0,0,0,2,1,0
94.65,89.45,39.81,9.51,0,1,0,0,0,0,0
96.17,57.38,8.31,38.73,1,0,0,0,2,0,0
83.68,58.82,18.55,19.77,1,0,0,0,0,1,0
83.27,73.8,29.09,12.91,0,1,0,0,1,0,0
85.97,23.98,29.56,12.71,1,0,0,0,1,1,0
81.68,44.31,19.18,19.16,1,0,0,0,4,1,0
93.85,45.43,7.66,41.03,1,0,0,0,2,1,0
90.08,49.0,9.97,33.77,1,0,0,0,0,1,0
90.92,53.25,9.64,34.65,1,0,0,0,3,0,0
85.61,50.85,14.42,24.82,0,1,0,0,1,0,0
88.03,40.83,15.08,23.85,1,0,0,0,3,1,1
92.68,56.75,9.96,33.8,1,0,0,0,0,1,0
82.22,45.79,18.27,20.05,1,0,0,0,1,0,0
91.06,50.22,8.94,36.71,0,0,1,0,0,0,0
86.85,54.19,13.8,25.79,1,0,0,0,0,1,0
93.3,48.27,6.92,43.94,0,1,0,0,3,0,0
90.47,27.99,23.98,15.53,0,0,1,0,3,0,0
78.32,42.58,22.92,16.22,1,0,0,0,0,1,0
87.95,77.52,30.04,12.51,0,1,0,0,0,0,0
88.33,87.07,38.86,9.73,1,0,0,0,1,0,0
89.89,60.2,14.36,24.9,1,0,0,0,3,1,0
98.57,48.42,2.14,72.23,0,1,0,0,1,0,1
90.55,41.45,12.74,27.62,0,1,0,0,2,0,0
93.7,58.33,10.45,32.54,1,0,0,0,0,1,0
89.0,59.11,14.28,25.03,1,0,0,0,0,0,0
94.39,62.93,14.09,25.32,1,0,0,0,1,0,0
77.45,39.97,24.68,15.11,1,0,0,0,0,1,0
87.19,45.58,13.55,26.2,1,0,0,0,3,0,0
91.09,33.45,18.79,19.53,1,0,0,0,0,1,0
84.28,21.3,32.72,11.52,1,0,0,0,0,1,0
94.44,59.05,10.62,32.11,1,0,0,0,3,1,0
83.17,51.81,16.93,21.5,0,1,0,0,0,0,0
93.4,33.11,18.13,20.18,1,0,0,0,3,0,0
93.78,62.23,13.72,25.91,1,0,0,0,0,1,0
94.92,50.31,5.09,52.67,1,0,0,0,2,1,0
88.98,46.9,11.45,30.2,1,0,0,0,0,1,0
93.05,59.42,11.71,29.66,1,0,0,0,2,0,0
98.0,50.51,2.06,72.83,0,1,0,0,1,0,0
95.82,45.23,6.35,46.41,1,0,0,0,3,0,1
65.8,56.63,34.84,10.83,1,0,0,0,0,1,0
93.96,29.24,21.62,17.14,1,0,0,0,2,1,0
84.45,47.31,15.78,22.91,1,0,0,0,0,0,0
84.86,39.26,18.56,19.75,1,0,0,0,2,1,0
88.36,21.76,30.54,12.31,1,0,0,0,4,1,0
86.92,57.92,15.29,23.55,1,0,0,0,0,1,0
87.3,55.2,13.72,25.92,1,0,0,0,0,1,0
83.78,24.41,30.3,12.41,0,1,0,0,2,0,0
94.96,47.07,5.83,48.82,1,0,0,0,2,1,0
97.89,93.78,43.83,8.65,1,0,0,0,0,1,0
83.91,55.68,17.06,21.34,0,1,0,0,1,0,0
92.63,70.84,22.1,16.78,1,0,0,0,1,1,0
94.01,43.82,8.61,37.75,1,0,0,0,4,0,0
81.37,95.0,48.7,7.79,1,0,0,0,4,1,0
92.6,53.64,8.25,38.94,1,0,0,0,3,0,0
91.9,73.34,24.71,15.1,0,0,0,1,1,0,1
92.53,35.97,15.89,22.76,1,0,0,0,1,1,0
92.28,36.16,15.85,22.81,1,0,0,0,0,1,0
82.72,41.77,19.14,19.21,1,0,0,0,3,1,1
98.37,41.44,8.72,37.41,1,0,0,0,4,1,0
92.26,54.96,9.19,35.95,1,0,0,0,1,1,0
87.69,38.42,16.9,21.53,0,1,0,0,0,0,0
89.57,16.71,34.89,10.82,1,0,0,0,1,0,0
91.66,31.46,20.33,18.16,1,0,0,0,0,0,0
82.32,40.47,20.09,18.36,1,0,0,0,2,1,0
81.66,32.54,25.32,14.75,1,0,0,0,0,1,0
98.75,73.89,23.92,15.57,1,0,0,0,1,0,0
85.26,35.32,20.8,17.77,0,1,0,0,0,0,0
79.58,32.52,26.88,13.93,1,0,0,0,0,1,0
80.84,17.86,37.42,10.1,0,1,0,0,1,0,0
86.7,45.54,14.02,25.43,1,0,0,0,3,1,0
81.23,71.17,28.29,13.26,1,0,0,0,0,1,0
85.42,33.43,22.07,16.81,1,0,0,0,1,0,1
96.87,60.6,11.05,31.1,0,0,1,0,2,0,0
75.49,54.03,24.84,15.02,0,1,0,0,1,0,0
91.0,38.5,14.61,24.53,0,0,1,0,0,0,0
88.73,77.06,29.31,12.81,1,0,0,0,0,0,0
88.86,42.27,13.56,26.18,1,0,0,0,1,0,0
91.63,11.23,39.67,9.54,1,0,0,0,1,1,0
85.26,37.14,19.56,18.82,1,0,0,0,0,1,0
92.93,41.99,10.68,31.96,1,0,0,0,2,1,0
88.01,69.32,22.74,16.34,0,1,0,0,0,0,0
88.42,63.16,17.53,20.82,0,1,0,0,1,0,0
78.78,28.78,30.01,12.53,0,0,1,0,2,0,0
66.38,57.07,34.36,10.98,1,0,0,0,0,0,0
93.47,69.0,20.09,18.36,0,1,0,0,4,0,0
85.62,82.13,35.19,10.73,0,1,0,0,0,0,0
92.94,20.13,30.7,12.25,1,0,0,0,0,1,0
89.42,79.14,31.0,12.14,1,0,0,0,1,0,0
94.3,62.32,13.57,26.16,1,0,0,0,3,1,0
88.73,73.6,26.15,14.3,0,1,0,0,0,0,0
98.92,28.27,21.76,17.04,0,1,0,0,3,0,0
73.19,63.11,29.85,12.59,1,0,0,0,0,1,0
90.58,64.43,17.24,21.15,0,1,0,0,3,0,0
95.33,24.65,25.77,14.5,1,0,0,0,2,1,0
92.73,77.61,28.55,13.14,1,0,0,0,1,0,0
86.52,45.31,14.27,25.03,0,1,0,0,0,0,0
98.34,54.53,4.82,54.12,1,0,0,0,1,1,0
92.81,39.84,12.44,28.18,1,0,0,0,2,1,1
91.14,60.52,13.75,25.86,1,0,0,0,1,1,1
93.2,77.29,28.13,13.33,1,0,0,0,1,0,0
88.3,55.91,13.11,26.95,0,0,1,0,1,0,0
99.85,52.29,2.3,70.97,0,0,1,0,1,0,0
93.65,60.14,11.96,29.13,1,0,0,0,3,0,0
92.51,90.07,40.77,9.29,1,0,0,0,0,1,0
88.23,95.0,46.51,8.16,1,0,0,0,0,0,0
86.2,47.26,14.07,25.35,1,0,0,0,1,1,0
84.93,80.3,33.85,11.14,1,0,0,0,0,1,0
94.91,45.98,6.49,45.79,1,0,0,0,0,1,0
82.12,54.0,18.32,20.0,1,0,0,0,0,1,0
91.65,40.27,12.82,27.48,1,0,0,0,2,1,0
88.84,58.87,14.25,25.07,1,0,0,0,1,1,0
89.48,18.08,33.61,11.22,1,0,0,0,0,1,0
84.88,34.38,21.74,17.05,1,0,0,0,0,1,0
95.27,72.08,22.58,16.45,1,0,0,0,0,1,0
83.58,82.0,35.96,10.5,1,0,0,0,1,1,0
76.56,64.27,27.44,13.66,1,0,0,0,5,1,0
88.53,71.62,24.47,15.24,1,0,0,0,3,0,0
94.53,48.48,5.67,49.6,0,1,0,0,1,0,0
92.89,85.62,36.33,10.4,1,0,0,0,1,1,0
80.26,15.92,39.38,9.61,1,0,0,0,1,1,0
93.48,37.6,14.01,25.44,1,0,0,0,1,1,0
90.74,40.02,13.62,26.08,1,0,0,0,1,1,0
75.35,52.78,24.81,15.04,1,0,0,0,3,1,0
87.01,41.24,15.67,23.05,1,0,0,0,0,1,0
93.24,64.0,15.55,23.21,1,0,0,0,0,1,0
82.44,19.6,35.11,10.75,1,0,0,0,0,1,0
91.95,58.03,11.37,30.39,0,1,0,0,3,0,1
96.53,33.39,16.97,21.45,1,0,0,0,3,1,0
72.99,53.33,27.22,13.76,1,0,0,0,4,1,0
84.48,21.27,32.66,11.54,0,1,0,0,0,0,0
94.78,37.94,13.14,26.89,1,0,0,0,0,1,0
95.39,31.81,18.77,19.56,0,1,0,0,3,0,0
80.99,78.31,34.1,11.06,1,0,0,0,0,1,0
94.83,47.01,5.97,48.15,1,0,0,0,1,1,1
95.65,36.65,14.04,25.39,1,0,0,0,2,0,0
88.77,46.17,11.87,29.33,1,0,0,0,4,1,0
86.71,62.27,18.09,20.23,0,0,0,1,0,0,1
92.13,50.4,7.88,40.23,1,0,0,0,0,1,0
92.24,66.09,17.86,20.46,0,0,1,0,2,0,0
81.51,19.98,35.26,10.71,1,0,0,0,0,1,0
88.69,28.89,23.95,15.56,1,0,0,0,2,0,0
88.84,14.08,37.62,10.05,1,0,0,0,1,1,0
85.1,48.77,14.95,24.03,1,0,0,0,1,1,0
97.37,71.57,21.73,17.05,1,0,0,0,2,1,0
91.9,57.83,11.27,30.61,1,0,0,0,1,0,0
93.19,32.15,19.11,19.24,0,1,0,0,0,0,0
87.25,76.87,29.74,12.63,1,0,0,0,0,1,0
90.95,59.87,13.39,26.47,1,0,0,0,4,1,0
75.55,56.78,25.37,14.72,1,0,0,0,2,1,0
93.7,23.61,27.13,13.81,1,0,0,0,2,0,0
85.0,36.59,20.12,18.33,0,0,0,1,0,0,1
82.26,40.23,20.25,18.22,0,0,0,1,0,0,1
98.06,64.62,14.75,24.32,0,0,0,1,3,0,1
89.8,35.96,17.35,21.02,1,0,0,0,1,1,0
90.68,50.84,9.36,35.46,1,0,0,0,1,1,1
88.96,33.16,20.14,18.32,1,0,0,0,1,1,0
79.48,5.0,49.46,7.68,1,0,0,0,0,1,0
93.5,53.86,7.55,41.43,1,0,0,0,3,1,0
87.14,42.94,14.67,24.44,1,0,0,0,2,1,0
93.98,40.65,11.12,30.94,1,0,0,0,2,0,0
84.71,45.57,15.92,22.73,0,0,0,1,0,0,1
90.77,95.0,45.94,8.26,1,0,0,0,2,1,0
79.6,55.0,21.0,17.61,1,0,0,0,2,1,0
93.15,63.48,15.12,23.8,0,1,0,0,2,0,0
98.48,65.88,15.96,22.68,1,0,0,0,2,1,0
93.87,30.0,20.92,17.68,0,1,0,0,1,0,0
80.32,63.62,23.94,15.56,1,0,0,0,0,1,0
94.68,45.31,7.09,43.23,0,0,0,1,3,0,0
74.54,59.58,27.2,13.77,0,0,0,1,0,0,1
70.41,64.12,32.79,11.49,1,0,0,0,0,1,0
83.02,51.57,17.05,21.36,1,0,0,0,2,0,0
95.4,49.05,4.69,54.85,0,1,0,0,3,0,0
89.09,58.38,13.76,25.85,0,1,0,0,1,0,0
94.16,89.34,39.77,9.52,1,0,0,0,1,1,0
93.05,49.25,6.99,43.63,1,0,0,0,1,1,0
80.56,54.38,19.92,18.5,0,0,1,0,0,0,0
97.48,63.04,13.28,26.65,1,0,0,0,0,1,0
87.2,44.14,14.08,25.34,1,0,0,0,3,1,0
84.1,39.61,18.99,19.34,1,0,0,0,0,1,0
90.51,30.7,21.5,17.23,0,0,1,0,0,0,0
97.42,45.92,4.83,54.08,1,0,0,0,1,1,1
90.86,84.74,35.92,10.51,1,0,0,0,0,1,0
85.68,73.43,27.46,13.65,1,0,0,0,1,0,0
91.31,53.72,9.45,35.21,1,0,0,0,4,1,0
96.65,38.47,12.0,29.05,1,0,0,0,1,1,0
95.19,35.97,14.83,24.2,1,0,0,0,1,1,0
88.8,47.28,11.52,30.05,1,0,0,0,0,1,0
98.03,53.46,3.98,59.16,1,0,0,0,2,1,0
80.6,52.06,19.5,18.87,1,0,0,0,0,0,0
82.84,41.82,19.01,19.32,1,0,0,0,0,1,0
97.43,59.66,9.99,33.71,0,0,1,0,3,0,0
81.98,37.35,22.02,16.84,1,0,0,0,2,1,0
92.81,15.86,34.89,10.82,0,0,1,0,0,0,0
91.2,21.04,30.26,12.42,0,0,1,0,0,0,0
87.96,78.13,30.6,12.29,0,1,0,0,3,0,0
91.29,18.98,32.22,11.69,0,0,0,1,2,0,1
87.48,32.31,21.68,17.1,1,0,0,0,1,0,0
96.98,52.93,4.21,57.74,0,0,1,0,2,0,0
87.49,40.88,15.48,23.3,1,0,0,0,1,1,0
92.9,38.75,13.31,26.61,0,1,0,0,3,0,1
95.69,68.54,19.03,19.3,1,0,0,0,3,1,0
97.63,76.36,26.47,14.14,1,0,0,0,3,1,0
88.57,64.43,18.4,19.91,1,0,0,0,1,0,0
96.04,56.35,7.48,41.71,0,1,0,0,2,0,0
99.2,79.92,29.93,12.56,0,1,0,0,3,0,0
85.43,72.11,26.48,14.13,1,0,0,0,0,1,0
83.43,5.57,47.42,8.0,1,0,0,0,0,0,0
96.51,60.6,11.16,30.86,0,0,1,0,5,0,0
78.34,59.4,23.61,15.77,1,0,0,0,0,1,0
79.69,40.39,22.46,16.53,1,0,0,0,4,0,0
97.24,56.16,6.75,44.63,1,0,0,0,0,1,0
97.43,78.59,28.7,13.08,0,1,0,0,2,0,0
97.41,13.87,36.22,10.43,1,0,0,0,0,1,0
93.35,41.57,10.74,31.83,1,0,0,0,1,0,0
83.63,44.51,17.27,21.11,1,0,0,0,0,1,0
93.43,83.51,34.15,11.05,1,0,0,0,6,1,0
91.82,38.15,14.4,24.85,1,0,0,0,4,1,0
84.1,66.43,22.86,16.26,0,0,0,1,0,0,0
85.93,50.62,14.09,25.33,1,0,0,0,2,1,0
90.07,45.86,10.75,31.79,1,0,0,0,1,1,0
96.73,15.19,34.97,10.79,0,0,1,0,0,0,0
88.05,14.62,37.34,10.12,1,0,0,0,0,1,0
97.48,23.48,26.64,14.05,1,0,0,0,0,1,0
91.83,54.03,9.11,36.2,0,0,1,0,2,0,0
86.71,24.38,28.86,13.01,0,1,0,0,1,0,0
83.02,12.18,41.46,9.13,0,1,0,0,0,0,0
95.72,34.55,16.03,22.58,1,0,0,0,2,0,0
87.52,40.39,15.75,22.94,1,0,0,0,3,1,0
84.14,67.43,23.56,15.8,0,1,0,0,0,0,0
78.88,42.73,22.34,16.62,0,0,1,0,0,0,0
85.23,77.22,30.97,12.15,1,0,0,0,3,1,0
92.81,91.42,42.04,9.01,0,0,1,0,0,0,0
88.37,54.3,12.4,28.26,0,0,1,0,1,0,0
89.39,79.35,31.21,12.06,1,0,0,0,2,1,0
94.38,31.55,19.29,19.07,1,0,0,0,1,1,0
93.12,95.0,45.52,8.33,1,0,0,0,0,0,0
93.66,69.74,20.74,17.82,1,0,0,0,0,1,0
95.47,56.04,7.55,41.43,0,0,1,0,1,0,0
94.31,70.8,21.57,17.18,1,0,0,0,1,1,0
96.28,65.01,15.46,23.33,1,0,0,0,3,0,1
86.02,70.83,25.09,14.88,1,0,0,0,0,1,0
93.3,95.0,45.5,8.34,0,0,1,0,0,0,0
91.18,48.87,8.89,36.87,1,0,0,0,3,1,1
94.46,12.6,37.81,10.0,0,1,0,0,0,0,0
80.15,81.3,37.06,10.2,1,0,0,0,0,1,0
91.14,5.0,45.86,8.27,1,0,0,0,0,1,0
84.88,41.04,17.57,20.77,1,0,0,0,2,1,0
90.63,62.34,15.49,23.28,0,0,1,0,0,0,0
91.59,28.14,23.42,15.89,1,0,0,0,0,1,0
91.5,89.72,40.62,9.32,1,0,0,0,0,1,0
82.7,39.63,20.17,18.29,1,0,0,0,0,1,0
96.63,43.86,7.01,43.58,1,0,0,0,1,1,0
97.05,24.88,25.29,14.77,1,0,0,0,0,1,0
87.42,67.07,21.2,17.46,0,1,0,0,0,0,0
86.6,35.23,19.94,18.48,1,0,0,0,3,0,0
85.15,31.33,23.85,15.61,0,1,0,0,3,0,0
93.77,41.81,10.3,32.92,0,1,0,0,1,0,0
91.68,50.53,8.34,38.64,1,0,0,0,1,0,0
86.61,43.35,14.95,24.03,1,0,0,0,0,1,0
89.94,31.45,21.1,17.53,1,0,0,0,0,0,0
91.0,64.9,17.41,20.95,1,0,0,0,1,1,0
86.19,81.6,34.49,10.94,1,0,0,0,2,0,0
86.49,23.4,29.83,12.6,1,0,0,0,0,1,0
95.72,32.14,18.36,19.95,1,0,0,0,0,1,0
86.23,58.23,16.04,22.57,1,0,0,0,3,1,1
97.86,26.82,23.28,15.98,1,0,0,0,1,1,0
79.46,22.6,34.24,11.02,1,0,0,0,2,1,0
95.46,64.32,15.02,23.93,0,0,1,0,1,0,0
98.18,69.41,19.5,18.88,1,0,0,0,2,0,0
90.36,80.76,32.23,11.69,1,0,0,0,0,0,0
83.3,64.79,22.31,16.64,1,0,0,0,0,1,0
75.04,45.58,25.35,14.74,1,0,0,0,1,1,0
93.91,65.06,16.24,22.32,1,0,0,0,3,0,0
84.16,44.95,16.63,21.85,0,0,1,0,2,0,0
67.87,78.52,42.97,8.82,1,0,0,0,0,1,0
93.64,31.98,19.11,19.23,1,0,0,0,3,1,0
86.11,49.1,13.92,25.59,1,0,0,0,2,1,0
87.11,62.65,18.06,20.27,1,0,0,0,0,0,0
86.87,67.61,21.97,16.88,1,0,0,0,1,0,0
96.06,75.53,25.83,14.47,0,1,0,0,2,0,0
76.92,48.51,23.13,16.08,1,0,0,0,3,1,0
97.46,50.7,2.64,68.42,1,0,0,0,2,1,0
95.13,59.12,10.34,32.82,1,0,0,0,3,1,1
82.02,50.42,17.98,20.34,1,0,0,0,1,1,0
95.83,31.63,18.83,19.49,1,0,0,0,3,1,0
85.88,45.99,14.68,24.42,0,0,0,1,1,0,1
92.28,90.09,40.83,9.27,0,0,1,0,1,0,0
78.02,78.55,36.03,10.48,0,1,0,0,1,0,0
84.71,28.76,26.18,14.29,0,1,0,0,1,0,0
82.39,37.12,21.82,16.99,1,0,0,0,2,0,0
90.41,54.17,10.46,32.51,1,0,0,0,3,1,0
98.81,80.16,30.18,12.46,1,0,0,0,0,1,0
83.04,43.07,18.33,19.99,1,0,0,0,2,0,0
91.59,13.27,37.68,10.03,1,0,0,0,0,0,0
90.46,62.37,15.62,23.11,0,0,0,1,2,0,0
85.73,62.08,18.7,19.62,1,0,0,0,0,1,0
93.14,22.66,28.19,13.31,1,0,0,0,1,0,0
98.43,47.02,3.37,63.2,0,0,1,0,2,0,0
84.5,47.8,15.65,23.07,1,0,0,0,2,1,0
93.34,48.06,6.94,43.87,1,0,0,0,1,0,0
78.69,40.9,23.18,16.05,0,0,1,0,0,0,0
90.94,50.15,9.06,36.34,1,0,0,0,1,1,0
94.53,16.08,34.36,10.98,1,0,0,0,0,1,0
81.14,72.67,29.49,12.74,1,0,0,0,3,1,0
89.74,80.92,32.57,11.57,1,0,0,0,0,1,0
96.19,85.73,35.94,10.51,1,0,0,0,0,0,0
91.8,70.6,22.17,16.74,1,0,0,0,1,1,0
90.1,38.81,14.94,24.04,1,0,0,0,1,1,0
93.1,49.6,6.91,43.98,1,0,0,0,3,1,0
96.49,49.46,3.55,61.99,0,0,1,0,1,0,1
76.69,46.99,23.51,15.83,1,0,0,0,3,1,1
88.31,15.07,36.83,10.26,1,0,0,0,0,1,0
87.33,66.47,20.78,17.79,0,0,0,1,0,0,1
91.44,21.2,30.05,12.51,1,0,0,0,1,1,0
87.21,37.54,17.86,20.47,1,0,0,0,0,1,0
85.23,24.7,29.3,12.82,1,0,0,0,0,1,1
91.59,51.82,8.6,37.78,1,0,0,0,4,1,1
90.63,70.77,22.78,16.31,0,1,0,0,0,0,0
85.21,32.63,22.82,16.29,1,0,0,0,1,1,1
96.66,62.55,12.99,27.17,0,0,1,0,2,0,0
84.55,83.95,37.3,10.13,0,1,0,0,0,0,0
88.69,47.17,11.65,29.77,1,0,0,0,3,1,0
77.62,35.75,26.53,14.11,0,0,1,0,1,0,0
85.75,51.79,14.37,24.89,0,1,0,0,1,0,0
79.64,25.15,32.13,11.72,1,0,0,0,2,0,0
91.2,64.26,16.75,21.7,1,0,0,0,1,1,0
82.51,61.75,21.07,17.56,1,0,0,0,0,0,0
80.05,42.39,21.36,17.34,1,0,0,0,0,1,0
83.16,51.25,16.89,21.54,1,0,0,0,0,1,0
93.91,47.62,6.54,45.55,1,0,0,0,1,0,0
92.25,32.98,18.7,19.62,0,0,1,0,3,0,0
94.0,38.4,13.06,27.04,1,0,0,0,2,1,0
82.55,85.54,39.59,9.56,0,0,1,0,1,0,0
89.96,43.19,12.13,28.79,1,0,0,0,3,0,0
81.21,61.68,22.12,16.77,0,0,1,0,2,0,0
94.14,73.08,23.81,15.64,0,0,0,1,3,0,1
88.65,67.52,20.87,17.71,0,0,1,0,1,0,0
92.47,77.3,28.32,13.25,1,0,0,0,3,0,0
97.11,43.71,6.92,43.92,1,0,0,0,3,0,0
93.08,53.25,7.65,41.07,1,0,0,0,4,1,0
90.09,59.18,13.51,26.27,1,0,0,0,1,1,0
86.85,83.54,36.02,10.48,1,0,0,0,0,0,0
96.65,47.4,4.24,57.53,1,0,0,0,0,1,0
98.83,95.0,45.02,8.42,1,0,0,0,0,1,0
98.62,50.02,1.38,78.3,1,0,0,0,3,1,0
86.13,72.65,26.56,14.09,0,1,0,0,1,0,0
88.34,63.13,17.56,20.79,1,0,0,0,1,1,0
95.33,45.77,6.3,46.6,1,0,0,0,4,1,0
82.53,44.81,18.22,20.09,1,0,0,0,1,1,0
96.45,25.36,24.9,14.99,0,0,1,0,1,0,0
78.43,15.54,40.66,9.31,1,0,0,0,2,1,0
97.36,22.48,27.65,13.56,1,0,0,0,1,0,0
85.56,45.92,15.0,23.96,1,0,0,0,3,1,0
78.94,80.55,37.11,10.19,1,0,0,0,1,1,0
92.11,34.92,17.02,21.39,1,0,0,0,3,0,0
89.68,21.89,29.95,12.55,1,0,0,0,2,1,0
91.0,56.03,10.83,31.61,1,0,0,0,2,1,0
89.69,52.97,10.73,31.85,1,0,0,0,1,1,0
92.98,40.71,11.64,29.8,1,0,0,0,0,1,0
96.79,39.86,10.64,32.07,1,0,0,0,3,1,0
94.73,28.45,22.18,16.73,1,0,0,0,0,1,0
82.57,28.24,27.88,13.45,1,0,0,0,0,0,0
87.91,34.76,19.46,18.91,1,0,0,0,1,1,0
90.92,25.32,26.3,14.23,1,0,0,0,1,0,0
93.02,44.14,9.11,36.19,1,0,0,0,0,1,0
95.52,59.54,10.54,32.32,1,0,0,0,0,1,0
83.16,55.36,17.67,20.67,1,0,0,0,0,0,0
80.27,20.68,35.34,10.68,1,0,0,0,0,1,0
93.37,57.2,9.79,34.26,1,0,0,0,1,1,0
91.7,73.55,24.97,14.95,1,0,0,0,4,1,0
81.19,55.85,19.7,18.7,1,0,0,0,0,1,0
83.34,33.31,23.58,15.79,0,0,1,0,0,0,0
87.28,57.06,14.55,24.62,1,0,0,0,3,1,0
74.09,84.17,42.89,8.84,0,0,1,0,0,0,0
97.46,55.0,5.61,49.92,1,0,0,0,1,1,0
88.96,50.98,11.08,31.02,0,0,0,1,0,0,1
96.35,53.94,5.37,51.13,1,0,0,0,3,1,0
97.61,45.66,4.95,53.41,0,0,1,0,3,0,0
88.17,79.31,31.6,11.91,0,0,1,0,0,0,0
91.4,6.77,44.08,8.6,0,0,0,1,0,0,1
97.68,5.0,45.06,8.42,1,0,0,0,0,1,0
93.41,34.59,16.76,21.69,1,0,0,0,2,1,1
84.22,75.21,29.74,12.63,1,0,0,0,1,1,0
97.94,51.74,2.7,67.96,1,0,0,0,0,0,0
95.04,43.13,8.48,38.19,1,0,0,0,0,1,0
87.74,44.72,13.35,26.53,1,0,0,0,2,1,0
78.6,51.71,21.47,17.25,0,1,0,0,1,0,0
77.88,54.58,22.59,16.44,1,0,0,0,1,1,0
92.15,46.75,8.5,38.12,1,0,0,0,2,1,0
79.91,39.6,22.62,16.42,0,1,0,0,2,0,0
95.95,95.0,45.18,8.39,0,1,0,0,0,0,0
83.13,47.91,17.0,21.41,1,0,0,0,0,0,0
88.61,49.8,11.39,30.35,0,1,0,0,1,0,0
82.07,68.86,26.02,14.37,0,1,0,0,3,0,0
89.77,36.43,17.0,21.42,0,1,0,0,0,0,0
83.77,5.0,47.84,7.93,1,0,0,0,0,1,0
83.22,49.54,16.78,21.66,1,0,0,0,3,1,0
89.25,46.89,11.19,30.79,1,0,0,0,3,1,0
87.22,57.9,15.02,23.93,1,0,0,0,0,0,0
87.16,68.97,22.91,16.22,1,0,0,0,2,1,0
79.42,41.25,22.36,16.6,1,0,0,0,2,1,0
96.63,49.49,3.41,62.92,1,0,0,0,0,1,1
80.8,71.87,29.1,12.9,1,0,0,0,3,1,0
90.04,41.77,12.92,27.29,1,0,0,0,3,0,0
87.13,60.36,16.52,21.98,1,0,0,0,0,0,0
88.84,82.14,34.02,11.09,0,1,0,0,2,0,0
98.3,12.21,37.83,10.0,1,0,0,0,0,1,0
91.1,43.13,11.24,30.67,1,0,0,0,2,0,0
80.77,25.0,31.54,11.94,1,0,0,0,1,1,0
90.26,41.79,12.74,27.63,0,0,1,0,1,0,0
82.9,21.34,33.37,11.3,1,0,0,0,0,1,0
89.35,20.45,31.41,11.98,1,0,0,0,1,1,0
79.61,52.87,20.59,17.94,0,1,0,0,0,0,0
94.45,57.85,9.61,34.74,1,0,0,0,1,1,0
72.16,40.24,29.51,12.73,0,0,1,0,0,0,0
84.88,67.53,23.15,16.06,0,0,1,0,0,0,0
97.46,5.0,45.07,8.41,1,0,0,0,0,1,0
94.39,54.7,7.32,42.33,0,1,0,0,0,0,0
90.15,89.29,40.5,9.35,1,0,0,0,1,1,0
93.7,29.74,21.22,17.44,0,0,0,1,0,0,0
85.87,53.58,14.58,24.57,1,0,0,0,4,1,0
84.2,29.36,25.99,14.39,1,0,0,0,1,1,0
95.75,29.21,21.22,17.44,1,0,0,0,1,1,0
85.63,66.12,21.6,17.15,0,1,0,0,1,0,0
89.21,95.0,46.28,8.2,1,0,0,0,2,1,0
93.01,50.77,7.03,43.48,1,0,0,0,3,1,0
93.18,58.64,11.01,31.2,1,0,0,0,0,1,0
97.53,32.55,17.63,20.72,0,1,0,0,1,0,0
85.54,70.54,25.11,14.87,0,1,0,0,2,0,0
94.39,6.1,44.26,8.57,0,1,0,0,1,0,0
87.53,66.23,20.47,18.04,1,0,0,0,1,1,0
92.04,81.0,32.0,11.77,1,0,0,0,1,0,0
94.42,56.06,8.24,38.98,1,0,0,0,0,1,0
95.21,36.55,14.28,25.03,1,0,0,0,4,0,0
92.58,41.75,11.1,31.0,1,0,0,0,3,1,0
92.39,23.52,27.55,13.6,1,0,0,0,0,1,0
88.94,55.78,12.47,28.12,1,0,0,0,0,1,1
95.14,68.13,18.77,19.55,0,0,0,1,0,0,0
81.29,34.03,24.6,15.16,1,0,0,0,1,1,0
85.49,17.27,35.81,10.55,1,0,0,0,0,1,0
91.5,42.99,11.02,31.18,1,0,0,0,0,1,0
85.73,59.73,17.27,21.1,1,0,0,0,1,1,0
87.48,64.91,19.47,18.9,1,0,0,0,4,0,0
82.1,19.95,34.98,10.79,1,0,0,0,1,0,0
86.17,43.83,15.14,23.76,0,1,0,0,0,0,0
76.74,35.35,27.49,13.63,1,0,0,0,1,0,0
75.89,31.61,30.32,12.4,1,0,0,0,4,1,0
94.25,39.74,11.76,29.54,1,0,0,0,2,1,0
91.23,43.18,11.11,30.96,1,0,0,0,2,1,0
95.01,59.35,10.6,32.17,1,0,0,0,1,1,0
84.16,52.68,16.06,22.54,0,1,0,0,1,0,0
75.32,78.06,37.37,10.12,1,0,0,0,0,0,0
91.48,48.04,8.74,37.33,1,0,0,0,3,1,0
86.29,55.69,14.85,24.18,1,0,0,0,2,0,0
89.38,29.92,22.71,16.36,0,1,0,0,0,0,0
86.75,40.29,16.43,22.09,1,0,0,0,4,1,0
85.0,57.14,16.62,21.86,1,0,0,0,0,1,0
92.39,15.86,34.98,10.79,0,0,1,0,0,0,0
84.54,55.55,16.43,22.09,0,0,0,1,0,0,1
86.97,40.65,16.04,22.57,0,0,1,0,3,0,0
97.43,41.0,9.36,35.45,0,1,0,0,2,0,1
83.89,56.17,17.25,21.13,1,0,0,0,5,1,0
87.83,39.53,16.05,22.55,1,0,0,0,1,1,0
97.69,42.76,7.6,41.26,1,0,0,0,1,0,1
92.2,50.67,7.82,40.43,1,0,0,0,3,1,0
88.77,48.69,11.31,30.53,0,1,0,0,2,0,0
97.49,58.1,8.48,38.17,1,0,0,0,3,1,0
85.75,68.09,23.03,16.14,1,0,0,0,1,0,0
77.0,15.55,41.42,9.14,1,0,0,0,0,0,0
98.45,50.4,1.6,76.54,1,0,0,0,4,1,0
91.61,29.27,22.37,16.6,0,0,1,0,2,0,0
71.01,59.03,30.37,12.38,1,0,0,0,1,1,0
86.29,79.85,32.85,11.47,1,0,0,0,0,1,0
96.79,46.52,4.74,54.59,0,0,0,1,3,0,1
80.79,29.42,28.16,13.32,1,0,0,0,0,1,0
90.72,52.67,9.66,34.61,1,0,0,0,0,1,0
86.7,30.86,23.31,15.96,1,0,0,0,1,1,0
91.92,93.14,43.89,8.64,1,0,0,0,0,1,0
81.42,43.28,19.76,18.64,1,0,0,0,1,1,0
92.96,66.43,17.87,20.45,1,0,0,0,1,0,0
89.17,39.06,15.4,23.41,1,0,0,0,3,1,0
94.73,70.78,21.43,17.28,1,0,0,0,4,1,0
79.81,52.99,20.41,18.09,1,0,0,0,2,1,0
90.67,33.06,19.34,19.02,0,0,1,0,2,0,0
90.39,71.57,23.61,15.77,0,1,0,0,0,0,0
90.35,42.53,12.2,28.65,1,0,0,0,2,0,0
90.01,56.95,12.17,28.72,1,0,0,0,3,1,0
74.16,31.9,31.54,11.93,1,0,0,0,2,0,0
91.85,72.69,24.11,15.45,0,0,0,1,2,0,0
87.76,60.65,16.22,22.34,1,0,0,0,0,1,0
88.31,30.96,22.35,16.61,1,0,0,0,0,1,0
92.27,37.05,15.08,23.85,1,0,0,0,3,1,0
80.6,57.23,20.7,17.85,1,0,0,0,2,0,0
86.68,56.41,14.78,24.28,0,0,1,0,3,0,0
98.19,62.42,12.55,27.98,1,0,0,0,0,1,1
89.22,60.34,14.94,24.05,1,0,0,0,4,1,0
91.58,31.14,20.66,17.89,1,0,0,0,1,0,0
81.56,25.5,30.66,12.27,1,0,0,0,0,1,0
90.78,38.58,14.68,24.43,0,0,1,0,1,0,0
83.58,52.87,16.67,21.8,1,0,0,0,0,1,0
90.65,37.24,15.81,22.86,1,0,0,0,4,1,0
82.49,68.39,25.39,14.71,1,0,0,0,1,1,0
90.68,40.53,13.29,26.64,1,0,0,0,2,1,0
89.55,57.4,12.8,27.51,0,0,1,0,0,0,0
97.94,72.39,22.48,16.52,1,0,0,0,2,1,0
89.62,44.86,11.58,29.93,1,0,0,0,3,0,0
94.69,53.23,6.22,46.99,1,0,0,0,1,1,0
92.56,41.18,11.54,30.02,0,1,0,0,3,0,0
95.19,41.54,9.73,34.41,1,0,0,0,2,1,0
95.82,48.95,4.31,57.12,0,0,1,0,1,0,0
86.75,95.0,46.91,8.09,1,0,0,0,1,0,0
72.61,22.82,38.59,9.8,0,0,1,0,0,0,0
85.82,55.91,15.36,23.47,0,1,0,0,0,0,0
89.91,56.2,11.84,29.37,1,0,0,0,2,0,0
92.82,69.65,20.92,17.68,1,0,0,0,2,1,0
94.57,28.27,22.39,16.58,1,0,0,0,2,1,0
90.44,90.71,41.81,9.06,0,1,0,0,0,0,0
97.32,53.71,4.58,55.51,1,0,0,0,1,0,0
84.66,50.22,15.34,23.49,1,0,0,0,0,1,0
88.65,26.4,26.19,14.28,0,0,0,1,0,0,0
98.67,49.49,1.43,77.93,0,1,0,0,4,0,0
88.94,95.0,46.34,8.19,1,0,0,0,0,1,0
96.84,53.86,4.99,53.17,0,1,0,0,4,0,0
94.17,68.6,19.49,18.88,1,0,0,0,1,0,0
78.24,56.66,22.76,16.33,1,0,0,0,0,1,0
86.83,57.38,15.09,23.83,1,0,0,0,2,1,0
88.81,40.04,14.98,23.99,1,0,0,0,0,1,0
84.63,21.13,32.7,11.52,0,0,1,0,0,0,0
95.2,57.56,8.96,36.66,1,0,0,0,3,0,0
89.17,66.96,20.13,18.33,1,0,0,0,0,0,0
95.2,33.82,16.88,21.55,0,1,0,0,3,0,0
92.73,38.81,13.34,26.55,1,0,0,0,1,1,0
88.23,54.81,12.72,27.66,1,0,0,0,3,1,0
92.95,64.82,16.41,22.11,1,0,0,0,2,1,0
95.85,27.42,22.96,16.19,0,1,0,0,0,0,0
83.8,45.12,16.92,21.51,0,1,0,0,3,0,0
88.29,51.05,11.76,29.55,1,0,0,0,3,0,0
90.76,53.76,9.97,33.76,1,0,0,0,2,1,0
95.57,76.53,26.89,13.92,1,0,0,0,0,1,0
83.43,64.41,21.96,16.89,1,0,0,0,0,1,0
94.48,26.39,24.24,15.38,1,0,0,0,0,0,0
89.52,29.31,23.2,16.04,1,0,0,0,0,1,0
79.6,64.06,24.77,15.06,0,1,0,0,1,0,0
89.65,61.38,15.38,23.43,1,0,0,0,3,1,0
92.69,46.11,8.28,38.84,0,1,0,0,3,0,0
79.08,30.2,28.8,13.03,1,0,0,0,1,1,0
93.46,25.47,25.39,14.71,1,0,0,0,1,0,0
81.72,64.7,23.46,15.86,1,0,0,0,0,0,0
83.18,66.96,23.89,15.59,1,0,0,0,1,1,0
93.72,67.6,18.69,19.63,0,0,0,1,2,0,1
87.26,78.54,31.25,12.04,1,0,0,0,1,1,0
88.73,24.29,28.07,13.36,1,0,0,0,1,1,0
75.7,37.12,27.5,13.63,1,0,0,0,0,0,0
88.26,41.96,14.23,25.1,0,1,0,0,1,0,0
85.4,46.5,15.02,23.94,1,0,0,0,2,1,0
82.04,40.13,20.49,18.02,0,1,0,0,3,0,0
93.19,44.75,8.6,37.78,0,1,0,0,2,0,1
90.05,65.91,18.77,19.56,1,0,0,0,2,1,0
78.47,74.93,32.94,11.44,0,0,1,0,0,0,0
97.4,37.91,12.37,28.33,1,0,0,0,4,1,0
94.23,23.0,27.61,13.58,1,0,0,0,0,1,1
89.39,51.03,10.66,32.03,0,1,0,0,4,0,0
97.49,29.06,21.09,17.54,1,0,0,0,1,1,0
86.05,26.61,27.24,13.75,0,0,0,1,0,0,0
88.63,68.02,21.31,17.37,0,1,0,0,0,0,0
83.75,83.17,36.94,10.23,1,0,0,0,0,1,0
89.84,21.97,29.81,12.61,1,0,0,0,0,1,0
86.68,28.06,25.67,14.56,1,0,0,0,2,1,0
89.68,51.67,10.45,32.53,0,1,0,0,2,0,0
90.94,31.36,20.72,17.83,1,0,0,0,1,1,0
93.54,70.22,21.23,17.44,1,0,0,0,1,1,0
87.96,73.83,26.7,14.02,1,0,0,0,1,1,0
90.27,39.28,14.48,24.72,1,0,0,0,0,1,0
95.59,22.86,27.5,13.63,1,0,0,0,0,1,0
83.34,73.66,28.93,12.97,1,0,0,0,0,1,0
83.32,5.0,47.99,7.91,1,0,0,0,0,0,0
94.95,27.48,23.08,16.11,0,1,0,0,1,0,0
84.64,45.65,15.97,22.66,1,0,0,0,2,1,0
87.59,13.03,39.0,9.7,1,0,0,0,0,0,0
95.44,88.33,38.6,9.8,0,0,0,1,0,0,0
95.76,45.77,5.99,48.07,1,0,0,0,4,1,1
91.93,59.77,12.67,27.75,0,0,1,0,3,0,0
94.06,49.45,5.97,48.16,1,0,0,0,2,0,0
95.84,60.21,11.02,31.17,1,0,0,0,3,1,0
93.33,59.6,11.69,29.69,1,0,0,0,1,0,0
78.53,25.51,32.57,11.57,0,1,0,0,2,0,0
88.91,44.77,12.26,28.54,1,0,0,0,3,1,0
83.98,34.86,22.04,16.83,1,0,0,0,2,1,0
88.99,38.75,15.74,22.96,1,0,0,0,2,1,0
90.17,61.31,14.98,23.99,1,0,0,0,4,1,0
88.91,45.56,11.95,29.16,1,0,0,0,0,1,0
83.76,67.24,23.69,15.72,1,0,0,0,0,1,0
96.12,48.3,4.24,57.56,1,0,0,0,2,1,1
95.35,38.66,12.26,28.54,0,0,1,0,0,0,0
84.13,85.33,38.73,9.77,0,0,0,1,2,0,0
85.94,57.14,15.76,22.92,0,0,1,0,0,0,0
91.68,49.39,8.34,38.62,1,0,0,0,0,1,0
68.99,21.28,42.27,8.96,0,1,0,0,0,0,0
93.06,57.65,10.33,32.84,1,0,0,0,3,1,0
95.52,69.5,20.01,18.42,0,0,0,1,2,0,0
98.93,27.07,22.95,16.2,1,0,0,0,0,1,0
90.1,34.26,18.59,19.73,1,0,0,0,2,0,0
85.69,59.9,17.41,20.96,1,0,0,0,0,1,0
85.73,46.43,14.71,24.38,1,0,0,0,2,0,0
90.7,53.29,9.86,34.05,1,0,0,0,3,1,0
90.32,41.03,13.2,26.79,0,0,1,0,0,0,0
95.42,61.47,12.35,28.36,0,1,0,0,3,0,0
96.32,77.97,28.21,13.29,1,0,0,0,4,1,0
89.32,40.36,14.39,24.85,0,0,1,0,4,0,0
97.15,38.51,11.84,29.38,1,0,0,0,3,1,0
98.12,29.01,21.07,17.55,0,0,1,0,4,0,0
92.48,62.66,14.73,24.36,0,0,1,0,2,0,0
95.35,20.62,29.75,12.63,1,0,0,0,1,0,0
86.33,32.39,22.29,16.65,1,0,0,0,0,0,0
88.16,42.47,14.03,25.42,1,0,0,0,2,0,0
92.82,35.65,16.05,22.56,1,0,0,0,2,1,0
93.04,62.96,14.71,24.38,1,0,0,0,0,1,0
87.03,22.9,30.05,12.51,1,0,0,0,2,1,0
91.68,55.73,10.11,33.41,1,0,0,0,4,0,0
95.42,35.83,14.9,24.11,1,0,0,0,3,1,0
86.73,81.41,34.1,11.06,1,0,0,0,1,1,0
88.76,54.25,12.01,29.03,0,0,0,1,4,0,0
93.67,54.81,7.95,39.99,1,0,0,0,3,0,1
75.28,74.64,34.91,10.81,0,1,0,0,1,0,0
73.82,28.99,33.57,11.23,1,0,0,0,0,0,0
94.7,20.37,30.1,12.49,1,0,0,0,0,1,0
76.36,70.41,31.24,12.05,0,1,0,0,0,0,0
96.11,30.6,19.79,18.62,0,0,1,0,2,0,0
93.9,64.89,16.09,22.51,1,0,0,0,0,1,0
72.22,62.25,30.36,12.39,1,0,0,0,0,1,0
94.06,43.14,9.07,36.31,1,0,0,0,2,1,0
82.4,58.15,19.39,18.97,0,1,0,0,4,0,0
89.29,60.3,14.85,24.17,1,0,0,0,3,1,1
89.67,42.67,12.67,27.76,0,1,0,0,2,0,0
98.32,36.44,13.67,26.0,0,1,0,0,2,0,0
81.12,60.09,21.4,17.3,1,0,0,0,0,1,0
86.56,48.29,13.55,26.2,1,0,0,0,1,0,1
96.14,53.81,5.42,50.89,0,0,0,1,1,0,0
82.49,30.19,26.43,14.16,1,0,0,0,2,0,0
67.33,58.22,33.69,11.19,1,0,0,0,4,1,0
89.42,39.97,14.57,24.58,1,0,0,0,1,0,0
93.55,36.1,15.32,23.51,1,0,0,0,1,1,0
93.55,26.62,24.25,15.37,1,0,0,0,0,1,0
98.71,44.28,5.86,48.68,1,0,0,0,3,1,0
90.73,57.42,11.87,29.31,1,0,0,0,2,1,0
85.77,33.48,21.81,17.0,1,0,0,0,0,1,0
85.64,43.5,15.76,22.92,1,0,0,0,0,0,0
88.33,61.36,16.29,22.26,1,0,0,0,1,0,0
90.79,38.86,14.46,24.76,0,1,0,0,0,0,0
87.95,62.82,17.59,20.75,1,0,0,0,1,1,0
87.47,46.45,13.02,27.11,1,0,0,0,1,1,1
93.0,5.0,45.54,8.33,1,0,0,0,0,1,0
88.99,24.46,27.81,13.48,1,0,0,0,0,1,0
88.7,45.86,12.03,28.99,0,1,0,0,4,0,1
95.26,50.49,4.76,54.47,1,0,0,0,1,1,0
96.92,60.65,11.09,31.01,1,0,0,0,0,0,0
98.49,69.73,19.79,18.61,0,1,0,0,3,0,0
87.7,80.81,33.18,11.36,1,0,0,0,0,1,0
92.16,21.5,29.56,12.71,1,0,0,0,2,1,0
71.8,56.51,28.94,12.97,1,0,0,0,0,0,0
98.1,78.75,28.81,13.03,1,0,0,0,1,1,0
82.13,34.38,23.73,15.69,0,1,0,0,4,0,0
84.58,39.31,18.77,19.56,1,0,0,0,0,1,0
99.57,68.95,18.96,19.38,1,0,0,0,1,1,0
96.73,21.74,28.45,13.19,1,0,0,0,1,1,0
88.14,22.05,30.36,12.39,1,0,0,0,2,1,0
76.07,34.64,28.43,13.2,1,0,0,0,0,1,1
85.94,43.84,15.35,23.47,1,0,0,0,1,1,0
91.98,38.2,14.27,25.04,1,0,0,0,0,0,0
92.44,59.07,11.81,29.45,1,0,0,0,0,1,0
91.47,45.12,9.83,34.15,1,0,0,0,3,1,0
73.93,14.0,44.45,8.53,1,0,0,0,1,0,0
72.1,73.75,36.65,10.31,1,0,0,0,0,0,0
87.38,77.23,30.02,12.52,1,0,0,0,1,1,0
90.81,43.86,11.06,31.09,1,0,0,0,2,1,0
91.77,60.01,12.96,27.23,1,0,0,0,3,1,0
94.51,38.89,12.39,28.28,0,1,0,0,2,0,0
90.83,36.31,16.48,22.03,0,0,0,1,4,0,0
87.05,66.89,21.28,17.39,1,0,0,0,1,0,0
97.15,39.18,11.19,30.79,1,0,0,0,1,0,0
74.99,70.01,32.03,11.76,1,0,0,0,0,1,0
94.84,44.69,7.4,42.01,0,0,1,0,2,0,0
89.71,83.26,34.82,10.84,1,0,0,0,0,1,0
93.1,70.63,21.76,17.04,1,0,0,0,2,1,0
92.14,37.93,14.41,24.83,1,0,0,0,2,1,1
91.65,43.21,10.76,31.79,1,0,0,0,3,1,0
79.17,19.09,37.28,10.14,0,0,1,0,0,0,0
92.85,65.16,16.76,21.69,0,1,0,0,1,0,0
80.01,47.02,20.21,18.26,1,0,0,0,3,0,0
84.66,18.1,35.4,10.67,1,0,0,0,0,1,0
77.99,88.14,44.04,8.61,0,1,0,0,0,0,0
95.51,67.74,18.3,20.01,1,0,0,0,2,0,0
86.79,79.98,32.76,11.5,1,0,0,0,1,0,0
83.4,12.1,41.38,9.15,1,0,0,0,2,1,0
79.57,95.0,49.42,7.68,0,0,1,0,0,0,0
95.28,67.76,18.38,19.93,1,0,0,0,1,1,0
85.42,20.33,33.06,11.4,0,0,1,0,0,0,0
83.91,90.65,43.71,8.67,1,0,0,0,0,1,0
90.91,28.9,22.97,16.18,1,0,0,0,2,1,0
84.88,56.08,16.3,22.24,1,0,0,0,2,1,0
96.1,30.13,20.25,18.22,0,0,0,1,2,0,1
87.47,41.9,14.92,24.08,1,0,0,0,0,1,0
68.61,48.04,31.45,11.97,1,0,0,0,2,1,0
91.13,50.66,8.89,36.87,0,1,0,0,2,0,0
98.82,73.9,23.93,15.57,1,0,0,0,3,1,0
92.67,73.17,24.3,15.34,0,1,0,0,3,0,0
95.15,41.35,9.92,33.9,0,1,0,0,2,0,0
85.35,41.28,17.05,21.36,1,0,0,0,4,1,0
73.61,21.24,39.04,9.69,1,0,0,0,0,1,0
83.16,81.31,35.55,10.62,1,0,0,0,0,0,0
90.92,60.74,14.07,25.35,1,0,0,0,4,1,0
90.24,35.85,17.18,21.2,1,0,0,0,0,1,1
97.74,77.98,28.07,13.36,1,0,0,0,3,1,0
95.04,50.02,4.96,53.38,1,0,0,0,3,1,0
89.82,52.38,10.45,32.53,1,0,0,0,2,0,0
93.89,27.02,23.78,15.66,1,0,0,0,0,1,0
90.47,49.35,9.55,34.91,0,1,0,0,2,0,0
73.59,92.21,49.79,7.63,1,0,0,0,0,1,0
80.82,12.1,42.48,8.92,0,1,0,0,1,0,0
93.24,73.15,24.12,15.45,0,0,1,0,1,0,0
86.83,52.2,13.35,26.53,1,0,0,0,3,1,0
90.95,53.4,9.67,34.58,1,0,0,0,3,1,0
91.09,70.64,22.48,16.52,0,0,1,0,0,0,0
89.33,80.61,32.42,11.62,1,0,0,0,1,0,0
81.78,37.72,21.98,16.88,0,1,0,0,1,0,1
87.46,59.73,15.87,22.79,0,1,0,0,0,0,0
88.24,53.14,12.18,28.7,1,0,0,0,2,1,0
73.5,63.79,29.87,12.58,1,0,0,0,1,0,0
98.79,58.18,8.26,38.89,1,0,0,0,3,0,0
83.55,32.04,24.35,15.31,1,0,0,0,2,1,0
90.91,54.25,10.03,33.6,0,0,1,0,2,0,0
96.29,70.99,21.32,17.37,1,0,0,0,0,1,0
93.98,33.4,17.66,20.69,1,0,0,0,0,0,0
94.4,55.87,8.11,39.42,1,0,0,0,2,1,1
96.34,20.73,29.5,12.73,0,1,0,0,0,0,0
85.88,93.99,46.21,8.21,0,1,0,0,2,0,0
82.24,64.8,23.12,16.09,0,0,1,0,0,0,0
83.51,13.73,39.85,9.5,1,0,0,0,0,1,0
98.54,46.81,3.51,62.26,1,0,0,0,5,1,1
83.03,32.84,24.13,15.45,1,0,0,0,1,0,1
81.56,67.16,25.19,14.82,1,0,0,0,0,1,0
84.87,54.98,15.93,22.71,1,0,0,0,0,1,0
77.44,58.68,24.18,15.42,1,0,0,0,1,1,0
93.48,37.57,14.03,25.41,1,0,0,0,0,0,0
90.31,65.99,18.7,19.62,0,0,0,1,1,0,0
81.8,75.83,31.6,11.91,1,0,0,0,3,1,0
97.36,77.68,27.81,13.48,1,0,0,0,1,1,0
83.61,57.37,17.97,20.35,0,0,0,1,2,0,1
86.43,76.28,29.58,12.7,1,0,0,0,0,1,0
91.67,58.29,11.75,29.57,0,1,0,0,2,0,0
89.21,48.94,10.85,31.58,1,0,0,0,2,1,0
89.06,38.2,16.09,22.51,0,1,0,0,0,0,0
93.62,51.87,6.65,45.09,0,0,1,0,2,0,1
91.19,63.57,16.18,22.39,1,0,0,0,3,1,0
75.81,95.0,51.09,7.43,1,0,0,0,0,1,0
83.24,26.58,28.8,13.03,1,0,0,0,1,1,0
90.28,40.57,13.54,26.21,1,0,0,0,2,1,0
95.3,85.04,35.36,10.68,0,0,1,0,2,0,0
87.77,35.1,19.28,19.07,1,0,0,0,1,1,0
85.56,58.32,16.67,21.8,1,0,0,0,2,1,0
90.1,51.53,10.02,33.65,0,1,0,0,0,0,0
86.52,64.77,19.99,18.44,0,0,1,0,1,0,0
84.29,12.9,40.29,9.4,1,0,0,0,0,1,0
70.8,35.77,32.49,11.6,0,0,0,1,2,0,1
75.69,42.39,25.47,14.67,1,0,0,0,0,1,0
86.9,28.86,24.87,15.0,1,0,0,0,0,1,0
93.84,61.6,13.13,26.92,1,0,0,0,1,1,0
89.87,34.97,18.12,20.2,1,0,0,0,0,1,0
80.38,15.94,39.31,9.63,1,0,0,0,0,1,0
86.17,17.29,35.52,10.63,0,1,0,0,0,0,0
79.33,46.47,20.96,17.64,1,0,0,0,1,1,0
85.36,56.67,16.08,22.51,1,0,0,0,3,1,0
90.59,80.02,31.46,11.96,1,0,0,0,0,1,1
88.65,49.04,11.39,30.34,0,1,0,0,2,0,1
93.21,43.59,9.34,35.51,1,0,0,0,1,1,0
84.57,53.34,15.78,22.9,0,1,0,0,3,0,0
98.8,86.15,36.17,10.44,1,0,0,0,0,1,0
96.65,45.7,5.45,50.73,1,0,0,0,4,0,0
93.17,62.95,14.64,24.48,1,0,0,0,1,1,0
93.66,54.45,7.75,40.71,0,1,0,0,3,0,0
93.47,45.95,7.68,40.97,1,0,0,0,2,1,0
91.39,9.82,41.09,9.22,1,0,0,0,0,1,1
96.63,42.9,7.86,40.3,1,0,0,0,5,1,0
73.36,49.64,26.64,14.05,0,0,1,0,0,0,0
83.05,70.42,26.54,14.1,1,0,0,0,1,1,0
97.72,47.77,3.19,64.43,0,1,0,0,0,0,0
74.94,67.16,30.37,12.38,0,0,0,1,1,0,1
89.67,60.12,14.46,24.75,0,1,0,0,2,0,0
86.01,67.55,22.44,16.54,0,0,0,1,0,0,1
98.35,92.16,42.19,8.98,0,1,0,0,0,0,0
92.61,55.5,9.21,35.89,0,1,0,0,2,0,0
83.64,53.4,16.71,21.75,1,0,0,0,3,0,0
84.33,71.63,26.71,14.02,0,1,0,0,0,0,0
86.35,25.68,27.89,13.44,1,0,0,0,0,0,1
87.67,51.83,12.47,28.14,1,0,0,0,4,1,0
94.02,44.92,7.85,40.34,1,0,0,0,1,0,0
84.45,13.91,39.3,9.63,1,0,0,0,1,1,0
95.61,61.47,12.28,28.5,1,0,0,0,0,0,0
94.48,18.49,31.99,11.77,0,1,0,0,0,0,0
86.06,26.62,27.22,13.76,1,0,0,0,1,1,0
94.59,32.16,18.64,19.68,1,0,0,0,0,0,0
93.29,44.84,8.47,38.22,1,0,0,0,1,1,0
92.89,50.42,7.12,43.1,0,1,0,0,3,0,0
97.04,35.3,14.99,23.97,0,1,0,0,0,0,0
92.11,71.78,23.17,16.06,1,0,0,0,2,1,0
85.17,45.81,15.41,23.39,1,0,0,0,2,1,0
93.71,33.01,18.11,20.21,0,0,1,0,0,0,0
98.92,30.41,19.62,18.76,1,0,0,0,2,1,0
94.23,48.75,5.9,48.48,1,0,0,0,0,1,0
91.17,16.47,34.67,10.88,0,0,1,0,0,0,0
86.2,17.55,35.27,10.7,1,0,0,0,2,1,0
93.17,36.4,15.22,23.66,1,0,0,0,2,0,0
79.54,57.62,21.83,16.98,1,0,0,0,3,1,0
75.98,37.2,27.21,13.76,0,0,1,0,2,0,0
89.55,29.19,23.29,15.97,0,0,1,0,0,0,0
86.84,72.42,25.99,14.38,1,0,0,0,0,1,0
80.88,40.53,21.33,17.35,1,0,0,0,0,1,0
96.64,28.1,22.16,16.75,1,0,0,0,1,1,0
91.68,28.33,23.22,16.02,1,0,0,0,0,1,0
88.77,34.24,19.35,19.01,1,0,0,0,2,1,0
91.55,66.9,18.9,19.43,0,1,0,0,1,0,0
84.99,54.96,15.81,22.87,1,0,0,0,0,1,0
96.68,63.94,14.33,24.96,1,0,0,0,4,1,1
86.19,66.29,21.35,17.34,1,0,0,0,1,0,0
87.21,78.29,31.05,12.12,0,0,0,1,0,0,0
94.65,16.41,34.01,11.09,0,1,0,0,2,0,0
97.17,58.48,8.94,36.71,1,0,0,0,2,1,0
86.41,38.14,18.03,20.29,0,1,0,0,2,0,0
89.07,23.99,28.21,13.3,1,0,0,0,0,1,1
95.64,63.13,13.84,25.72,1,0,0,0,4,1,0
91.32,63.41,15.98,22.65,0,1,0,0,0,0,0
88.09,46.26,12.49,28.1,0,1,0,0,2,0,0
89.95,64.92,17.99,20.34,1,0,0,0,0,1,0
89.6,63.78,17.27,21.11,1,0,0,0,3,1,0
96.89,42.94,7.72,40.82,1,0,0,0,5,1,0
94.61,39.92,11.43,30.25,1,0,0,0,1,1,0
96.27,47.86,4.3,57.18,0,1,0,0,1,0,0
84.17,35.95,21.17,17.48,1,0,0,0,0,1,0
94.42,59.34,10.88,31.5,1,0,0,0,1,0,1
84.89,51.75,15.21,23.67,1,0,0,0,1,0,0
90.74,30.95,21.18,17.47,1,0,0,0,2,1,0
93.61,43.55,9.08,36.29,1,0,0,0,1,1,1
92.8,49.26,7.24,42.63,1,0,0,0,4,0,1
75.81,39.86,26.23,14.26,1,0,0,0,2,1,0
82.9,66.49,23.75,15.68,1,0,0,0,0,1,0
87.99,52.19,12.21,28.64,0,0,1,0,0,0,0
97.34,54.38,5.12,52.45,0,1,0,0,3,0,1
92.83,44.42,9.09,36.27,1,0,0,0,1,1,0
91.77,36.71,15.63,23.1,1,0,0,0,1,1,0
81.71,47.85,18.41,19.9,0,0,0,1,5,0,0
79.75,83.55,39.19,9.65,1,0,0,0,0,0,0
80.91,32.28,26.05,14.36,1,0,0,0,0,1,0
83.65,51.1,16.38,22.14,0,1,0,0,1,0,0
90.99,44.81,10.4,32.67,1,0,0,0,2,1,0
94.78,80.16,30.6,12.29,1,0,0,0,2,1,1
88.46,20.18,31.97,11.78,1,0,0,0,2,1,0
89.22,50.98,10.83,31.62,1,0,0,0,3,1,0
84.42,74.31,28.87,13.0,1,0,0,0,0,0,0
77.6,39.1,24.91,14.98,1,0,0,0,1,1,0
80.71,74.59,31.25,12.04,1,0,0,0,1,1,0
89.14,63.49,17.31,21.06,1,0,0,0,0,0,0
89.65,41.89,13.15,26.89,1,0,0,0,4,1,0
95.72,35.42,15.19,23.69,1,0,0,0,3,1,0
80.23,16.64,38.78,9.76,1,0,0,0,1,0,1
85.0,74.27,28.53,13.15,1,0,0,0,0,1,0
90.29,24.89,26.92,13.91,0,1,0,0,2,0,0
87.58,50.96,12.45,28.16,0,1,0,0,4,0,0
89.23,39.68,14.92,24.08,1,0,0,0,0,1,0
90.49,45.15,10.67,31.99,1,0,0,0,0,1,0
91.95,69.24,20.85,17.73,1,0,0,0,2,1,0
83.08,68.98,25.42,14.69,1,0,0,0,0,0,0
78.32,42.8,22.84,16.27,1,0,0,0,3,1,0
98.87,32.9,17.14,21.25,1,0,0,0,3,1,0
92.11,23.17,27.97,13.41,1,0,0,0,0,1,0
89.87,26.72,25.39,14.71,1,0,0,0,0,1,0
78.48,55.93,22.33,16.63,1,0,0,0,2,1,0
79.77,39.32,22.88,16.24,1,0,0,0,2,1,0
92.71,56.83,9.99,33.71,0,1,0,0,0,0,0
80.97,53.86,19.42,18.95,0,0,0,1,0,0,1
82.79,49.78,17.21,21.18,1,0,0,0,0,0,0
89.19,43.07,12.84,27.44,1,0,0,0,2,1,0
84.06,52.27,16.1,22.5,1,0,0,0,0,1,0
90.79,70.98,22.91,16.23,1,0,0,0,2,1,0
93.43,48.93,6.66,45.05,0,1,0,0,2,0,0
88.91,26.4,26.08,14.34,0,1,0,0,5,0,0
92.35,17.26,33.62,11.22,1,0,0,0,1,0,1
95.51,79.67,30.01,12.53,1,0,0,0,2,1,0
90.92,60.94,14.21,25.13,0,1,0,0,3,0,0
89.67,28.46,23.89,15.59,1,0,0,0,2,0,0
78.37,50.01,21.63,17.13,1,0,0,0,3,1,0
85.22,50.84,14.81,24.24,0,0,1,0,1,0,0
81.1,71.68,28.76,13.05,1,0,0,0,0,1,0
96.28,44.22,6.88,44.11,1,0,0,0,3,1,0
91.48,44.51,10.14,33.33,1,0,0,0,0,0,0
82.85,48.24,17.24,21.14,0,0,1,0,2,0,0
87.62,58.98,15.29,23.55,1,0,0,0,0,1,0
88.9,44.12,12.56,27.96,1,0,0,0,2,0,0
93.81,25.8,24.98,14.94,1,0,0,0,0,0,0
97.6,84.7,34.79,10.85,0,1,0,0,0,0,0
98.0,36.08,14.07,25.36,1,0,0,0,1,0,1
93.43,74.3,25.18,14.83,0,0,1,0,1,0,0
95.3,36.47,14.32,24.96,1,0,0,0,0,1,0
83.59,76.17,30.89,12.18,0,0,1,0,1,0,0
91.42,36.98,15.59,23.15,1,0,0,0,3,1,0
74.89,10.54,46.77,8.11,1,0,0,0,0,1,0
86.37,79.34,32.35,11.64,1,0,0,0,0,1,0
89.5,78.49,30.36,12.38,1,0,0,0,2,1,0
88.55,47.15,11.8,29.47,1,0,0,0,0,1,0
94.17,73.03,23.76,15.67,1,0,0,0,1,0,0
90.74,52.25,9.53,34.98,1,0,0,0,5,1,0
92.01,54.76,9.3,35.63,1,0,0,0,2,1,0
94.01,33.67,17.39,20.97,1,0,0,0,2,0,0
91.34,64.98,17.3,21.08,0,1,0,0,3,0,0
88.54,61.76,16.42,22.1,1,0,0,0,2,1,0
90.67,30.19,21.9,16.93,1,0,0,0,0,0,0
88.78,61.15,15.82,22.86,1,0,0,0,2,1,0
86.95,66.92,21.37,17.33,1,0,0,0,2,1,0
90.83,64.93,17.52,20.83,1,0,0,0,0,1,0
96.13,95.0,45.17,8.4,1,0,0,0,1,1,0
78.01,59.66,24.01,15.52,1,0,0,0,1,1,0
85.79,32.43,22.6,16.44,1,0,0,0,0,0,0
86.6,31.65,22.72,16.35,1,0,0,0,0,1,1
94.88,62.14,13.18,26.84,1,0,0,0,1,1,0
90.65,43.75,11.25,30.66,1,0,0,0,0,1,0
93.23,81.72,32.44,11.61,1,0,0,0,4,1,0
89.06,34.78,18.74,19.58,1,0,0,0,1,0,1
94.16,54.34,7.28,42.49,1,0,0,0,3,0,0
85.96,21.46,31.81,11.84,1,0,0,0,0,1,0
90.13,49.06,9.92,33.91,1,0,0,0,3,0,0
86.04,52.56,14.19,25.16,1,0,0,0,0,1,0
75.7,50.45,24.3,15.34,1,0,0,0,1,1,0
78.51,59.05,23.32,15.95,0,0,1,0,2,0,0
95.75,37.41,13.28,26.65,1,0,0,0,0,1,0
93.93,35.07,16.11,22.48,1,0,0,0,1,0,0
78.88,77.97,35.05,10.77,1,0,0,0,0,0,0
84.05,54.77,16.65,21.82,0,1,0,0,0,0,0
98.93,59.52,9.58,34.83,0,0,0,1,3,0,0
95.62,31.37,19.14,19.21,1,0,0,0,3,1,0
88.63,19.87,32.2,11.7,1,0,0,0,0,1,0
92.43,43.58,9.93,33.89,1,0,0,0,0,1,0
87.99,44.71,13.12,26.93,1,0,0,0,1,1,0
83.93,20.0,34.03,11.08,1,0,0,0,1,0,0
97.38,21.97,28.15,13.32,1,0,0,0,0,1,0
92.25,28.82,22.55,16.47,1,0,0,0,2,1,0
89.67,52.61,10.65,32.04,1,0,0,0,0,1,0
84.14,46.06,16.34,22.19,1,0,0,0,0,1,0
96.27,42.86,8.05,39.62,1,0,0,0,1,1,0
79.49,53.37,20.78,17.78,1,0,0,0,2,1,0
84.33,66.39,22.68,16.38,1,0,0,0,0,1,0
92.07,47.76,8.24,38.98,1,0,0,0,1,1,1
91.21,95.0,45.85,8.27,0,1,0,0,1,0,0
93.07,56.39,9.43,35.27,1,0,0,0,1,1,0
96.98,52.29,3.8,60.35,1,0,0,0,2,1,0
93.2,70.4,21.5,17.22,1,0,0,0,2,1,0
74.17,36.69,29.06,12.92,0,1,0,0,1,0,0
84.24,57.27,17.36,21.01,1,0,0,0,0,1,0
90.89,5.0,45.91,8.26,1,0,0,0,1,0,0
75.78,84.9,42.48,8.92,0,1,0,0,0,0,0
96.0,67.46,17.92,20.41,1,0,0,0,0,1,0
92.59,17.22,33.6,11.22,1,0,0,0,0,1,0
81.09,53.56,19.24,19.11,1,0,0,0,3,0,0
88.66,38.64,16.05,22.56,1,0,0,0,1,0,0
99.3,56.84,6.87,44.13,1,0,0,0,2,1,0
93.76,63.45,14.83,24.21,1,0,0,0,0,0,0
97.65,81.37,31.46,11.96,1,0,0,0,0,1,0
85.48,51.37,14.59,24.56,1,0,0,0,1,1,0
85.34,54.06,15.21,23.66,1,0,0,0,2,1,0
92.78,79.12,30.0,12.53,1,0,0,0,0,1,0
93.24,40.28,11.84,29.39,1,0,0,0,3,0,0
87.22,49.22,12.8,27.51,0,1,0,0,2,0,0
91.84,64.66,16.78,21.67,0,0,1,0,0,0,0
87.94,53.15,12.46,28.15,0,0,1,0,2,0,0
88.1,54.51,12.72,27.65,1,0,0,0,1,1,0
98.64,72.77,22.81,16.29,0,1,0,0,2,0,0
88.67,62.97,17.22,21.16,1,0,0,0,0,1,0
68.33,67.71,36.29,10.41,1,0,0,0,0,1,0
87.51,34.22,20.13,18.33,0,0,1,0,0,0,0
84.97,26.84,27.61,13.57,0,1,0,0,0,0,0
92.89,48.7,7.23,42.69,1,0,0,0,4,1,0
91.05,67.88,20.0,18.44,1,0,0,0,0,0,0
82.15,74.05,29.95,12.55,0,1,0,0,0,0,0
87.43,57.22,14.5,24.7,1,0,0,0,2,1,0
72.79,34.11,31.51,11.95,1,0,0,0,0,0,0
83.04,67.96,24.71,15.1,0,1,0,0,0,0,0
88.18,64.76,18.91,19.42,1,0,0,0,0,0,0
91.91,36.71,15.56,23.2,0,1,0,0,0,0,0
97.59,34.5,15.68,23.03,1,0,0,0,3,1,0
92.04,9.81,40.97,9.24,1,0,0,0,0,0,0
78.77,42.75,22.43,16.55,1,0,0,0,0,1,0
88.02,23.66,28.93,12.98,1,0,0,0,1,1,1
95.94,47.25,4.9,53.66,0,1,0,0,4,0,1
97.92,65.73,15.87,22.79,1,0,0,0,0,0,0
91.01,62.57,15.45,23.33,1,0,0,0,2,1,1
80.99,37.15,22.95,16.2,0,0,0,1,0,0,1
90.03,41.32,13.22,26.77,0,0,0,1,4,0,1
87.66,48.51,12.43,28.2,1,0,0,0,2,1,0
94.43,48.54,5.76,49.17,1,0,0,0,1,1,1
74.4,57.32,26.63,14.05,1,0,0,0,3,1,0
84.95,16.25,36.96,10.23,0,0,1,0,0,0,0
89.95,29.77,22.59,16.44,1,0,0,0,3,0,0
84.13,36.63,20.75,17.81,0,1,0,0,2,0,0
90.37,23.15,28.52,13.15,1,0,0,0,1,1,0
76.1,36.82,27.3,13.73,1,0,0,0,3,1,0
97.41,26.05,24.09,15.47,1,0,0,0,4,1,1
96.33,36.4,14.08,25.33,0,1,0,0,1,0,0
88.27,21.93,30.43,12.36,1,0,0,0,0,0,0
93.31,46.29,7.65,41.08,1,0,0,0,1,0,0
94.71,27.69,22.93,16.21,1,0,0,0,2,1,0
97.22,66.46,16.69,21.77,0,0,1,0,3,0,0
80.56,40.99,21.43,17.28,1,0,0,0,2,1,0
98.38,55.07,5.33,51.38,1,0,0,0,2,1,0
85.98,45.06,14.86,24.16,1,0,0,0,1,0,0
94.63,89.52,39.88,9.49,1,0,0,0,1,1,0
82.33,26.29,29.57,12.71,1,0,0,0,0,1,0
76.91,67.92,29.23,12.85,0,0,1,0,2,0,0
84.61,52.35,15.57,23.18,1,0,0,0,2,0,0
79.66,67.28,26.69,14.03,0,0,0,1,2,0,0
79.56,71.16,29.42,12.77,1,0,0,0,0,1,0
76.42,16.79,40.73,9.3,1,0,0,0,0,1,0
94.83,26.24,24.32,15.33,1,0,0,0,0,1,0
79.35,67.1,26.81,13.96,0,0,1,0,2,0,0
91.41,47.31,9.0,36.52,0,0,1,0,0,0,0
75.77,51.1,24.26,15.37,1,0,0,0,1,1,0
87.19,51.05,12.85,27.42,0,0,1,0,3,0,0
75.66,59.76,26.23,14.26,1,0,0,0,1,0,0
81.45,65.8,24.37,15.3,1,0,0,0,3,1,0
91.3,87.7,38.69,9.78,1,0,0,0,0,1,0
79.88,33.51,26.01,14.37,1,0,0,0,3,1,0
84.78,53.24,15.56,23.19,0,0,0,1,3,0,1
95.86,58.46,9.42,35.28,1,0,0,0,3,1,1
91.47,87.41,38.37,9.86,0,0,0,1,0,0,1
90.03,60.1,14.19,25.17,0,0,0,1,2,0,1
94.21,73.19,23.9,15.58,1,0,0,0,2,1,0
88.35,61.44,16.33,22.21,1,0,0,0,2,0,0
98.23,35.01,15.09,23.83,1,0,0,0,0,0,1
82.41,65.73,23.6,15.78,1,0,0,0,0,0,0
96.65,51.22,3.57,61.83,1,0,0,0,0,1,1
90.54,49.58,9.47,35.14,0,0,0,1,2,0,0
88.07,80.04,32.33,11.65,0,1,0,0,2,0,0
71.95,44.34,28.61,13.12,1,0,0,0,0,1,0
86.02,55.57,15.05,23.89,1,0,0,0,2,0,0
72.8,45.06,27.65,13.56,1,0,0,0,0,1,0
92.24,38.53,13.85,25.7,0,0,1,0,0,0,0
84.06,23.75,30.71,12.25,1,0,0,0,0,1,0
87.91,36.75,17.94,20.39,0,0,1,0,3,0,0
89.13,61.9,16.12,22.47,0,0,1,0,4,0,0
86.37,52.76,13.91,25.61,1,0,0,0,0,0,1
97.97,21.86,28.21,13.3,1,0,0,0,3,0,0
88.23,60.67,15.89,22.76,1,0,0,0,3,1,0
90.96,53.62,9.74,34.4,1,0,0,0,4,0,0
72.67,45.43,27.71,13.53,0,0,0,1,0,0,1
83.35,53.5,17.01,21.4,1,0,0,0,3,1,0
78.91,55.79,21.87,16.95,1,0,0,0,1,0,0
79.36,59.86,22.88,16.25,1,0,0,0,0,1,0
96.98,59.34,9.82,34.18,1,0,0,0,3,0,0
93.81,59.22,11.1,30.99,1,0,0,0,4,1,0
90.52,48.42,9.62,34.73,1,0,0,0,0,0,0
89.63,69.13,21.76,17.04,0,0,0,1,0,0,1
92.65,68.4,19.82,18.59,0,0,1,0,1,0,0
97.48,29.71,20.44,18.06,1,0,0,0,3,1,0
89.13,25.32,26.97,13.89,1,0,0,0,0,1,0
82.5,67.66,24.87,15.01,0,1,0,0,0,0,0
86.42,22.07,31.06,12.11,0,1,0,0,2,0,0
89.5,55.36,11.79,29.49,1,0,0,0,3,0,0
92.99,66.07,17.53,20.82,1,0,0,0,2,1,0
90.3,37.86,15.54,23.22,1,0,0,0,1,1,0
91.9,38.53,14.04,25.41,0,0,1,0,4,0,0
92.26,54.79,9.1,36.23,1,0,0,0,1,1,0
71.95,30.88,33.95,11.11,0,0,1,0,0,0,0
97.8,30.14,19.99,18.45,1,0,0,0,2,1,0
88.08,25.57,27.18,13.78,1,0,0,0,0,1,0
91.6,29.35,22.29,16.65,1,0,0,0,3,1,0
94.37,52.44,6.14,47.38,1,0,0,0,2,1,1
93.4,48.27,6.83,44.32,0,0,1,0,0,0,0
74.09,55.81,26.56,14.09,0,1,0,0,0,0,0
95.42,60.41,11.38,30.37,1,0,0,0,1,0,1
94.03,24.67,26.02,14.37,1,0,0,0,3,1,0
92.67,21.38,29.54,12.72,0,0,1,0,1,0,0
83.88,51.17,16.17,22.41,1,0,0,0,2,1,0
84.85,47.13,15.42,23.38,1,0,0,0,5,0,0
91.59,29.14,22.49,16.51,0,0,0,1,0,0,0
90.19,42.82,12.16,28.74,1,0,0,0,2,1,1
94.72,37.9,13.2,26.8,1,0,0,0,3,1,0
90.38,51.35,9.71,34.47,0,0,0,1,2,0,0
89.9,22.26,29.52,12.73,0,0,1,0,0,0,0
96.95,53.86,4.92,53.59,1,0,0,0,4,0,0
90.8,55.53,10.74,31.84,1,0,0,0,2,1,0
89.67,54.12,11.13,30.93,0,1,0,0,3,0,0
81.92,73.34,29.52,12.72,1,0,0,0,1,1,1
92.72,68.61,19.99,18.45,0,1,0,0,0,0,0
93.44,54.48,7.94,40.01,1,0,0,0,2,1,0
90.46,35.5,17.35,21.02,1,0,0,0,3,0,0
91.12,40.62,12.92,27.3,0,0,1,0,0,0,0
92.09,89.36,40.14,9.43,1,0,0,0,0,0,0
95.61,69.12,19.61,18.77,1,0,0,0,0,1,0
87.31,41.44,15.3,23.54,1,0,0,0,2,1,0
86.26,55.08,14.65,24.47,1,0,0,0,0,0,0
88.99,16.0,35.74,10.57,0,1,0,0,0,0,0
88.99,19.25,32.67,11.54,1,0,0,0,2,1,0
84.14,68.58,24.43,15.27,0,1,0,0,0,0,0
93.94,65.34,16.49,22.01,1,0,0,0,2,1,0
81.59,79.89,35.11,10.75,1,0,0,0,2,1,0
87.46,68.86,22.65,16.4,1,0,0,0,0,0,0
97.18,64.11,14.39,24.86,1,0,0,0,3,0,0
93.18,62.65,14.38,24.88,1,0,0,0,1,0,0
95.73,77.5,27.83,13.47,1,0,0,0,1,1,0
84.47,37.65,19.84,18.57,1,0,0,0,2,1,0
89.53,58.2,13.3,26.62,1,0,0,0,1,1,0
84.35,76.23,30.54,12.31,1,0,0,0,1,1,0
90.02,91.63,42.81,8.85,1,0,0,0,0,1,0
85.09,64.96,21.13,17.51,1,0,0,0,0,1,0
97.79,77.07,27.16,13.79,1,0,0,0,1,1,0
82.85,37.04,21.5,17.23,1,0,0,0,0,0,0
89.0,58.43,13.86,25.69,1,0,0,0,1,0,0
70.12,44.54,30.38,12.38,1,0,0,0,1,1,0
98.86,27.95,22.08,16.8,1,0,0,0,0,1,1
96.24,21.8,28.45,13.19,0,1,0,0,0,0,0
87.72,48.45,12.38,28.31,1,0,0,0,3,1,0
88.49,22.0,30.28,12.42,0,1,0,0,3,0,0
94.52,30.38,20.37,18.12,0,0,0,1,0,0,1
87.0,38.72,17.21,21.17,1,0,0,0,0,0,0
97.32,83.17,33.27,11.33,0,1,0,0,1,0,0
93.46,49.2,6.59,45.34,1,0,0,0,2,0,0
91.04,89.36,40.37,9.38,1,0,0,0,0,1,0
79.49,63.97,24.82,15.04,1,0,0,0,0,1,0
85.66,55.08,15.21,23.67,0,0,1,0,0,0,0
98.32,58.98,9.13,36.13,1,0,0,0,1,1,0
90.28,42.22,12.45,28.18,1,0,0,0,2,1,0
95.4,33.83,16.82,21.63,0,0,1,0,3,0,0
83.89,54.05,16.61,21.87,1,0,0,0,2,0,0
80.61,56.27,20.38,18.12,1,0,0,0,0,1,0
88.72,52.83,11.62,29.84,1,0,0,0,0,1,0
91.69,30.93,20.8,17.77,1,0,0,0,0,1,0
94.18,36.99,14.25,25.07,1,0,0,0,1,1,1
89.35,17.71,34.0,11.09,1,0,0,0,0,1,0
89.64,54.5,11.29,30.55,0,1,0,0,2,0,0
85.63,58.49,16.69,21.77,1,0,0,0,2,1,1
97.06,57.31,7.88,40.23,1,0,0,0,2,0,0
95.02,65.1,15.9,22.75,1,0,0,0,1,0,0
91.72,59.3,12.46,28.16,1,0,0,0,2,1,0
79.88,71.07,29.13,12.89,1,0,0,0,0,0,0
91.29,51.65,8.86,36.95,1,0,0,0,1,1,0
96.78,39.61,10.88,31.51,1,0,0,0,3,1,0
76.57,85.58,42.6,8.89,1,0,0,0,0,1,0
88.9,87.2,38.82,9.75,1,0,0,0,0,1,0
94.08,18.58,31.97,11.78,1,0,0,0,0,1,0
93.59,77.95,28.67,13.09,0,1,0,0,0,0,0
90.18,41.76,12.82,27.48,1,0,0,0,4,1,0
85.01,31.37,23.91,15.58,1,0,0,0,1,1,0
95.45,26.61,23.82,15.63,1,0,0,0,2,0,0
84.46,56.99,17.04,21.37,1,0,0,0,0,1,1
88.84,30.57,22.41,16.57,1,0,0,0,3,0,0
94.97,79.7,30.12,12.48,1,0,0,0,4,1,0
91.16,5.0,45.86,8.27,1,0,0,0,1,1,0
85.48,65.44,21.19,17.46,1,0,0,0,3,1,0
92.71,36.27,15.54,23.22,1,0,0,0,0,1,0
93.52,46.44,7.39,42.04,1,0,0,0,4,1,0
88.54,86.63,38.38,9.85,1,0,0,0,2,1,0
89.99,84.32,35.75,10.56,0,1,0,0,0,0,0
96.27,41.07,9.68,34.56,0,0,0,1,3,0,0
76.83,73.02,32.66,11.54,0,0,1,0,0,0,0
95.75,78.28,28.59,13.12,1,0,0,0,1,1,0
92.68,36.16,15.66,23.06,1,0,0,0,2,1,0
91.69,77.28,28.52,13.16,1,0,0,0,0,1,0
73.89,68.02,31.72,11.87,1,0,0,0,0,1,0
92.67,66.38,17.95,20.38,1,0,0,0,0,1,0
91.63,27.81,23.72,15.7,0,1,0,0,0,0,0
70.34,50.96,29.68,12.66,0,1,0,0,1,0,1
79.74,82.01,37.88,9.98,1,0,0,0,0,1,0
86.44,23.24,29.99,12.53,1,0,0,0,0,1,0
92.73,38.43,13.67,26.01,1,0,0,0,3,1,0
93.21,51.61,6.98,43.69,1,0,0,0,4,1,0
95.09,29.59,20.99,17.62,1,0,0,0,1,1,0
87.49,6.87,44.91,8.44,0,1,0,0,0,0,0
90.96,62.71,15.6,23.14,1,0,0,0,1,1,0
93.33,26.04,24.87,15.01,0,0,0,1,1,0,1
86.09,51.33,13.97,25.51,0,0,1,0,1,0,0
95.64,78.02,28.35,13.23,1,0,0,0,0,1,0
92.74,5.0,45.58,8.32,1,0,0,0,0,0,0
89.59,76.89,28.84,13.02,0,0,1,0,2,0,0
89.26,27.38,25.04,14.91,1,0,0,0,0,1,0
93.67,73.03,23.88,15.6,1,0,0,0,2,1,0
79.19,75.59,32.99,11.42,0,0,0,1,2,0,1
83.31,33.31,23.6,15.77,1,0,0,0,0,1,0
87.62,34.84,19.57,18.81,1,0,0,0,0,0,0
88.18,57.36,13.93,25.58,1,0,0,0,2,1,0
89.35,40.28,14.41,24.82,1,0,0,0,3,0,0
94.26,49.72,5.75,49.22,0,1,0,0,2,0,0
88.19,23.13,29.35,12.8,0,1,0,0,2,0,0
97.6,77.12,27.23,13.76,0,1,0,0,0,0,0
93.81,55.27,8.13,39.34,1,0,0,0,2,1,0
94.82,42.93,8.77,37.25,1,0,0,0,2,1,0
93.08,40.2,12.0,29.06,1,0,0,0,3,1,0
86.94,51.68,13.17,26.86,0,1,0,0,5,0,0
92.99,67.67,19.01,19.32,1,0,0,0,1,1,0
97.12,45.95,4.97,53.29,1,0,0,0,4,0,0
78.44,59.78,23.68,15.72,0,0,1,0,2,0,0
91.21,39.71,13.53,26.22,1,0,0,0,0,1,0
93.62,30.55,20.47,18.04,0,0,1,0,1,0,0
84.71,29.91,25.24,14.79,1,0,0,0,0,1,0
76.83,62.25,26.21,14.27,0,1,0,0,2,0,0
81.47,43.33,19.69,18.7,1,0,0,0,1,1,1
92.85,51.37,7.28,42.48,1,0,0,0,3,1,0
74.82,39.16,27.41,13.67,1,0,0,0,2,1,0
84.92,34.48,21.64,17.12,0,1,0,0,0,0,0
99.01,58.71,8.77,37.24,0,1,0,0,2,0,0
90.64,56.17,11.21,30.74,1,0,0,0,1,1,0
84.87,68.45,23.86,15.61,0,0,1,0,0,0,0
90.85,47.69,9.44,35.23,1,0,0,0,1,1,1
80.6,74.77,31.46,11.96,1,0,0,0,0,1,0
89.49,73.03,25.31,14.75,0,1,0,0,0,0,0
95.99,64.22,14.78,24.28,1,0,0,0,3,1,0
82.93,94.62,47.78,7.94,1,0,0,0,0,1,0
92.62,39.14,13.13,26.92,1,0,0,0,4,1,0
91.49,57.23,11.16,30.84,1,0,0,0,3,1,0
76.38,33.35,28.9,12.99,0,1,0,0,0,0,0
95.25,72.55,23.05,16.13,1,0,0,0,0,0,0
91.01,17.02,34.18,11.04,0,0,1,0,2,0,0
90.42,40.3,13.64,26.05,1,0,0,0,3,0,0
87.36,75.99,28.9,12.99,1,0,0,0,0,1,0
92.83,22.68,28.25,13.28,1,0,0,0,0,0,0
93.8,50.57,6.23,46.94,0,1,0,0,4,0,0
91.8,64.79,16.92,21.51,0,1,0,0,4,0,0
96.4,57.5,8.32,38.71,1,0,0,0,2,1,0
92.85,27.71,23.41,15.9,1,0,0,0,3,1,0
95.46,95.0,45.23,8.38,0,1,0,0,0,0,0
96.04,58.62,9.48,35.11,1,0,0,0,1,1,0
87.58,16.11,36.09,10.47,1,0,0,0,1,1,0
94.95,70.61,21.22,17.44,1,0,0,0,1,1,0
96.36,59.46,10.14,33.33,1,0,0,0,3,1,0
87.76,84.67,36.77,10.28,0,0,1,0,1,0,0
71.31,55.66,29.24,12.84,1,0,0,0,2,1,0
93.67,42.94,9.48,35.11,0,0,0,1,1,0,1
83.18,70.89,26.82,13.96,1,0,0,0,0,1,0
95.7,46.39,5.62,49.89,1,0,0,0,1,1,0
79.24,62.83,24.4,15.28,1,0,0,0,0,1,0
80.95,41.93,20.68,17.86,1,0,0,0,2,0,0
95.82,63.7,14.32,24.96,0,1,0,0,0,0,0
85.97,39.2,17.71,20.63,0,1,0,0,1,0,0
94.48,41.91,9.8,34.24,1,0,0,0,2,1,0
90.64,43.29,11.52,30.06,1,0,0,0,3,1,0
85.42,5.0,47.3,8.02,0,1,0,0,0,0,0
95.03,52.49,5.56,50.15,0,1,0,0,2,0,0
87.39,46.59,13.07,27.03,0,1,0,0,1,0,0
74.54,21.48,38.23,9.89,1,0,0,0,0,1,0
96.8,5.0,45.11,8.41,1,0,0,0,2,1,0
80.14,45.7,20.32,18.16,0,0,0,1,0,0,1
77.56,8.94,46.79,8.11,0,1,0,0,0,0,0
92.59,22.9,28.09,13.35,1,0,0,0,2,1,0
87.37,42.36,14.76,24.3,1,0,0,0,2,0,0
90.17,42.59,12.32,28.43,1,0,0,0,5,1,0
95.37,47.8,5.13,52.42,1,0,0,0,0,1,1
85.57,60.33,17.74,20.59,1,0,0,0,2,1,0
82.97,11.07,42.49,8.92,1,0,0,0,0,0,0
81.56,15.83,38.83,9.74,1,0,0,0,0,1,0
94.89,66.29,17.08,21.33,0,0,0,1,3,0,0
97.24,75.09,25.24,14.79,1,0,0,0,0,1,0
87.26,42.12,14.98,23.99,0,0,1,0,2,0,0
97.35,57.21,7.68,40.94,1,0,0,0,2,0,0
91.89,49.28,8.14,39.33,1,0,0,0,4,1,1
91.28,51.51,8.85,37.0,0,1,0,0,5,0,0
93.38,59.06,11.22,30.72,1,0,0,0,1,1,1
84.4,65.95,22.31,16.63,1,0,0,0,3,1,0
95.79,43.57,7.68,40.95,0,0,0,1,4,0,0
85.49,73.93,27.99,13.4,0,1,0,0,0,0,0
84.36,35.82,21.11,17.52,1,0,0,0,0,0,0
86.51,65.28,20.38,18.11,0,0,0,1,0,0,0
88.4,58.9,14.62,24.51,1,0,0,0,1,1,0
90.45,45.63,10.5,32.41,0,1,0,0,0,0,0
85.98,40.19,17.11,21.29,0,0,0,1,2,0,0
92.01,49.12,8.04,39.68,1,0,0,0,2,1,0
98.63,67.16,17.21,21.17,1,0,0,0,1,1,0
92.7,55.95,9.42,35.29,1,0,0,0,1,1,0
93.52,93.56,44.03,8.61,0,1,0,0,0,0,0
91.62,12.52,38.41,9.85,1,0,0,0,2,1,0
84.15,95.0,47.71,7.95,1,0,0,0,2,0,0
86.41,78.41,31.49,11.95,1,0,0,0,1,1,0
81.33,74.35,30.69,12.26,1,0,0,0,4,0,0
83.9,14.03,39.41,9.6,1,0,0,0,0,1,0
87.29,82.8,35.17,10.73,1,0,0,0,0,1,0
79.97,95.0,49.26,7.71,1,0,0,0,0,1,0
93.75,52.81,6.86,44.2,1,0,0,0,0,1,0
91.9,36.63,15.63,23.1,1,0,0,0,1,0,0
89.63,50.45,10.38,32.72,1,0,0,0,3,0,0
90.06,58.23,12.91,27.32,1,0,0,0,1,0,0
93.28,76.28,27.12,13.81,1,0,0,0,2,1,0
90.55,49.56,9.46,35.17,1,0,0,0,2,1,0
88.66,5.0,46.41,8.17,1,0,0,0,2,1,0
90.63,52.41,9.67,34.57,1,0,0,0,1,1,0
96.4,44.99,6.17,47.24,1,0,0,0,2,1,0
93.33,48.75,6.79,44.48,0,0,1,0,0,0,0
97.02,33.68,16.59,21.89,0,0,1,0,1,0,0
91.16,46.93,9.36,35.47,1,0,0,0,0,0,0
86.97,55.79,14.26,25.06,1,0,0,0,3,1,0
87.23,54.39,13.51,26.27,0,0,1,0,2,0,0
97.1,37.45,12.88,27.36,1,0,0,0,3,1,0
95.75,5.0,45.2,8.39,0,1,0,0,1,0,0
88.59,53.48,11.93,29.2,1,0,0,0,2,1,0
91.99,59.31,12.28,28.5,1,0,0,0,3,1,0
92.81,68.01,19.39,18.97,1,0,0,0,2,0,0
89.01,33.06,20.19,18.27,1,0,0,0,0,1,0
94.59,67.26,18.09,20.23,0,1,0,0,3,0,0
85.33,5.0,47.33,8.02,0,1,0,0,0,0,0
83.54,6.68,46.34,8.19,1,0,0,0,0,0,0
83.59,95.0,47.9,7.92,0,1,0,0,2,0,0
88.5,43.34,13.29,26.63,1,0,0,0,3,1,0
80.69,38.45,22.5,16.51,1,0,0,0,4,1,0
93.08,25.77,25.2,14.82,1,0,0,0,2,1,0
94.93,50.07,5.07,52.77,1,0,0,0,2,0,0
78.73,58.46,22.89,16.24,1,0,0,0,4,1,0
81.4,24.27,31.75,11.86,1,0,0,0,2,1,0
97.72,23.41,26.69,14.03,1,0,0,0,0,0,0
88.98,88.34,39.89,9.49,0,0,0,1,0,0,1
91.4,38.39,14.45,24.77,1,0,0,0,1,1,1
94.48,56.17,8.28,38.84,0,1,0,0,2,0,0
96.94,40.19,10.28,32.97,0,1,0,0,3,0,1
75.01,62.71,28.04,13.37,0,0,0,1,1,0,0
90.76,49.05,9.29,35.67,1,0,0,0,3,1,0
93.7,33.74,17.44,20.92,1,0,0,0,1,1,0
88.24,47.63,12.0,29.05,1,0,0,0,2,1,0
94.87,44.72,7.36,42.18,1,0,0,0,2,0,0
88.57,62.16,16.69,21.78,0,1,0,0,0,0,0
81.26,27.24,29.48,12.74,1,0,0,0,2,1,0
95.1,26.46,24.04,15.5,1,0,0,0,1,0,0
83.73,45.18,16.97,21.45,1,0,0,0,2,0,0
88.97,37.15,16.94,21.49,1,0,0,0,0,1,0
88.28,44.93,12.77,27.58,0,1,0,0,3,0,0
76.93,32.44,28.99,12.95,1,0,0,0,2,1,0
92.34,30.74,20.73,17.83,0,0,0,1,0,0,1
95.94,73.84,24.18,15.41,1,0,0,0,3,1,0
89.24,47.79,10.99,31.25,1,0,0,0,2,0,0
93.38,80.06,30.78,12.22,1,0,0,0,2,1,0
83.21,60.39,19.75,18.65,1,0,0,0,2,1,0
89.17,55.39,12.1,28.85,0,1,0,0,2,0,0
95.81,58.14,9.15,36.07,1,0,0,0,2,1,0
83.29,47.57,16.89,21.54,1,0,0,0,4,1,0
95.13,29.99,20.59,17.94,1,0,0,0,2,0,0
98.99,36.47,13.57,26.17,1,0,0,0,1,1,0
97.1,52.59,3.89,59.73,1,0,0,0,6,0,1
84.41,28.72,26.38,14.18,0,1,0,0,3,0,0
69.39,21.68,41.7,9.08,0,0,0,1,0,0,1
95.01,59.51,10.74,31.83,1,0,0,0,1,1,0
88.79,73.8,26.31,14.22,1,0,0,0,3,1,0
79.68,44.48,21.06,17.57,0,1,0,0,3,0,0
82.18,88.89,42.78,8.86,1,0,0,0,4,1,0
77.14,33.37,28.27,13.27,0,0,0,1,4,0,1
99.51,36.94,13.07,27.03,0,0,0,1,1,0,1
92.76,47.48,7.67,41.01,1,0,0,0,3,1,0
89.69,67.48,20.3,18.18,1,0,0,0,5,1,0
77.56,60.47,24.76,15.07,1,0,0,0,0,0,0
96.31,70.16,20.49,18.02,1,0,0,0,2,0,0
94.95,67.97,18.67,19.65,1,0,0,0,3,1,0
97.32,74.69,24.84,15.02,1,0,0,0,0,1,0
78.62,56.0,22.21,16.71,1,0,0,0,1,1,0
92.92,75.52,26.48,14.13,1,0,0,0,0,1,0
92.06,40.9,12.07,28.91,1,0,0,0,1,1,0
85.79,55.57,15.26,23.6,0,1,0,0,2,0,0
90.96,70.94,22.81,16.29,1,0,0,0,2,1,0
89.23,33.82,19.43,18.94,0,0,1,0,2,0,0
92.92,41.02,11.44,30.24,1,0,0,0,1,1,0
71.77,39.78,30.02,12.52,1,0,0,0,1,0,0
86.51,51.78,13.61,26.1,1,0,0,0,0,1,0
93.58,85.86,36.43,10.37,0,0,1,0,0,0,0
95.54,19.34,30.99,12.14,1,0,0,0,2,0,0
93.74,38.9,12.74,27.62,0,0,0,1,0,0,1
82.97,83.77,37.82,10.0,1,0,0,0,0,1,0
94.67,59.23,10.66,32.02,0,0,1,0,3,0,0
83.9,45.56,16.7,21.76,1,0,0,0,2,0,0
91.37,44.15,10.43,32.58,0,1,0,0,3,0,0
94.65,49.92,5.35,51.28,1,0,0,0,2,1,1
88.53,10.0,41.61,9.1,1,0,0,0,0,1,0
92.08,26.13,25.15,14.85,1,0,0,0,2,1,1
96.95,82.11,32.25,11.68,1,0,0,0,0,1,0
74.36,66.63,30.56,12.31,1,0,0,0,0,1,0
89.12,71.55,24.14,15.44,1,0,0,0,0,0,0
87.44,73.97,27.06,13.84,0,1,0,0,0,0,0
83.88,31.97,24.19,15.41,1,0,0,0,0,0,0
93.39,37.24,14.37,24.89,1,0,0,0,2,1,0
88.41,73.66,26.34,14.2,1,0,0,0,1,0,0
84.73,22.31,31.62,11.91,1,0,0,0,0,1,0
92.06,53.12,8.53,38.01,1,0,0,0,0,0,0
94.45,54.17,6.94,43.83,1,0,0,0,1,1,0
89.08,71.72,24.31,15.34,1,0,0,0,0,1,0
75.26,26.4,34.19,11.03,1,0,0,0,0,1,0
78.08,37.37,25.3,14.76,1,0,0,0,0,1,0
94.84,66.81,17.58,20.77,0,1,0,0,0,0,0
81.91,47.81,18.22,20.1,1,0,0,0,0,1,0
90.9,27.38,24.38,15.29,0,0,1,0,1,0,0
88.21,35.61,18.6,19.72,0,0,1,0,2,0,0
89.64,58.23,13.23,26.75,1,0,0,0,1,0,0
97.16,95.0,45.09,8.41,1,0,0,0,1,1,0
91.4,64.02,16.45,22.06,1,0,0,0,2,1,0
89.51,61.98,15.92,22.72,1,0,0,0,1,0,0
85.77,89.21,41.71,9.08,1,0,0,0,0,1,0
92.36,75.2,26.34,14.2,1,0,0,0,0,1,0
86.92,57.75,15.2,23.68,1,0,0,0,2,1,0
88.6,88.57,40.22,9.41,1,0,0,0,0,1,0
89.23,27.49,24.96,14.96,1,0,0,0,1,0,0
83.99,23.54,30.92,12.17,1,0,0,0,0,1,0
79.56,95.0,49.42,7.68,0,1,0,0,0,0,0
92.35,66.68,18.35,19.97,1,0,0,0,1,0,0
87.89,60.82,16.24,22.32,1,0,0,0,6,1,0
93.26,95.0,45.5,8.34,1,0,0,0,0,1,0
94.44,73.67,24.32,15.33,0,1,0,0,2,0,0
86.48,27.09,26.6,14.07,1,0,0,0,0,1,0
96.28,64.31,14.79,24.27,0,0,1,0,0,0,0
92.68,43.01,10.12,33.37,0,0,1,0,3,0,0
93.85,38.17,13.33,26.57,1,0,0,0,1,1,0
89.77,38.42,15.45,23.34,1,0,0,0,2,1,0
87.17,21.63,31.14,12.09,1,0,0,0,2,0,0
96.4,71.21,21.51,17.22,1,0,0,0,3,0,0
91.92,56.83,10.57,32.23,0,0,1,0,0,0,0
72.93,59.4,28.65,13.1,1,0,0,0,0,0,0
88.48,27.81,25.0,14.93,1,0,0,0,0,0,0
71.41,54.99,29.02,12.94,0,1,0,0,0,0,0
89.98,49.39,10.03,33.6,1,0,0,0,2,1,0
77.02,29.5,30.8,12.21,1,0,0,0,0,1,0
83.64,73.26,28.44,13.19,1,0,0,0,4,1,0
96.61,46.15,5.13,52.44,0,1,0,0,2,0,0
91.78,52.0,8.46,38.25,1,0,0,0,0,1,0
87.52,29.27,24.19,15.41,0,0,1,0,0,0,0
71.52,32.64,33.35,11.3,1,0,0,0,0,1,0
83.25,36.8,21.33,17.36,1,0,0,0,2,1,0
97.62,21.89,28.21,13.3,0,1,0,0,1,0,0
87.0,39.52,16.7,21.77,0,1,0,0,2,0,0
92.64,56.93,10.11,33.39,0,1,0,0,1,0,1
92.85,13.8,36.9,10.24,1,0,0,0,0,0,0
79.75,54.45,20.73,17.82,1,0,0,0,0,0,0
97.32,28.34,21.83,16.98,1,0,0,0,1,1,0
81.4,53.13,18.86,19.46,1,0,0,0,3,1,0
92.41,12.13,38.62,9.79,0,0,1,0,2,0,0
92.67,62.2,14.23,25.1,1,0,0,0,2,1,0
71.73,15.14,44.88,8.45,1,0,0,0,0,1,0
96.92,30.9,19.35,19.01,0,0,0,1,3,0,1
85.35,71.7,26.18,14.28,0,1,0,0,0,0,0
96.01,52.55,4.73,54.62,1,0,0,0,6,1,0
99.16,65.25,15.27,23.59,1,0,0,0,2,1,1
88.44,58.06,14.09,25.32,1,0,0,0,1,1,0
95.55,48.83,4.6,55.41,0,0,1,0,4,0,0
76.57,84.42,41.63,9.1,1,0,0,0,0,0,0
88.92,42.78,13.23,26.75,0,1,0,0,0,0,0
91.81,51.7,8.37,38.55,1,0,0,0,2,1,0
70.12,43.84,30.51,12.33,1,0,0,0,0,1,0
96.17,72.31,22.63,16.41,1,0,0,0,1,1,0
93.36,36.14,15.37,23.45,1,0,0,0,4,1,0
80.01,46.62,20.27,18.2,1,0,0,0,0,1,0
92.19,43.79,9.98,33.75,1,0,0,0,2,1,0
83.01,40.99,19.24,19.12,1,0,0,0,0,1,0
93.64,22.6,28.13,13.33,0,1,0,0,0,0,0
73.32,45.89,27.0,13.87,1,0,0,0,0,1,0
75.64,57.83,25.59,14.6,1,0,0,0,0,1,0
90.55,50.76,9.48,35.12,1,0,0,0,2,1,0
95.59,55.07,6.72,44.79,1,0,0,0,3,0,0
88.15,76.73,29.24,12.85,1,0,0,0,3,1,0
79.25,27.17,30.85,12.19,0,0,1,0,0,0,0
90.43,47.81,9.82,34.17,1,0,0,0,1,1,0
91.76,37.88,14.66,24.46,0,0,1,0,4,0,0
94.18,49.84,5.82,48.88,1,0,0,0,3,0,1
79.03,76.68,33.93,11.12,1,0,0,0,1,1,0
90.48,48.21,9.69,34.54,1,0,0,0,3,1,0
84.89,78.27,32.06,11.75,1,0,0,0,0,1,0
92.75,69.28,20.6,17.93,1,0,0,0,0,1,0
96.1,69.98,20.36,18.13,1,0,0,0,0,1,0
80.69,42.86,20.59,17.94,1,0,0,0,0,1,0
88.63,26.24,26.34,14.2,1,0,0,0,1,1,0
90.7,55.27,10.69,31.95,1,0,0,0,3,1,0
96.87,25.54,24.66,15.13,1,0,0,0,3,0,0
95.73,57.13,8.31,38.72,1,0,0,0,2,1,1
90.5,49.67,9.51,35.04,0,0,1,0,1,0,0
83.88,31.09,24.84,15.02,1,0,0,0,2,1,0
92.43,51.99,7.83,40.41,1,0,0,0,4,1,0
83.85,50.23,16.15,22.43,1,0,0,0,5,0,0
87.34,84.1,36.38,10.39,0,0,1,0,0,0,0
89.67,50.82,10.37,32.74,1,0,0,0,1,1,0
90.96,41.07,12.7,27.69,1,0,0,0,0,1,0
83.48,58.24,18.46,19.86,1,0,0,0,0,1,0
95.12,38.78,12.24,28.58,1,0,0,0,0,1,0
93.03,28.46,22.64,16.41,1,0,0,0,0,1,0
83.27,54.49,17.32,21.05,1,0,0,0,2,0,0
84.72,41.49,17.5,20.86,1,0,0,0,0,1,0
70.14,63.2,32.65,11.54,1,0,0,0,1,1,0
86.21,39.67,17.23,21.16,1,0,0,0,0,0,0
96.85,11.56,38.57,9.81,1,0,0,0,0,1,0
88.9,48.21,11.24,30.66,1,0,0,0,2,0,1
92.52,47.25,7.97,39.91,0,0,1,0,1,0,0
88.36,62.1,16.79,21.65,1,0,0,0,2,1,0
93.61,73.59,24.44,15.26,1,0,0,0,0,0,0
85.49,71.89,26.26,14.25,1,0,0,0,0,1,0
84.96,48.34,15.13,23.78,1,0,0,0,2,0,0
80.52,34.28,25.03,14.91,1,0,0,0,0,1,0
94.14,86.02,36.49,10.35,0,1,0,0,1,0,0
89.85,47.91,10.36,32.75,0,0,0,1,0,0,1
96.49,86.02,36.19,10.44,1,0,0,0,3,1,0
85.49,57.78,16.47,22.04,1,0,0,0,2,1,0
90.27,46.16,10.46,32.51,1,0,0,0,2,0,0
98.38,46.36,3.98,59.14,1,0,0,0,4,1,0
95.77,27.05,23.33,15.95,1,0,0,0,2,0,0
98.43,22.32,27.73,13.52,1,0,0,0,1,1,0
97.64,36.06,14.14,25.25,1,0,0,0,1,1,0
92.57,56.96,10.18,33.22,1,0,0,0,2,1,0
81.02,31.98,26.18,14.29,1,0,0,0,2,0,0
73.84,47.03,26.32,14.21,1,0,0,0,1,1,0
94.61,61.32,12.54,28.0,1,0,0,0,1,1,0
84.32,56.8,17.09,21.31,1,0,0,0,1,1,0
81.0,57.33,20.37,18.12,0,1,0,0,3,0,0
91.43,41.58,12.02,29.02,0,0,1,0,5,0,0
76.93,36.08,26.95,13.9,1,0,0,0,0,0,0
96.85,46.76,4.52,55.85,1,0,0,0,0,1,0
97.7,53.52,4.2,57.78,0,0,1,0,2,0,0
93.44,62.21,13.86,25.69,1,0,0,0,0,1,0
93.24,36.97,14.68,24.42,1,0,0,0,4,1,0
88.14,41.53,14.57,24.59,1,0,0,0,3,1,0
96.79,52.39,4.0,59.04,1,0,0,0,3,1,0
89.82,18.54,33.06,11.4,1,0,0,0,0,0,0
84.16,75.13,29.71,12.65,1,0,0,0,0,1,0
84.48,39.72,18.61,19.71,1,0,0,0,3,0,0
90.48,42.1,12.37,28.32,1,0,0,0,2,1,0
90.09,66.26,19.04,19.3,1,0,0,0,0,1,0
84.37,40.78,18.14,20.18,0,1,0,0,0,0,0
95.99,47.87,4.54,55.76,0,0,1,0,3,0,0
93.68,49.43,6.34,46.43,1,0,0,0,2,1,0
73.52,27.39,34.82,10.84,0,1,0,0,0,0,0
92.01,43.87,10.08,33.49,0,1,0,0,0,0,1
68.48,64.29,34.61,10.9,1,0,0,0,0,1,0
93.76,95.0,45.43,8.35,1,0,0,0,3,1,1
95.86,23.26,27.06,13.84,1,0,0,0,0,1,0
80.3,56.76,20.83,17.75,1,0,0,0,1,1,0
88.69,38.45,16.17,22.41,1,0,0,0,1,0,0
96.41,69.35,19.68,18.71,1,0,0,0,0,1,0
96.26,67.93,18.32,20.0,1,0,0,0,4,1,0
78.44,51.35,21.6,17.15,1,0,0,0,0,1,0
87.93,43.37,13.77,25.84,1,0,0,0,1,0,0
86.96,53.31,13.46,26.35,1,0,0,0,2,1,0
80.63,71.44,28.9,12.99,1,0,0,0,1,1,0
96.34,44.72,6.42,46.06,1,0,0,0,2,1,0
83.37,70.43,26.34,14.2,0,1,0,0,3,0,0
96.28,56.9,7.84,40.38,1,0,0,0,2,1,0
93.46,45.3,8.05,39.63,1,0,0,0,0,1,0
87.81,75.51,28.27,13.27,1,0,0,0,0,1,0
91.54,47.34,8.87,36.93,1,0,0,0,3,1,0
83.42,42.14,18.35,19.97,1,0,0,0,1,1,1
92.58,26.14,24.99,14.94,0,0,1,0,0,0,1
78.22,38.63,24.57,15.18,0,0,1,0,3,0,0
83.7,42.71,17.86,20.47,1,0,0,0,4,1,0
98.73,45.06,5.1,52.58,1,0,0,0,5,1,0
91.78,5.0,45.74,8.29,1,0,0,0,1,0,0
81.73,21.11,34.18,11.04,1,0,0,0,1,1,0
99.37,64.32,14.33,24.95,0,0,1,0,0,0,0
92.94,54.38,8.3,38.76,1,0,0,0,2,1,1
79.97,80.33,36.35,10.39,1,0,0,0,1,0,0
77.86,63.8,26.09,14.33,1,0,0,0,2,1,0
94.1,51.96,6.21,47.01,1,0,0,0,1,1,0
93.5,81.14,31.81,11.84,0,1,0,0,1,0,0
77.61,31.3,29.17,12.87,1,0,0,0,0,0,0
93.96,31.76,19.21,19.14,1,0,0,0,0,1,0
74.53,69.94,32.35,11.64,1,0,0,0,0,1,0
92.83,50.08,7.17,42.93,1,0,0,0,4,1,0
76.62,52.91,23.56,15.8,1,0,0,0,1,1,0
92.25,50.42,7.76,40.67,0,0,0,1,1,0,1
86.93,47.41,13.32,26.58,1,0,0,0,0,1,0
90.09,33.57,19.19,19.16,1,0,0,0,0,1,0
97.24,63.72,14.0,25.47,1,0,0,0,1,1,0
96.97,60.61,11.04,31.13,0,0,0,1,3,0,1
80.71,73.41,30.34,12.39,0,0,1,0,0,0,0
88.33,51.04,11.72,29.63,1,0,0,0,0,0,0
92.45,49.41,7.57,41.37,1,0,0,0,1,1,1
89.32,49.1,10.72,31.88,0,0,1,0,1,0,0
93.69,82.22,32.83,11.48,1,0,0,0,0,1,0
90.67,32.31,20.0,18.44,1,0,0,0,2,1,0
73.09,48.51,26.95,13.89,1,0,0,0,0,1,0
90.18,49.87,9.82,34.16,1,0,0,0,3,1,0
96.55,43.36,7.48,41.71,1,0,0,0,0,1,0
91.94,26.49,24.85,15.02,1,0,0,0,1,1,0
93.36,61.5,13.28,26.66,1,0,0,0,2,1,0
95.46,19.62,30.72,12.25,1,0,0,0,0,1,0
89.75,8.91,42.35,8.95,1,0,0,0,0,1,0
91.62,60.76,13.64,26.05,0,0,1,0,0,0,0
94.19,69.5,20.35,18.14,0,1,0,0,3,0,0
81.61,49.13,18.41,19.91,1,0,0,0,2,1,0
98.57,59.22,9.33,35.54,0,1,0,0,2,0,0
91.17,56.22,10.8,31.69,0,1,0,0,0,0,0
91.61,51.03,8.46,38.25,1,0,0,0,3,1,0
93.9,21.21,29.43,12.76,0,1,0,0,1,0,0
85.11,58.81,17.3,21.08,1,0,0,0,2,1,0
85.36,42.89,16.28,22.27,1,0,0,0,1,1,0
90.81,54.83,10.38,32.71,1,0,0,0,3,1,0
86.93,34.14,20.55,17.97,1,0,0,0,2,0,0
78.57,81.42,38.03,9.94,1,0,0,0,0,0,0
85.67,55.66,15.41,23.4,0,1,0,0,0,0,0
98.63,74.82,24.86,15.01,1,0,0,0,0,1,0
96.46,38.42,12.11,28.83,0,0,1,0,3,0,0
91.98,48.49,8.16,39.24,1,0,0,0,1,1,0
86.38,55.91,14.84,24.18,0,1,0,0,1,0,0
95.86,39.22,11.55,30.0,1,0,0,0,1,1,0
98.25,55.39,5.67,49.61,1,0,0,0,2,0,0
83.73,50.19,16.27,22.28,1,0,0,0,1,0,0
79.33,35.34,25.34,14.74,0,1,0,0,0,0,0
85.33,42.27,16.58,21.9,0,1,0,0,4,0,0
83.79,16.39,37.32,10.13,1,0,0,0,1,0,0
77.06,70.36,30.67,12.26,0,1,0,0,0,0,0
92.78,46.74,7.92,40.07,0,1,0,0,0,0,0
98.74,54.88,5.04,52.92,1,0,0,0,0,0,0
88.79,54.77,12.19,28.68,1,0,0,0,1,1,0
83.68,42.45,17.98,20.35,1,0,0,0,0,1,0
98.11,51.69,2.53,69.18,1,0,0,0,2,1,0
74.25,74.65,35.64,10.59,0,0,0,1,0,0,1
78.92,30.26,28.88,13.0,1,0,0,0,1,0,0
86.48,52.86,13.82,25.75,1,0,0,0,2,1,0
96.51,95.0,45.13,8.4,0,1,0,0,0,0,0
90.31,59.44,13.53,26.24,0,0,1,0,2,0,0
86.38,77.39,30.59,12.29,1,0,0,0,2,1,0
95.92,73.37,23.73,15.69,0,1,0,0,0,0,0
91.2,49.81,8.8,37.13,1,0,0,0,1,1,1
87.81,38.04,17.08,21.32,0,0,1,0,1,0,0
83.74,48.08,16.37,22.16,0,0,0,1,0,0,1
91.09,90.89,41.85,9.05,1,0,0,0,0,1,0
84.44,40.07,18.46,19.86,1,0,0,0,1,1,0
86.06,59.6,16.92,21.5,1,0,0,0,1,0,0
93.39,95.0,45.48,8.34,1,0,0,0,0,1,0
72.72,39.8,29.13,12.89,1,0,0,0,2,1,0
78.25,39.65,24.08,15.47,1,0,0,0,1,1,0
68.03,36.33,34.77,10.85,1,0,0,0,1,1,0
89.51,41.23,13.67,26.0,0,0,0,1,2,0,1
92.72,26.22,24.87,15.01,1,0,0,0,0,1,0
95.29,32.06,18.54,19.78,1,0,0,0,1,1,0
91.16,34.48,17.86,20.47,0,1,0,0,0,0,0
83.24,59.34,19.18,19.16,0,1,0,0,4,0,0
92.72,27.3,23.84,15.62,1,0,0,0,1,1,0
92.43,19.4,31.52,11.94,1,0,0,0,0,1,0
83.52,66.69,23.45,15.87,1,0,0,0,4,0,0
87.5,31.55,22.29,16.65,0,0,1,0,0,0,0
79.74,75.09,32.24,11.68,0,0,1,0,1,0,0
83.43,36.36,21.46,17.26,1,0,0,0,2,1,0
92.98,30.12,21.08,17.55,0,1,0,0,0,0,0
93.78,70.49,21.41,17.29,1,0,0,0,0,1,0
97.85,50.03,2.15,72.09,0,0,1,0,2,0,1
78.76,64.15,25.52,14.64,1,0,0,0,0,1,0
89.31,69.11,21.9,16.93,1,0,0,0,2,1,0
95.04,22.68,27.76,13.5,1,0,0,0,0,0,0
97.38,15.67,34.43,10.96,1,0,0,0,1,1,0
93.29,33.8,17.53,20.82,1,0,0,0,1,1,0
74.67,69.71,32.09,11.73,0,0,0,1,0,0,0
93.07,34.81,16.7,21.77,1,0,0,0,1,1,0
90.38,49.55,9.63,34.68,1,0,0,0,0,0,0
91.46,47.88,8.8,37.16,1,0,0,0,0,1,0
76.1,16.92,40.81,9.28,0,1,0,0,0,0,0
82.05,25.75,30.17,12.46,0,0,1,0,0,0,0
91.32,44.54,10.25,33.04,1,0,0,0,3,1,0
91.19,39.0,14.1,25.31,0,0,1,0,0,0,0
93.99,44.38,8.23,39.01,1,0,0,0,2,1,0
76.35,46.15,23.97,15.55,1,0,0,0,0,1,0
88.99,86.03,37.68,10.03,1,0,0,0,2,1,0
92.73,30.86,20.48,18.03,0,0,0,1,3,0,1
90.56,62.5,15.66,23.05,0,1,0,0,2,0,0
96.37,33.52,16.88,21.56,1,0,0,0,2,1,0
83.26,49.58,16.74,21.71,1,0,0,0,1,1,0
96.31,64.8,15.25,23.61,0,1,0,0,4,0,0
82.86,49.08,17.16,21.23,1,0,0,0,1,1,0
91.9,89.6,40.42,9.37,1,0,0,0,0,1,0
93.71,75.7,26.46,14.14,1,0,0,0,1,0,0
90.13,56.93,12.06,28.94,1,0,0,0,1,0,0
96.61,52.77,4.37,56.73,1,0,0,0,3,1,0
74.43,45.3,26.0,14.38,1,0,0,0,1,0,0
93.97,65.33,16.47,22.04,1,0,0,0,6,1,0
91.39,35.63,16.75,21.7,1,0,0,0,1,1,0
91.77,58.57,11.88,29.3,1,0,0,0,1,1,0
91.92,62.52,14.9,24.1,1,0,0,0,2,1,0
89.38,87.76,39.23,9.65,1,0,0,0,0,1,0
91.22,36.26,16.3,22.24,1,0,0,0,3,0,0
84.19,63.35,20.69,17.86,1,0,0,0,2,1,0
97.94,63.07,13.23,26.74,1,0,0,0,4,0,0
85.2,46.68,15.17,23.72,0,0,1,0,0,0,0
83.01,65.88,23.26,15.99,1,0,0,0,2,1,0
87.84,19.17,33.14,11.37,0,0,0,1,1,0,1
85.32,80.57,33.92,11.12,1,0,0,0,0,1,0
93.12,55.83,9.02,36.47,0,0,0,1,3,0,1
92.9,37.48,14.39,24.85,1,0,0,0,0,1,0
86.08,66.82,21.84,16.98,1,0,0,0,0,0,0
95.07,13.32,37.01,10.21,0,0,1,0,1,0,0
92.9,37.15,14.68,24.42,1,0,0,0,1,0,1
82.52,63.73,22.23,16.7,1,0,0,0,2,1,0
94.41,61.6,12.88,27.37,0,0,1,0,3,0,0
91.2,63.48,16.1,22.49,1,0,0,0,0,1,0
87.21,46.21,13.34,26.56,1,0,0,0,2,1,0
92.58,16.21,34.6,10.91,1,0,0,0,1,1,0
94.88,68.25,18.96,19.38,1,0,0,0,1,0,0
91.94,31.31,20.36,18.13,1,0,0,0,1,1,0
91.14,24.24,27.24,13.75,0,1,0,0,0,0,0
92.71,43.9,9.51,35.04,1,0,0,0,1,1,0
91.93,38.53,14.02,25.42,1,0,0,0,5,1,0
93.99,90.72,41.16,9.2,1,0,0,0,0,0,0
95.05,51.75,5.25,51.78,1,0,0,0,3,1,0
82.46,78.9,33.81,11.15,1,0,0,0,2,1,0
84.9,64.2,20.73,17.83,0,1,0,0,3,0,0
82.18,58.93,19.93,18.5,1,0,0,0,5,1,0
92.17,5.0,45.68,8.3,1,0,0,0,0,1,0
88.87,75.29,27.63,13.56,1,0,0,0,2,0,0
81.17,46.08,19.24,19.11,1,0,0,0,2,1,0
91.4,27.22,24.35,15.31,1,0,0,0,1,0,0
94.16,76.16,26.8,13.97,1,0,0,0,0,1,0
83.07,46.12,17.37,21.0,1,0,0,0,1,1,0
96.34,38.08,12.47,28.13,1,0,0,0,1,0,0
76.65,55.06,23.89,15.59,1,0,0,0,0,1,0
74.62,76.61,36.77,10.28,1,0,0,0,0,1,0
72.95,61.0,29.19,12.86,1,0,0,0,0,1,0
98.39,38.23,11.88,29.3,1,0,0,0,2,0,0
81.19,38.64,21.97,16.88,0,1,0,0,1,0,0
93.72,42.44,9.83,34.16,1,0,0,0,0,0,1
89.74,24.6,27.39,13.68,1,0,0,0,1,1,0
89.02,34.97,18.62,19.7,1,0,0,0,0,1,0
91.54,56.59,10.72,31.87,1,0,0,0,1,1,0
84.88,71.47,26.26,14.24,1,0,0,0,0,1,0
91.4,18.17,32.97,11.43,0,1,0,0,2,0,0
88.14,20.12,32.15,11.71,1,0,0,0,0,1,0
89.02,80.79,32.69,11.53,0,1,0,0,4,0,0
94.74,61.02,12.22,28.62,1,0,0,0,1,1,0
85.31,54.13,15.26,23.6,1,0,0,0,3,1,0
89.61,33.26,19.7,18.7,0,1,0,0,3,0,0
84.7,14.49,38.67,9.78,0,0,0,1,2,0,1
84.73,64.9,21.34,17.35,1,0,0,0,0,0,0
96.04,59.41,10.21,33.15,0,1,0,0,2,0,0
94.56,34.59,16.35,22.19,1,0,0,0,2,1,0
87.95,74.37,27.19,13.78,0,0,1,0,0,0,0
78.33,69.17,28.93,12.98,0,0,1,0,0,0,0
97.8,33.2,16.95,21.48,0,1,0,0,0,0,0
92.16,12.08,38.72,9.77,1,0,0,0,0,1,1
98.48,55.95,6.14,47.35,1,0,0,0,5,1,0
88.66,48.05,11.5,30.09,1,0,0,0,3,1,0
94.82,30.22,20.45,18.06,1,0,0,0,2,1,0
98.46,45.7,4.57,55.6,1,0,0,0,3,1,0
91.45,83.19,34.28,11.01,1,0,0,0,0,1,0
97.39,37.23,13.04,27.08,1,0,0,0,3,1,0
95.85,83.85,34.1,11.06,1,0,0,0,0,1,0
96.08,15.51,34.71,10.87,1,0,0,0,0,1,0
84.46,95.0,47.61,7.97,1,0,0,0,0,0,0
71.75,47.43,28.37,13.23,1,0,0,0,1,1,0
84.25,59.07,18.17,20.14,1,0,0,0,2,1,0
87.53,67.76,21.71,17.07,1,0,0,0,1,1,0
78.11,65.46,26.8,13.97,1,0,0,0,0,0,0
98.72,49.45,1.39,78.19,0,1,0,0,2,0,0
89.58,22.38,29.52,12.72,1,0,0,0,0,0,0
92.27,58.02,11.14,30.9,1,0,0,0,1,1,0
93.37,50.82,6.68,44.94,1,0,0,0,0,0,0
94.67,82.45,32.89,11.46,1,0,0,0,1,1,0
87.18,64.34,19.24,19.11,0,1,0,0,0,0,0
93.83,71.18,22.06,16.81,0,0,1,0,3,0,0
87.24,50.38,12.77,27.57,1,0,0,0,3,1,0
82.35,28.01,28.2,13.3,1,0,0,0,0,1,0
85.8,37.07,19.21,19.14,1,0,0,0,1,0,0
91.72,15.04,35.93,10.51,0,1,0,0,0,0,0
87.69,17.61,34.65,10.89,0,0,1,0,1,0,0
92.12,56.38,10.14,33.33,0,0,1,0,3,0,0
89.55,70.39,22.91,16.22,1,0,0,0,0,1,0
91.97,39.82,12.97,27.21,0,1,0,0,0,0,0
93.31,35.07,16.36,22.17,1,0,0,0,2,1,0
78.39,11.16,44.45,8.53,1,0,0,0,1,1,0
97.99,55.54,5.89,48.52,0,1,0,0,1,0,0
89.66,61.42,15.41,23.4,1,0,0,0,1,1,1
84.59,50.16,15.41,23.39,1,0,0,0,3,0,0
85.01,33.7,22.14,16.76,1,0,0,0,1,1,0
96.62,35.85,14.55,24.61,0,1,0,0,1,0,0
90.68,28.05,23.85,15.62,1,0,0,0,0,1,0
92.11,76.5,27.65,13.55,1,0,0,0,2,1,0
79.79,67.4,26.67,14.03,1,0,0,0,0,0,0
93.47,54.13,7.72,40.8,1,0,0,0,2,0,0
91.76,62.53,15.0,23.97,1,0,0,0,1,0,0
86.96,75.02,28.22,13.29,1,0,0,0,2,1,0
77.51,60.84,24.97,14.95,1,0,0,0,0,1,0
94.2,13.23,37.22,10.16,0,1,0,0,0,0,0
92.47,51.06,7.6,41.25,1,0,0,0,3,1,0
91.19,63.0,15.71,23.0,1,0,0,0,5,1,0
86.54,21.86,31.19,12.07,1,0,0,0,0,1,0
90.22,66.28,18.99,19.34,1,0,0,0,1,1,0
84.13,46.18,16.32,22.21,0,0,1,0,0,0,0
92.67,63.42,15.29,23.55,1,0,0,0,4,0,0
96.16,61.7,12.31,28.44,1,0,0,0,2,1,1
77.87,74.06,32.69,11.53,0,0,0,1,0,0,1
95.74,58.31,9.34,35.51,1,0,0,0,2,1,0
87.73,74.73,27.6,13.58,1,0,0,0,1,1,0
86.2,69.91,24.22,15.39,1,0,0,0,0,1,0
95.58,46.76,5.48,50.57,1,0,0,0,2,1,0
87.57,33.81,20.41,18.09,1,0,0,0,3,1,0
98.88,30.48,19.55,18.83,0,1,0,0,2,0,0
81.51,34.96,23.83,15.63,0,1,0,0,5,0,0
84.25,65.24,21.91,16.92,0,1,0,0,1,0,0
97.71,41.62,8.69,37.49,1,0,0,0,1,1,0
96.77,39.08,11.39,30.35,1,0,0,0,2,1,0
89.92,61.59,15.36,23.47,1,0,0,0,3,1,0
87.04,16.29,36.12,10.46,1,0,0,0,2,0,0
92.07,33.22,18.56,19.76,1,0,0,0,2,0,0
75.21,22.2,37.25,10.15,1,0,0,0,0,0,0
86.49,22.64,30.51,12.32,1,0,0,0,3,1,0
77.79,87.24,43.36,8.74,0,1,0,0,0,0,0
77.72,78.23,35.97,10.5,0,0,1,0,1,0,0
94.87,22.03,28.44,13.19,0,1,0,0,2,0,0
77.63,5.0,50.25,7.56,1,0,0,0,1,0,0
87.62,66.28,20.45,18.05,0,1,0,0,1,0,0
92.59,62.72,14.72,24.36,0,0,0,1,5,0,1
88.5,76.92,29.28,12.83,1,0,0,0,2,1,0
97.61,61.31,11.56,29.97,1,0,0,0,1,1,0
84.77,78.98,32.74,11.51,0,0,0,1,0,0,1
98.81,48.69,1.77,75.13,1,0,0,0,1,0,0
90.22,46.74,10.31,32.89,1,0,0,0,1,1,0
88.59,95.0,46.42,8.17,0,1,0,0,0,0,0
80.25,44.66,20.45,18.05,1,0,0,0,0,1,0
92.67,29.7,21.58,17.16,1,0,0,0,2,1,0
99.29,37.63,12.39,28.29,1,0,0,0,1,0,0
89.35,72.34,24.75,15.08,1,0,0,0,1,0,0
92.93,47.63,7.45,41.81,0,0,0,1,1,0,1
90.64,31.78,20.48,18.03,1,0,0,0,2,1,0
85.41,41.67,16.8,21.65,1,0,0,0,2,1,0
78.26,35.15,26.33,14.21,0,0,0,1,1,0,1
94.92,54.1,6.53,45.61,0,1,0,0,6,0,0
89.41,68.15,21.02,17.6,1,0,0,0,2,0,0
96.16,41.08,9.72,34.45,1,0,0,0,2,1,0
94.86,52.46,5.7,49.47,1,0,0,0,4,1,0
89.57,21.59,30.26,12.42,0,1,0,0,1,0,0
96.32,33.93,16.49,22.02,1,0,0,0,2,1,0
86.69,72.0,25.72,14.53,0,0,1,0,1,0,0
82.17,65.18,23.42,15.89,1,0,0,0,5,1,0
96.2,8.81,41.36,9.16,0,1,0,0,1,0,0
82.04,44.76,18.7,19.62,1,0,0,0,1,1,0
98.06,31.53,18.58,19.74,0,0,0,1,0,0,1
90.49,54.04,10.34,32.82,1,0,0,0,2,1,0
80.19,56.53,20.86,17.73,1,0,0,0,2,1,0
91.07,67.7,19.83,18.58,0,1,0,0,2,0,0
85.94,38.59,18.11,20.21,0,0,1,0,2,0,0
78.92,59.61,23.16,16.06,0,1,0,0,2,0,0
96.88,79.78,29.94,12.55,0,0,1,0,0,0,0
76.06,18.8,39.32,9.62,1,0,0,0,2,1,0
90.88,53.23,9.67,34.57,0,1,0,0,0,0,0
90.69,24.09,27.53,13.61,1,0,0,0,0,1,0
94.23,68.09,18.99,19.35,1,0,0,0,2,1,0
94.77,78.41,28.88,13.0,1,0,0,0,4,0,0
90.45,77.71,29.31,12.81,0,0,0,1,1,0,0
83.57,32.68,23.87,15.6,1,0,0,0,2,0,0
91.05,37.44,15.42,23.38,1,0,0,0,2,0,0
73.02,51.88,27.04,13.85,1,0,0,0,4,1,0
81.91,44.56,18.89,19.44,1,0,0,0,3,1,0
89.43,27.48,24.88,15.0,0,1,0,0,1,0,0
99.5,46.46,3.57,61.83,1,0,0,0,4,1,1
93.07,40.98,11.37,30.37,0,0,1,0,2,0,0
82.62,77.07,32.17,11.71,1,0,0,0,0,1,0
91.09,75.28,26.8,13.97,1,0,0,0,0,0,0
93.74,53.86,7.36,42.18,1,0,0,0,2,1,0
83.95,78.5,32.7,11.52,0,1,0,0,2,0,0
88.69,70.58,23.48,15.85,0,0,0,1,0,0,1
88.44,56.6,13.31,26.6,0,0,1,0,2,0,0
88.31,57.22,13.74,25.88,0,0,1,0,3,0,0
86.21,56.6,15.29,23.56,1,0,0,0,2,1,0
93.57,9.91,40.6,9.32,1,0,0,0,1,1,0
82.76,58.98,19.44,18.93,1,0,0,0,2,1,0
83.28,49.17,16.74,21.71,1,0,0,0,0,1,0
89.33,45.66,11.52,30.05,0,0,1,0,3,0,0
92.47,69.85,21.23,17.43,0,0,1,0,0,0,0
83.62,76.26,30.95,12.16,0,1,0,0,2,0,0
91.93,59.94,12.8,27.51,0,1,0,0,0,0,1
88.12,78.32,30.71,12.25,0,1,0,0,0,0,0
76.87,20.44,37.54,10.07,0,1,0,0,2,0,0
79.58,84.33,39.95,9.47,0,1,0,0,0,0,0
92.36,22.35,28.69,13.08,1,0,0,0,0,0,0
92.65,56.48,9.79,34.24,0,0,0,1,1,0,1
89.66,65.85,18.93,19.4,0,0,0,1,0,0,0
86.68,5.0,46.93,8.09,1,0,0,0,2,1,0
88.65,34.76,19.0,19.33,1,0,0,0,4,0,0
90.37,34.82,17.98,20.35,1,0,0,0,1,1,0
93.51,49.45,6.52,45.66,0,0,1,0,2,0,0
89.87,59.68,14.01,25.44,1,0,0,0,2,0,0
87.22,34.8,19.86,18.56,1,0,0,0,2,1,0
81.07,9.9,44.35,8.55,1,0,0,0,0,1,0
83.83,57.26,17.72,20.61,1,0,0,0,1,1,0
93.12,64.7,16.23,22.33,1,0,0,0,0,1,0
93.99,71.63,22.45,16.54,1,0,0,0,0,1,0
79.74,62.38,23.74,15.68,0,0,1,0,0,0,0
85.37,28.05,26.38,14.18,1,0,0,0,2,1,0
88.01,45.81,12.7,27.7,1,0,0,0,2,1,0
77.86,40.07,24.27,15.36,1,0,0,0,2,1,0
84.38,49.43,15.63,23.1,1,0,0,0,2,0,0
92.87,68.66,19.98,18.46,1,0,0,0,1,1,0
95.72,58.67,9.66,34.6,0,0,0,1,4,0,1
93.22,64.75,16.23,22.33,0,0,1,0,0,0,0
95.25,59.53,10.65,32.05,1,0,0,0,2,1,0
81.39,49.68,18.61,19.71,1,0,0,0,2,1,0
96.44,34.41,15.99,22.63,1,0,0,0,0,1,0
90.55,68.82,21.06,17.56,1,0,0,0,0,0,0
93.38,68.84,19.97,18.46,1,0,0,0,2,0,0
93.57,63.69,15.13,23.78,1,0,0,0,1,1,0
96.37,81.81,32.02,11.76,0,0,1,0,1,0,0
90.21,70.99,23.16,16.06,0,1,0,0,0,0,0
98.14,54.62,4.98,53.27,1,0,0,0,5,0,0
87.01,60.82,16.91,21.52,1,0,0,0,0,1,0
76.34,45.62,24.07,15.48,0,0,0,1,2,0,1
95.32,5.0,45.24,8.38,1,0,0,0,0,1,0
92.16,17.63,33.3,11.32,0,1,0,0,0,0,0
89.35,52.12,10.86,31.55,1,0,0,0,2,1,0
96.73,41.05,9.52,34.99,0,1,0,0,3,0,0
96.14,53.7,5.35,51.26,1,0,0,0,3,1,0
85.33,5.0,47.33,8.02,1,0,0,0,0,1,0
90.02,63.95,17.15,21.24,1,0,0,0,2,0,0
95.85,52.31,4.75,54.52,0,1,0,0,1,0,0
91.29,88.65,39.62,9.55,1,0,0,0,0,0,0
96.74,34.37,15.96,22.67,1,0,0,0,1,1,0
92.29,68.01,19.59,18.8,1,0,0,0,2,1,0
83.33,57.96,18.47,19.85,1,0,0,0,2,1,0
95.49,53.69,5.83,48.84,1,0,0,0,2,0,0
82.47,69.99,26.59,14.08,1,0,0,0,0,1,0
88.8,39.41,15.41,23.39,0,0,0,1,0,0,0
85.53,41.86,16.61,21.87,1,0,0,0,1,0,0
93.17,25.1,25.83,14.47,0,0,0,1,3,0,1
91.03,67.03,19.25,19.1,0,0,0,1,3,0,0
87.97,67.91,21.57,17.17,1,0,0,0,1,1,0
87.6,35.92,18.76,19.56,1,0,0,0,2,1,0
95.16,53.72,6.1,47.53,1,0,0,0,0,0,0
92.4,18.77,32.14,11.72,1,0,0,0,1,1,0
86.82,55.86,14.43,24.8,0,0,0,1,1,0,0
97.51,36.17,14.05,25.38,1,0,0,0,2,0,0
75.48,39.12,26.82,13.96,1,0,0,0,0,1,0
93.22,62.78,14.47,24.74,1,0,0,0,4,1,0
88.18,68.91,22.29,16.65,1,0,0,0,0,1,0
92.65,53.03,7.95,39.98,1,0,0,0,2,0,0
95.86,53.32,5.31,51.49,1,0,0,0,1,1,0
88.98,54.46,11.88,29.29,1,0,0,0,3,1,0
85.48,67.35,22.63,16.42,0,0,1,0,0,0,0
76.31,59.93,25.69,14.55,1,0,0,0,2,1,0
96.14,53.35,5.11,52.52,0,0,0,1,1,0,1
96.03,81.17,31.42,11.98,0,0,0,1,3,0,0
80.25,41.91,21.34,17.35,1,0,0,0,4,1,0
96.53,21.32,28.89,12.99,1,0,0,0,2,1,0
96.53,11.3,38.86,9.74,0,0,0,1,0,0,1
91.97,39.78,13.0,27.16,1,0,0,0,4,0,0
97.1,25.18,24.99,14.94,1,0,0,0,0,1,0
73.98,56.89,26.92,13.91,0,1,0,0,0,0,0
93.93,53.72,7.12,43.1,0,0,0,1,3,0,1
93.55,55.72,8.62,37.72,1,0,0,0,2,1,0
96.45,36.11,14.34,24.94,0,0,0,1,0,0,0
91.82,55.34,9.77,34.3,1,0,0,0,1,0,0
80.27,41.42,21.52,17.21,0,0,0,1,2,0,1
79.3,87.75,43.05,8.8,0,0,0,1,0,0,1
94.71,55.42,7.57,41.36,0,1,0,0,2,0,0
92.88,22.67,28.24,13.28,1,0,0,0,3,1,0
82.37,37.27,21.75,17.04,1,0,0,0,2,1,0
75.69,33.64,29.3,12.82,1,0,0,0,0,0,0
89.03,61.45,15.85,22.81,1,0,0,0,1,0,0
87.41,53.4,13.04,27.07,0,0,1,0,2,0,0
95.18,39.12,11.9,29.26,1,0,0,0,3,1,0
77.09,52.81,23.08,16.11,1,0,0,0,1,1,1
79.0,54.99,21.58,17.17,1,0,0,0,2,1,0
83.65,58.72,18.53,19.79,1,0,0,0,1,1,0
83.62,39.3,19.56,18.82,1,0,0,0,2,1,0
92.9,25.66,25.35,14.73,1,0,0,0,0,0,0
95.21,22.59,27.83,13.47,0,1,0,0,0,0,0
77.23,42.23,24.06,15.49,1,0,0,0,4,1,0
80.76,66.61,25.42,14.69,1,0,0,0,0,1,0
91.25,87.49,38.5,9.82,1,0,0,0,1,1,0
81.02,38.11,22.39,16.58,0,1,0,0,0,0,0
92.05,25.67,25.6,14.6,0,1,0,0,2,0,0
84.84,90.11,42.88,8.84,1,0,0,0,0,1,0
87.38,50.06,12.62,27.85,1,0,0,0,2,1,0
93.23,69.52,20.66,17.89,1,0,0,0,3,1,0
93.04,38.34,13.58,26.15,1,0,0,0,4,1,0
88.41,46.63,12.07,28.91,1,0,0,0,3,0,0
86.2,59.66,16.84,21.6,1,0,0,0,1,1,0
91.72,93.1,43.89,8.64,1,0,0,0,0,1,0
83.05,29.9,26.29,14.23,1,0,0,0,0,0,0
86.37,65.34,20.51,18.0,1,0,0,0,2,1,0
92.43,60.03,12.57,27.94,1,0,0,0,0,1,0
81.12,45.39,19.43,18.94,1,0,0,0,0,1,0
87.61,56.79,14.13,25.26,1,0,0,0,0,1,0
90.83,57.04,11.56,29.97,1,0,0,0,1,0,0
90.59,76.22,27.85,13.46,0,1,0,0,2,0,0
94.86,37.24,13.76,25.86,1,0,0,0,4,1,0
89.57,23.16,28.8,13.03,1,0,0,0,2,0,0
85.11,66.41,22.16,16.75,1,0,0,0,2,1,1
89.51,56.63,12.42,28.23,0,1,0,0,1,0,0
75.31,48.31,24.75,15.08,1,0,0,0,0,0,0
90.84,38.46,14.74,24.34,0,1,0,0,5,0,0
73.43,74.93,36.43,10.37,0,0,1,0,0,0,0
89.62,37.68,16.11,22.48,1,0,0,0,0,1,0
85.16,47.3,15.08,23.84,0,0,1,0,0,0,0
91.2,32.22,19.83,18.58,1,0,0,0,1,1,0
87.42,70.25,23.84,15.62,1,0,0,0,1,0,0
88.91,50.4,11.09,31.0,1,0,0,0,2,0,0
79.74,80.38,36.52,10.35,1,0,0,0,0,1,0
77.54,57.95,23.83,15.63,0,0,1,0,1,0,0
73.04,66.38,31.55,11.93,0,0,1,0,0,0,0
91.67,20.25,30.9,12.18,0,1,0,0,1,0,0
94.31,65.92,16.9,21.52,0,0,1,0,3,0,0
91.86,33.87,18.07,20.25,0,0,1,0,3,0,0
93.21,39.05,12.88,27.36,1,0,0,0,2,1,0
78.07,16.35,40.16,9.42,1,0,0,0,0,1,0
86.78,48.94,13.26,26.69,0,0,1,0,2,0,1
89.34,79.04,30.94,12.16,1,0,0,0,2,1,0
82.73,39.34,20.3,18.18,1,0,0,0,2,1,0
91.74,63.52,15.84,22.82,0,0,0,1,0,0,1
86.91,47.23,13.38,26.49,0,0,1,0,0,0,0
81.17,50.72,18.84,19.48,1,0,0,0,0,1,1
84.71,51.76,15.39,23.43,0,0,0,1,0,0,1
87.4,65.03,19.61,18.78,1,0,0,0,1,0,0
88.44,75.99,28.44,13.19,0,1,0,0,1,0,0
83.4,58.8,18.79,19.53,1,0,0,0,2,0,0
89.4,91.06,42.4,8.93,1,0,0,0,0,1,0
80.73,18.34,37.06,10.2,0,0,1,0,0,0,0
82.36,5.0,48.33,7.85,0,1,0,0,0,0,0
78.6,48.0,21.49,17.24,0,0,0,1,3,0,1
87.38,18.34,34.08,11.07,0,1,0,0,0,0,0
84.64,35.28,21.27,17.4,1,0,0,0,2,0,0
92.62,74.49,25.58,14.61,1,0,0,0,0,1,0
92.59,62.55,14.57,24.59,0,1,0,0,0,0,0
94.58,36.69,14.37,24.89,1,0,0,0,1,1,0
94.31,70.01,20.81,17.77,0,1,0,0,3,0,0
88.07,65.86,19.85,18.57,1,0,0,0,2,1,0
96.08,53.08,4.99,53.21,1,0,0,0,1,0,0
94.31,39.3,12.12,28.81,1,0,0,0,3,1,0
89.76,48.79,10.31,32.89,1,0,0,0,1,1,0
78.45,61.5,24.43,15.27,0,1,0,0,2,0,0
93.02,50.57,7.0,43.58,0,0,1,0,1,0,0
91.14,73.66,25.26,14.79,0,0,1,0,2,0,0
84.19,64.14,21.21,17.45,1,0,0,0,3,0,0
78.89,63.97,25.31,14.75,0,0,1,0,1,0,0
86.28,43.62,15.13,23.78,1,0,0,0,3,0,0
79.89,33.82,25.81,14.48,1,0,0,0,0,0,0
95.14,6.62,43.66,8.68,1,0,0,0,0,0,0
96.45,80.01,30.22,12.44,1,0,0,0,1,1,0
83.32,33.2,23.68,15.73,1,0,0,0,1,1,0
96.11,53.81,5.44,50.77,1,0,0,0,2,1,0
96.48,50.82,3.61,61.55,1,0,0,0,2,0,0
97.66,77.94,28.04,13.38,1,0,0,0,1,0,0
82.54,58.86,19.57,18.81,1,0,0,0,1,1,0
95.24,58.43,9.68,34.55,1,0,0,0,6,1,0
93.88,57.78,9.9,33.95,1,0,0,0,1,1,1
67.2,38.46,34.77,10.85,1,0,0,0,0,1,0
83.59,62.9,20.87,17.72,1,0,0,0,1,1,0
78.69,95.0,49.79,7.63,1,0,0,0,1,1,0
94.19,50.06,5.81,48.94,1,0,0,0,0,0,0
93.64,52.35,6.78,44.5,1,0,0,0,2,1,0
86.62,74.87,28.24,13.28,1,0,0,0,0,1,0
94.57,75.59,26.16,14.29,1,0,0,0,2,0,0
82.76,59.02,19.46,18.91,1,0,0,0,0,1,0
94.26,29.71,21.09,17.54,1,0,0,0,1,1,1
90.15,68.31,20.79,17.78,1,0,0,0,1,1,0
87.04,63.87,18.99,19.35,0,0,1,0,0,0,0
89.57,52.33,10.68,31.96,1,0,0,0,3,0,0
83.41,56.62,17.87,20.46,0,1,0,0,1,0,0
81.95,54.81,18.68,19.64,0,1,0,0,2,0,0
89.31,22.46,29.54,12.72,1,0,0,0,0,1,0
65.63,21.19,44.84,8.46,1,0,0,0,0,1,0
89.43,25.67,26.53,14.11,0,1,0,0,0,0,0
85.88,38.38,18.28,20.03,0,0,1,0,1,0,0
92.77,45.9,8.31,38.73,1,0,0,0,3,0,0
87.29,78.76,31.44,11.97,1,0,0,0,2,1,0
87.88,41.32,14.91,24.09,1,0,0,0,0,0,1
95.62,35.15,15.48,23.3,1,0,0,0,2,0,0
89.72,37.29,16.35,22.19,1,0,0,0,2,0,1
90.86,30.83,21.24,17.43,1,0,0,0,0,1,0
88.55,16.32,35.57,10.61,1,0,0,0,0,1,0
74.57,11.72,45.96,8.25,1,0,0,0,0,1,0
93.39,41.92,10.44,32.57,1,0,0,0,0,1,0
95.0,51.08,5.11,52.53,0,0,0,1,3,0,1
93.6,88.29,38.82,9.75,1,0,0,0,2,1,0
89.11,38.23,16.04,22.57,1,0,0,0,2,1,0
80.8,73.76,30.55,12.31,1,0,0,0,1,1,1
82.94,38.55,20.54,17.98,1,0,0,0,1,1,0
88.38,71.14,24.12,15.45,1,0,0,0,0,1,0
83.32,57.93,18.47,19.85,0,1,0,0,5,0,0
81.76,35.78,23.13,16.08,1,0,0,0,0,1,0
75.9,39.7,26.21,14.27,1,0,0,0,0,1,0
84.42,65.8,22.19,16.72,0,0,1,0,0,0,0
89.52,50.44,10.49,32.43,0,0,0,1,0,0,0
93.83,35.97,15.33,23.51,0,1,0,0,3,0,0
89.15,84.45,36.12,10.46,0,1,0,0,0,0,0
73.0,24.55,37.11,10.18,1,0,0,0,0,1,0
97.17,44.29,6.38,46.27,0,0,1,0,2,0,0
97.54,60.77,11.05,31.1,1,0,0,0,2,0,0
78.98,86.87,42.44,8.93,0,0,1,0,0,0,0
90.78,27.76,24.07,15.48,0,0,0,1,2,0,0
88.26,43.23,13.55,26.19,1,0,0,0,5,1,0
88.4,67.56,21.04,17.58,1,0,0,0,0,1,0
94.34,28.06,22.66,16.39,0,1,0,0,0,0,0
86.18,38.39,18.05,20.28,0,0,1,0,3,0,0
97.5,68.32,18.49,19.83,1,0,0,0,1,1,0
94.22,54.44,7.29,42.43,0,1,0,0,1,0,0
91.14,52.45,9.19,35.95,0,1,0,0,4,0,0
92.22,38.17,14.16,25.22,1,0,0,0,2,1,0
89.61,82.18,33.81,11.15,1,0,0,0,1,1,0
97.12,73.3,23.47,15.85,1,0,0,0,1,0,0
91.77,79.14,30.28,12.42,1,0,0,0,0,1,0
87.53,57.18,14.39,24.85,0,0,1,0,3,0,0
81.62,49.69,18.39,19.93,0,0,1,0,2,0,0
98.27,36.61,13.5,26.27,1,0,0,0,0,1,0
82.2,59.58,20.21,18.25,1,0,0,0,1,0,0
92.01,33.24,18.56,19.75,0,0,0,1,0,0,1
94.46,29.17,21.55,17.19,1,0,0,0,2,1,0
85.2,41.75,16.94,21.48,1,0,0,0,2,1,0
94.11,89.85,40.28,9.4,1,0,0,0,0,1,0
87.22,47.43,13.03,27.09,1,0,0,0,1,1,0
95.5,42.27,8.95,36.7,1,0,0,0,0,1,0
88.59,45.95,12.11,28.83,1,0,0,0,3,1,0
98.81,50.37,1.25,79.39,1,0,0,0,1,1,0
84.19,39.27,19.11,19.24,0,0,0,1,0,0,0
87.04,83.05,35.5,10.64,1,0,0,0,1,1,0
81.52,49.27,18.5,19.82,1,0,0,0,1,1,0
77.03,79.8,37.63,10.05,0,1,0,0,0,0,1
96.11,71.06,21.41,17.29,1,0,0,0,1,0,0
94.97,35.47,15.37,23.44,0,1,0,0,3,0,0
95.17,74.66,25.13,14.86,1,0,0,0,0,1,0
85.62,63.42,19.67,18.72,1,0,0,0,1,1,0
88.26,29.15,23.93,15.57,0,1,0,0,2,0,0
76.02,86.17,43.4,8.73,0,0,1,0,0,0,0
94.63,40.59,10.84,31.6,0,0,1,0,0,0,0
90.33,6.6,44.46,8.53,1,0,0,0,0,1,0
84.65,42.58,17.05,21.36,0,1,0,0,4,0,0
81.99,37.79,21.76,17.03,1,0,0,0,0,1,0
93.46,40.13,11.83,29.39,1,0,0,0,4,0,0
92.14,66.8,18.55,19.77,1,0,0,0,0,1,0
86.95,66.51,21.05,17.58,1,0,0,0,0,0,0
92.08,70.14,21.64,17.12,1,0,0,0,2,1,1
91.92,95.0,45.72,8.3,1,0,0,0,1,1,0
84.17,67.13,23.32,15.95,0,1,0,0,0,0,0
93.05,16.6,34.11,11.06,1,0,0,0,1,1,0
96.78,55.62,6.48,45.83,1,0,0,0,0,1,0
90.95,40.0,13.49,26.3,1,0,0,0,1,1,0
90.09,53.72,10.59,32.2,0,1,0,0,2,0,0
93.26,45.91,7.88,40.23,1,0,0,0,0,0,0
87.51,48.35,12.6,27.88,1,0,0,0,1,1,0
95.07,33.82,16.92,21.51,1,0,0,0,1,1,0
87.43,53.07,12.94,27.26,0,1,0,0,4,0,1
86.89,39.39,16.86,21.57,1,0,0,0,1,1,0
97.38,67.91,18.1,20.22,1,0,0,0,1,0,0
87.3,50.32,12.7,27.69,0,1,0,0,2,0,0
78.56,63.49,25.33,14.75,1,0,0,0,0,0,0
94.16,36.58,14.64,24.49,0,0,1,0,0,0,0
86.31,48.32,13.79,25.8,1,0,0,0,2,1,0
80.05,42.08,21.46,17.25,0,0,0,1,2,0,1
96.86,67.91,18.18,20.14,0,1,0,0,2,0,0
88.91,51.72,11.22,30.72,1,0,0,0,3,1,0
83.92,38.17,19.96,18.47,1,0,0,0,0,1,1
90.86,38.61,14.61,24.53,1,0,0,0,1,1,0
84.54,30.69,24.74,15.08,1,0,0,0,0,1,0
91.01,53.3,9.58,34.84,0,0,1,0,2,0,0
90.6,58.1,12.41,28.25,0,0,1,0,2,0,0
92.37,16.11,34.74,10.86,1,0,0,0,0,1,0
91.73,58.65,11.97,29.12,0,0,1,0,2,0,0
94.21,51.52,5.99,48.06,1,0,0,0,4,0,0
79.49,75.86,33.01,11.42,1,0,0,0,2,1,0
89.43,67.37,20.34,18.15,1,0,0,0,1,0,0
85.82,56.76,15.71,23.0,0,0,1,0,6,0,0
81.27,26.77,29.84,12.59,1,0,0,0,0,1,0
98.19,59.97,10.13,33.34,1,0,0,0,3,0,0
81.75,82.8,37.54,10.07,1,0,0,0,1,0,0
96.49,55.78,6.76,44.6,1,0,0,0,3,1,0
95.21,62.3,13.2,26.79,1,0,0,0,1,1,0
89.48,64.99,18.32,20.0,1,0,0,0,1,1,0
94.8,58.48,9.95,33.82,1,0,0,0,1,1,0
90.08,69.77,22.12,16.77,1,0,0,0,0,1,0
86.75,40.19,16.49,22.01,0,0,1,0,0,0,0
73.02,73.55,35.82,10.54,1,0,0,0,0,1,0
92.61,61.35,13.54,26.21,1,0,0,0,3,1,1
94.35,75.24,25.87,14.45,1,0,0,0,1,1,0
85.38,61.35,18.51,19.81,0,0,1,0,0,0,0
85.19,86.42,39.31,9.62,0,1,0,0,3,0,0
85.54,31.01,23.87,15.61,1,0,0,0,1,1,0
99.05,41.92,8.13,39.34,1,0,0,0,3,1,0
77.64,50.36,22.36,16.6,1,0,0,0,1,0,0
92.48,55.2,9.14,36.11,1,0,0,0,1,1,1
81.02,61.05,21.97,16.88,1,0,0,0,1,1,0
92.78,67.05,18.51,19.81,1,0,0,0,1,1,0
87.3,58.48,15.27,23.58,0,1,0,0,1,0,0
77.83,25.98,32.69,11.53,0,0,1,0,0,0,0
85.36,66.56,22.11,16.78,1,0,0,0,3,0,0
86.4,44.64,14.62,24.51,0,1,0,0,2,0,0
85.57,62.3,18.96,19.37,1,0,0,0,0,1,0
81.87,41.61,19.98,18.45,1,0,0,0,0,1,0
91.17,73.79,25.38,14.72,1,0,0,0,1,1,0
95.41,61.14,12.05,28.96,1,0,0,0,3,1,0
80.73,66.53,25.39,14.71,1,0,0,0,0,0,0
87.37,84.73,36.95,10.23,0,1,0,0,0,0,0
86.14,54.72,14.64,24.49,0,0,1,0,1,0,0
90.81,56.15,11.06,31.08,1,0,0,0,2,1,0
84.02,73.35,28.3,13.26,0,1,0,0,0,0,1
85.88,39.64,17.51,20.84,1,0,0,0,0,1,0
87.22,91.9,43.81,8.65,1,0,0,0,3,1,0
92.2,82.32,33.24,11.34,1,0,0,0,0,1,0
85.33,51.61,14.76,24.3,1,0,0,0,2,1,0
88.24,28.9,24.16,15.43,1,0,0,0,0,1,0
92.96,36.56,15.18,23.71,1,0,0,0,2,1,0
92.19,72.95,24.24,15.38,1,0,0,0,1,1,0
87.46,36.9,18.14,20.18,1,0,0,0,2,1,0
86.85,59.66,16.32,22.22,1,0,0,0,1,0,0
93.64,32.49,18.63,19.69,0,1,0,0,1,0,0
80.75,57.23,20.56,17.96,0,0,0,1,4,0,1
89.44,38.77,15.41,23.39,1,0,0,0,1,1,0
92.83,67.86,19.24,19.11,1,0,0,0,4,1,0
89.71,23.01,28.88,13.0,1,0,0,0,0,1,0
96.31,57.66,8.5,38.11,1,0,0,0,4,0,0
93.19,26.15,24.8,15.04,1,0,0,0,1,1,0
86.96,67.09,21.5,17.23,0,0,1,0,0,0,0
89.3,56.45,12.5,28.08,0,0,0,1,3,0,1
83.51,38.23,20.26,18.21,0,1,0,0,2,0,0
91.48,34.58,17.62,20.73,1,0,0,0,0,1,0
96.5,77.05,27.28,13.73,1,0,0,0,1,0,0
83.69,61.34,19.86,18.55,1,0,0,0,2,1,0
96.03,48.39,4.29,57.25,1,0,0,0,3,0,0
96.47,64.22,14.65,24.47,1,0,0,0,0,0,0
92.11,34.28,17.59,20.76,1,0,0,0,4,1,0
97.3,54.41,5.17,52.18,1,0,0,0,4,1,0
77.96,38.14,25.02,14.92,1,0,0,0,0,1,0
80.42,28.59,29.01,12.94,1,0,0,0,2,1,0
95.75,73.53,23.91,15.58,1,0,0,0,2,1,0
97.39,62.67,12.94,27.26,1,0,0,0,0,1,0
90.69,57.09,11.7,29.68,1,0,0,0,0,1,0
76.16,71.55,32.14,11.72,1,0,0,0,0,0,0
76.81,44.88,23.75,15.68,1,0,0,0,2,1,1
85.84,55.82,15.31,23.53,0,0,0,1,1,0,0
94.68,34.26,16.61,21.86,1,0,0,0,2,1,0
82.75,24.36,30.91,12.17,0,1,0,0,1,0,0
87.42,45.82,13.26,26.69,1,0,0,0,1,1,0
82.29,46.6,18.03,20.29,0,1,0,0,0,0,0
97.67,40.32,9.95,33.82,0,1,0,0,0,0,0
84.46,75.25,29.64,12.67,1,0,0,0,0,0,0
97.4,43.18,7.3,42.41,0,1,0,0,1,0,0
80.25,45.65,20.22,18.25,1,0,0,0,2,1,0
95.31,34.64,16.06,22.54,1,0,0,0,5,0,0
75.03,23.93,36.11,10.46,1,0,0,0,2,1,0
90.47,35.55,17.31,21.07,1,0,0,0,2,1,0
77.02,39.5,25.26,14.78,1,0,0,0,0,1,0
92.7,68.68,20.06,18.39,1,0,0,0,2,0,0
94.39,90.45,40.83,9.27,1,0,0,0,0,1,0
83.95,47.45,16.25,22.31,0,0,1,0,3,0,0
89.96,56.52,11.98,29.1,1,0,0,0,2,1,0
95.51,65.35,16.0,22.62,1,0,0,0,2,0,0
97.06,74.4,24.58,15.18,1,0,0,0,1,0,0
94.87,37.41,13.59,26.13,0,0,1,0,2,0,0
82.6,95.0,48.25,7.87,0,0,0,1,0,0,1
82.03,95.0,48.45,7.83,1,0,0,0,0,1,0
99.54,31.33,18.67,19.65,0,0,1,0,0,0,0
78.39,8.95,46.39,8.18,1,0,0,0,1,1,0
88.18,82.61,34.69,10.88,1,0,0,0,0,1,0
92.19,58.09,11.25,30.66,0,1,0,0,3,0,0
93.91,60.42,12.07,28.91,1,0,0,0,2,1,0
75.31,34.85,28.97,12.96,1,0,0,0,2,1,0
90.44,49.04,9.61,34.76,1,0,0,0,2,1,0
89.39,44.63,11.89,29.28,1,0,0,0,0,1,0
83.55,52.46,16.63,21.84,0,1,0,0,0,0,0
89.47,56.5,12.38,28.31,1,0,0,0,1,1,0
90.21,49.23,9.82,34.16,1,0,0,0,5,1,0
88.68,30.38,22.65,16.4,1,0,0,0,0,1,0
93.06,52.19,7.28,42.47,1,0,0,0,2,1,0
94.46,20.43,30.09,12.49,1,0,0,0,0,1,0
95.41,49.62,4.61,55.34,1,0,0,0,2,1,0
88.36,44.37,12.93,27.28,1,0,0,0,2,1,0
94.75,61.56,12.7,27.7,1,0,0,0,1,1,1
86.17,24.34,29.15,12.88,1,0,0,0,2,1,0
82.96,44.55,17.89,20.44,1,0,0,0,1,1,0
71.73,85.81,45.63,8.31,1,0,0,0,0,1,0
82.03,86.47,40.66,9.31,1,0,0,0,0,1,0
85.5,83.49,36.5,10.35,1,0,0,0,0,1,0
97.75,19.15,30.93,12.16,1,0,0,0,1,1,0
92.88,70.56,21.75,17.04,1,0,0,0,2,1,0
92.19,29.69,21.76,17.03,1,0,0,0,1,1,0
94.14,66.27,17.29,21.08,1,0,0,0,1,1,0
88.38,47.68,11.85,29.37,0,1,0,0,0,0,1
93.89,66.48,17.58,20.77,0,0,1,0,1,0,0
97.27,36.5,13.77,25.83,1,0,0,0,0,0,1
83.89,56.37,17.32,21.05,0,0,1,0,0,0,0
94.07,25.29,25.41,14.7,0,0,1,0,1,0,0
88.05,48.2,12.08,28.88,1,0,0,0,0,1,0
92.26,90.39,41.13,9.21,1,0,0,0,0,1,0
91.77,39.29,13.5,26.28,1,0,0,0,1,0,0
89.82,74.92,26.92,13.91,1,0,0,0,0,1,0
95.67,83.98,34.26,11.01,0,0,0,1,0,0,0
93.45,56.82,9.46,35.18,0,1,0,0,1,0,0
90.55,82.02,33.39,11.29,1,0,0,0,1,0,0
83.17,86.66,40.34,9.38,0,1,0,0,0,0,0
95.28,36.37,14.43,24.8,1,0,0,0,4,1,0
80.91,58.0,20.7,17.85,1,0,0,0,2,1,0
92.09,61.13,13.66,26.02,1,0,0,0,3,0,0
84.71,56.47,16.6,21.88,1,0,0,0,2,0,0
92.08,57.05,10.61,32.15,1,0,0,0,3,1,0
93.0,39.73,12.43,28.2,1,0,0,0,0,1,0
96.53,70.69,20.98,17.63,0,1,0,0,0,0,0
89.78,42.73,12.55,27.98,1,0,0,0,4,1,0
86.09,16.16,36.59,10.33,1,0,0,0,0,1,0
89.69,76.58,28.51,13.16,1,0,0,0,0,1,0
92.48,61.06,13.38,26.49,1,0,0,0,1,1,0
85.42,18.35,34.84,10.83,1,0,0,0,1,1,0
77.12,64.74,27.21,13.76,1,0,0,0,0,1,0
88.89,60.51,15.3,23.54,1,0,0,0,2,1,0
89.7,42.26,12.88,27.36,0,0,1,0,3,0,0
94.46,58.14,9.85,34.1,0,0,1,0,0,0,0
96.67,48.08,3.84,60.05,1,0,0,0,2,1,0
67.79,81.52,45.06,8.42,1,0,0,0,1,0,0
92.35,53.99,8.63,37.69,1,0,0,0,2,1,0
86.4,64.22,19.67,18.72,0,0,0,1,1,0,1
84.5,57.62,17.27,21.11,1,0,0,0,0,1,0
88.59,91.85,43.38,8.74,1,0,0,0,1,1,0
92.06,50.05,7.94,40.01,1,0,0,0,3,1,0
94.36,46.24,6.78,44.52,1,0,0,0,5,1,0
94.07,91.73,42.15,8.99,0,1,0,0,2,0,0
89.54,52.71,10.81,31.67,1,0,0,0,1,1,0
89.66,38.99,15.1,23.82,1,0,0,0,3,1,0
88.99,67.05,20.29,18.19,1,0,0,0,3,1,0
87.13,64.47,19.37,18.99,1,0,0,0,3,0,0
79.49,78.34,34.98,10.79,0,1,0,0,0,0,0
83.42,36.61,21.31,17.37,1,0,0,0,2,1,1
88.14,54.31,12.62,27.85,1,0,0,0,3,1,0
93.57,46.48,7.33,42.3,0,0,1,0,4,0,0
86.08,35.04,20.43,18.07,1,0,0,0,1,0,0
88.61,37.17,17.15,21.24,0,1,0,0,0,0,0
92.55,41.49,11.31,30.52,1,0,0,0,2,1,1
70.01,37.24,32.59,11.56,0,1,0,0,0,0,0
82.49,21.53,33.43,11.28,1,0,0,0,0,1,0
89.73,87.15,38.54,9.81,1,0,0,0,0,1,0
80.87,32.3,26.06,14.35,1,0,0,0,2,1,0
95.43,70.63,21.13,17.51,0,1,0,0,1,0,0
82.22,47.51,17.96,20.37,1,0,0,0,1,1,0
98.0,95.0,45.04,8.42,1,0,0,0,0,0,0
91.0,49.21,9.04,36.42,1,0,0,0,3,1,0
90.21,48.25,9.95,33.83,1,0,0,0,5,1,0
83.52,51.84,16.59,21.9,1,0,0,0,4,1,0
79.19,74.7,32.3,11.66,1,0,0,0,1,1,0
81.11,48.91,18.92,19.41,1,0,0,0,3,0,0
90.9,33.59,18.76,19.56,1,0,0,0,2,1,0
88.36,59.25,14.87,24.14,0,1,0,0,2,0,0
99.11,57.61,7.66,41.02,1,0,0,0,2,1,0
93.21,34.4,17.01,21.4,0,0,1,0,2,0,0
96.47,51.9,4.0,59.01,1,0,0,0,1,0,1
72.34,57.6,28.68,13.08,1,0,0,0,3,1,0
92.15,47.31,8.3,38.78,1,0,0,0,1,1,1
77.71,23.58,34.56,10.92,1,0,0,0,0,1,0
80.56,72.73,29.91,12.56,1,0,0,0,0,0,0
82.27,65.72,23.7,15.71,1,0,0,0,0,1,0
81.02,32.8,25.61,14.59,1,0,0,0,0,0,0
81.41,48.92,18.62,19.7,1,0,0,0,1,1,0
98.32,33.15,16.93,21.49,0,0,0,1,0,0,1
96.89,46.81,4.45,56.26,1,0,0,0,3,1,1
87.05,46.91,13.31,26.6,1,0,0,0,1,1,0
95.65,39.76,11.13,30.93,1,0,0,0,3,1,0
82.24,67.72,25.09,14.88,1,0,0,0,0,1,0
96.39,37.85,12.68,27.74,1,0,0,0,2,1,0
95.85,31.07,19.38,18.98,1,0,0,0,0,1,0
79.86,78.1,34.57,10.91,1,0,0,0,0,1,0
98.36,9.98,40.06,9.45,1,0,0,0,0,1,0
87.79,40.61,15.4,23.41,1,0,0,0,1,0,0
95.9,50.09,4.1,58.38,1,0,0,0,2,1,0
91.9,35.26,16.82,21.62,1,0,0,0,0,1,0
81.85,35.24,23.39,15.91,1,0,0,0,0,1,0
94.71,93.8,44.12,8.59,0,0,1,0,0,0,0
92.56,67.16,18.71,19.61,0,1,0,0,3,0,0
83.57,95.0,47.91,7.92,0,1,0,0,1,0,0
97.75,61.47,11.69,29.7,0,0,0,1,4,0,0
85.03,58.22,17.08,21.32,0,1,0,0,2,0,0
95.11,77.62,28.05,13.37,1,0,0,0,0,1,0
82.78,64.12,22.27,16.66,1,0,0,0,0,1,0
86.73,45.34,14.07,25.36,0,0,1,0,2,0,0
94.54,44.45,7.78,40.58,1,0,0,0,0,1,0
91.7,76.59,27.85,13.46,1,0,0,0,0,0,0
80.62,77.6,33.72,11.18,1,0,0,0,0,1,0
97.28,53.09,4.11,58.32,1,0,0,0,2,1,1
89.46,43.15,12.57,27.95,0,0,1,0,0,0,0
89.73,50.41,10.28,32.96,0,1,0,0,1,0,0
94.4,5.0,45.35,8.36,0,1,0,0,0,0,0
99.77,46.34,3.67,61.2,1,0,0,0,2,1,0
94.43,32.76,18.12,20.2,1,0,0,0,3,0,0
96.84,20.76,29.41,12.77,1,0,0,0,2,1,0
96.63,23.7,26.51,14.12,1,0,0,0,3,1,0
96.96,43.84,6.87,44.14,0,0,1,0,2,0,0
94.53,41.26,10.31,32.88,1,0,0,0,3,1,0
93.02,42.57,10.2,33.17,1,0,0,0,1,1,0
95.82,38.44,12.3,28.46,1,0,0,0,4,1,0
86.32,45.39,14.44,24.78,1,0,0,0,3,1,0
95.63,29.54,20.92,17.68,0,0,1,0,3,0,0
90.86,70.5,22.45,16.54,1,0,0,0,0,1,0
88.72,10.44,41.14,9.2,0,1,0,0,0,0,0
89.73,47.03,10.69,31.94,0,1,0,0,3,0,0
91.34,66.53,18.66,19.66,0,0,0,1,1,0,0
96.26,47.12,4.72,54.71,1,0,0,0,4,0,0
95.71,47.27,5.08,52.68,1,0,0,0,3,1,0
90.95,61.59,14.71,24.39,0,1,0,0,2,0,0
87.88,66.07,20.13,18.32,1,0,0,0,2,1,0
87.28,54.66,13.54,26.21,1,0,0,0,1,1,0
88.01,78.79,31.18,12.07,1,0,0,0,1,1,0
97.1,67.11,17.35,21.02,1,0,0,0,1,0,0
98.99,33.76,16.27,22.28,1,0,0,0,1,0,0
82.69,68.77,25.53,14.63,1,0,0,0,1,0,0
87.17,87.14,39.29,9.63,0,0,1,0,0,0,0
88.15,38.94,16.21,22.36,1,0,0,0,1,1,0
95.78,33.75,16.79,21.65,1,0,0,0,1,1,0
88.11,5.0,46.54,8.15,0,0,0,1,1,0,1
91.54,33.17,18.83,19.49,1,0,0,0,3,0,0
97.87,51.52,2.62,68.57,0,1,0,0,4,0,0
83.23,59.11,19.09,19.25,1,0,0,0,2,0,0
88.32,46.05,12.33,28.4,0,0,1,0,3,0,0
95.45,38.04,12.8,27.51,0,0,1,0,1,0,0
80.43,73.99,30.96,12.15,0,1,0,0,1,0,0
73.73,18.33,41.15,9.2,1,0,0,0,0,1,0
83.77,60.7,19.44,18.93,1,0,0,0,2,1,0
96.18,39.13,11.52,30.05,1,0,0,0,0,1,0
92.91,55.07,8.72,37.39,1,0,0,0,1,0,0
96.65,67.89,18.2,20.12,0,1,0,0,0,0,0
98.69,35.76,14.3,25.0,0,0,1,0,3,0,0
98.2,47.51,3.07,65.29,1,0,0,0,4,1,0
91.7,35.52,16.69,21.77,0,0,1,0,1,0,0
84.25,63.67,20.86,17.72,1,0,0,0,0,1,0
76.41,45.0,24.11,15.46,0,0,1,0,1,0,0
96.01,20.67,29.6,12.69,1,0,0,0,0,1,0
89.51,39.27,15.01,23.95,1,0,0,0,0,0,0
95.94,51.65,4.38,56.69,1,0,0,0,1,1,0
83.23,80.9,35.15,10.74,0,1,0,0,0,0,0
96.42,47.42,4.41,56.49,1,0,0,0,4,1,0
82.15,16.21,38.22,9.9,1,0,0,0,1,1,1
91.39,61.94,14.72,24.37,1,0,0,0,0,1,0
88.25,76.84,29.3,12.82,0,0,0,1,1,0,0
97.62,11.32,38.76,9.76,1,0,0,0,0,1,0
86.77,35.06,19.96,18.47,1,0,0,0,0,1,0
99.14,53.1,3.22,64.21,0,1,0,0,2,0,0
87.32,89.28,41.28,9.17,0,1,0,0,0,0,0
95.62,32.25,18.28,20.04,1,0,0,0,1,1,0
93.13,53.73,7.82,40.45,1,0,0,0,6,1,0
78.64,95.0,49.81,7.62,1,0,0,0,1,1,0
83.37,39.59,19.62,18.77,0,0,1,0,2,0,0
81.88,43.05,19.41,18.96,1,0,0,0,0,1,0
97.6,25.58,24.54,15.2,1,0,0,0,1,0,0
86.68,67.33,21.86,16.96,1,0,0,0,0,0,0
90.59,19.98,31.46,11.96,1,0,0,0,0,0,0
92.82,46.81,7.86,40.3,1,0,0,0,2,1,0
93.61,69.14,20.18,18.28,1,0,0,0,0,0,0
97.94,74.8,24.89,15.0,1,0,0,0,0,1,0
88.67,52.04,11.52,30.07,0,0,1,0,1,0,0
83.96,38.96,19.47,18.9,1,0,0,0,1,1,0
88.2,14.88,37.05,10.2,1,0,0,0,2,0,0
93.45,67.78,18.95,19.39,1,0,0,0,1,1,0
84.84,59.47,17.88,20.45,1,0,0,0,0,1,0
89.64,49.69,10.37,32.75,0,1,0,0,3,0,0
92.14,24.89,26.31,14.22,0,0,1,0,1,0,0
87.32,51.89,12.82,27.47,1,0,0,0,2,1,0
93.82,79.65,30.29,12.41,1,0,0,0,4,1,0
91.38,61.13,14.08,25.34,1,0,0,0,3,0,0
91.86,33.73,18.19,20.13,1,0,0,0,3,1,0
67.35,31.92,37.32,10.13,1,0,0,0,0,1,0
83.84,26.19,28.77,13.04,1,0,0,0,1,1,0
80.62,25.7,31.08,12.11,1,0,0,0,0,1,0
91.55,44.02,10.35,32.79,0,0,0,1,3,0,0
91.39,54.99,9.95,33.82,0,0,0,1,2,0,0
93.46,62.08,13.74,25.88,0,0,1,0,2,0,0
93.06,41.86,10.7,31.93,0,0,1,0,0,0,0
82.73,50.0,17.27,21.11,0,1,0,0,1,0,0
87.97,50.89,12.06,28.92,0,1,0,0,4,0,0
92.75,60.45,12.72,27.65,0,0,0,1,2,0,1
83.5,44.73,17.32,21.05,0,0,0,1,1,0,1
92.46,44.49,9.34,35.53,0,0,0,1,3,0,1
91.99,27.5,23.88,15.6,1,0,0,0,2,1,0
79.35,71.58,29.87,12.58,1,0,0,0,1,0,0
84.72,72.24,26.99,13.88,1,0,0,0,0,1,0
95.48,95.0,45.23,8.39,0,0,1,0,1,0,0
92.66,46.31,8.22,39.06,1,0,0,0,2,1,0
73.94,67.73,31.52,11.94,1,0,0,0,2,0,0
80.35,21.83,34.34,10.99,1,0,0,0,0,1,0
85.17,38.18,18.97,19.37,1,0,0,0,0,1,0
96.83,39.97,10.52,32.37,1,0,0,0,2,1,0
88.89,47.68,11.35,30.44,1,0,0,0,2,1,0
90.53,76.77,28.4,13.21,1,0,0,0,1,1,0
78.09,62.95,25.45,14.68,1,0,0,0,0,1,0
83.94,50.31,16.07,22.54,1,0,0,0,1,1,0
78.0,45.16,22.53,16.49,1,0,0,0,0,0,0
89.99,61.75,15.44,23.36,1,0,0,0,1,1,0
87.2,69.27,23.13,16.08,1,0,0,0,1,0,0
90.19,70.84,23.03,16.14,0,0,0,1,0,0,0
79.73,46.32,20.6,17.93,1,0,0,0,2,1,0
94.17,58.87,10.62,32.12,0,1,0,0,3,0,1
83.33,91.36,44.59,8.5,0,0,0,1,1,0,1
77.59,71.95,31.37,12.0,1,0,0,0,3,1,0
83.36,37.77,20.65,17.89,0,0,1,0,4,0,0
82.51,32.77,24.55,15.19,1,0,0,0,1,1,0
90.72,10.94,40.15,9.43,1,0,0,0,0,1,0
94.42,49.64,5.6,49.99,1,0,0,0,2,0,0
94.83,39.73,11.5,30.1,0,1,0,0,3,0,0
98.68,76.84,26.87,13.93,1,0,0,0,0,1,0
92.23,33.29,18.42,19.89,1,0,0,0,2,1,0
78.47,43.28,22.55,16.47,1,0,0,0,0,0,0
82.94,39.23,20.18,18.28,1,0,0,0,0,1,0
95.83,40.94,9.98,33.75,1,0,0,0,4,0,0
76.65,47.96,23.44,15.87,1,0,0,0,3,1,0
86.88,5.0,46.87,8.09,0,0,0,1,0,0,1
97.55,65.72,15.91,22.73,0,0,1,0,1,0,0
88.96,46.03,11.73,29.61,1,0,0,0,3,1,0
72.38,13.42,45.83,8.28,1,0,0,0,0,1,0
93.29,84.32,34.97,10.79,1,0,0,0,0,1,0
90.43,12.28,38.92,9.72,0,1,0,0,0,0,0
95.65,58.96,9.96,33.8,1,0,0,0,1,0,0
76.55,37.66,26.5,14.12,1,0,0,0,3,0,0
81.53,60.13,21.06,17.56,1,0,0,0,1,1,0
96.2,36.75,13.78,25.82,0,1,0,0,2,0,0
88.7,72.28,24.99,14.94,1,0,0,0,2,0,0
90.1,53.55,10.51,32.38,1,0,0,0,4,1,0
95.61,46.99,5.32,51.4,1,0,0,0,3,1,0
80.63,58.67,21.22,17.44,1,0,0,0,2,0,0
96.07,44.59,6.69,44.9,0,1,0,0,3,0,0
84.55,47.44,15.66,23.06,1,0,0,0,2,1,0
91.38,48.47,8.75,37.29,0,0,1,0,3,0,0
86.0,86.47,39.06,9.68,1,0,0,0,0,1,0
89.86,48.82,10.21,33.15,0,1,0,0,3,0,0
87.44,67.18,21.29,17.39,1,0,0,0,3,0,0
91.75,19.63,31.47,11.96,1,0,0,0,0,0,0
91.14,68.65,20.65,17.89,1,0,0,0,1,1,0
84.47,56.91,16.99,21.42,1,0,0,0,3,0,0
92.26,60.52,13.06,27.04,1,0,0,0,3,0,0
89.06,60.89,15.43,23.36,1,0,0,0,3,0,0
71.23,92.24,51.11,7.43,1,0,0,0,0,1,0
90.18,26.17,25.78,14.5,1,0,0,0,2,0,0
87.4,48.16,12.73,27.64,1,0,0,0,0,1,0
89.65,48.73,10.43,32.58,1,0,0,0,3,1,0
99.15,45.68,4.4,56.56,1,0,0,0,4,1,0
96.94,52.0,3.65,61.28,1,0,0,0,0,1,1
94.45,39.43,11.94,29.17,1,0,0,0,3,0,0
71.63,38.45,30.63,12.28,1,0,0,0,1,0,0
86.84,63.18,18.62,19.7,1,0,0,0,0,0,0
96.81,32.51,17.78,20.56,1,0,0,0,5,0,0
88.55,25.25,27.27,13.74,1,0,0,0,3,1,0
84.5,49.11,15.53,23.24,1,0,0,0,2,1,0
93.53,51.67,6.69,44.92,1,0,0,0,3,1,0
79.68,66.6,26.24,14.25,0,1,0,0,0,0,0
94.39,75.32,25.93,14.42,1,0,0,0,1,1,0
80.95,35.89,23.7,15.71,0,1,0,0,0,0,0
78.06,26.89,31.87,11.82,1,0,0,0,0,0,0
97.95,54.84,5.25,51.76,1,0,0,0,2,1,0
79.48,68.2,27.43,13.66,1,0,0,0,2,0,0
80.76,46.06,19.64,18.75,1,0,0,0,4,1,0
92.76,40.51,11.94,29.18,1,0,0,0,3,1,0
89.1,59.27,14.31,24.98,1,0,0,0,1,1,0
96.74,56.46,7.23,42.66,0,0,0,1,2,0,1
87.19,63.86,18.88,19.45,1,0,0,0,0,0,0
87.14,23.73,29.24,12.84,1,0,0,0,0,0,0
81.32,38.58,21.89,16.94,0,1,0,0,3,0,0
88.75,59.99,15.05,23.9,1,0,0,0,1,1,0
81.06,90.26,44.49,8.52,1,0,0,0,0,1,0
84.16,70.17,25.64,14.57,1,0,0,0,0,1,0
89.88,40.03,14.2,25.14,1,0,0,0,1,1,0
91.12,75.53,27.02,13.86,0,1,0,0,4,0,0
82.24,55.33,18.55,19.77,1,0,0,0,1,1,0
95.2,44.27,7.47,41.74,1,0,0,0,1,0,0
83.53,62.54,20.7,17.85,1,0,0,0,1,0,0
92.75,36.72,15.13,23.77,0,1,0,0,2,0,0
95.78,39.46,11.35,30.43,0,0,0,1,0,0,1
85.74,46.58,14.67,24.44,1,0,0,0,1,0,0
86.98,44.91,13.98,25.49,0,0,1,0,2,0,0
89.2,42.57,13.11,26.96,1,0,0,0,0,1,0
95.22,51.0,4.89,53.77,1,0,0,0,0,1,0
95.38,62.49,13.32,26.59,0,0,1,0,3,0,0
83.9,52.95,16.37,22.16,1,0,0,0,1,1,0
98.15,55.0,5.33,51.37,1,0,0,0,3,1,1
81.04,50.31,18.96,19.37,0,0,1,0,1,0,1
94.95,66.59,17.34,21.03,0,0,1,0,1,0,0
95.91,10.93,39.28,9.63,0,0,1,0,0,0,0
92.69,55.58,9.2,35.94,1,0,0,0,0,1,0
83.47,68.46,24.78,15.06,0,1,0,0,0,0,0
93.47,75.86,26.67,14.04,1,0,0,0,1,0,0
82.69,51.87,17.41,20.95,0,1,0,0,0,0,0
98.46,22.98,27.06,13.84,0,0,1,0,0,0,0
87.86,23.78,28.89,12.99,1,0,0,0,0,1,0
96.52,92.31,42.45,8.92,1,0,0,0,4,1,0
90.75,41.03,12.89,27.36,1,0,0,0,1,1,1
97.21,53.52,4.5,56.01,0,1,0,0,1,0,1
92.84,66.03,17.56,20.79,0,0,1,0,1,0,0
92.93,73.54,24.57,15.18,0,0,1,0,1,0,0
92.13,74.87,26.09,14.34,1,0,0,0,2,1,0
91.35,54.27,9.64,34.65,1,0,0,0,3,1,0
92.58,8.34,42.32,8.95,0,0,0,1,0,0,1
88.44,10.51,41.14,9.2,1,0,0,0,1,1,0
83.84,78.78,33.0,11.42,1,0,0,0,0,1,0
77.14,32.36,28.87,13.0,1,0,0,0,1,0,0
98.27,49.75,1.75,75.32,1,0,0,0,5,1,0
75.23,49.35,24.78,15.06,1,0,0,0,1,1,0
93.91,42.59,9.59,34.81,1,0,0,0,2,0,0
81.94,48.64,18.11,20.21,1,0,0,0,3,1,0
80.0,34.61,25.23,14.8,1,0,0,0,0,1,0
88.84,59.21,14.47,24.74,1,0,0,0,5,1,0
99.25,46.79,3.3,63.69,1,0,0,0,2,1,0
88.7,31.16,21.97,16.88,1,0,0,0,2,1,0
90.17,65.09,18.01,20.32,1,0,0,0,2,1,0
91.62,45.41,9.56,34.9,1,0,0,0,4,1,0
78.52,56.58,22.47,16.53,1,0,0,0,2,0,0
86.88,63.72,18.98,19.35,1,0,0,0,1,1,0
94.28,57.58,9.5,35.07,1,0,0,0,3,1,0
89.35,54.6,11.6,29.88,1,0,0,0,4,0,0
87.91,36.26,18.31,20.01,1,0,0,0,0,1,0
90.94,32.27,19.91,18.51,1,0,0,0,0,1,0
92.24,82.9,33.8,11.16,0,0,0,1,2,0,1
79.54,34.79,25.5,14.65,0,0,0,1,2,0,1
96.58,35.44,14.95,24.03,1,0,0,0,3,1,1
85.24,39.31,18.22,20.1,0,1,0,0,0,0,0
85.9,87.25,39.83,9.5,1,0,0,0,0,1,0
91.49,52.53,8.88,36.9,1,0,0,0,2,0,0
96.26,53.98,5.46,50.68,1,0,0,0,3,0,0
78.26,39.05,24.35,15.31,1,0,0,0,1,1,1
92.1,22.63,28.49,13.17,1,0,0,0,0,1,0
96.04,74.37,24.69,15.11,1,0,0,0,0,1,0
84.39,31.17,24.46,15.25,0,1,0,0,0,0,0
86.74,29.32,24.57,15.18,0,0,0,1,0,0,1
92.51,76.24,27.29,13.73,1,0,0,0,2,0,0
91.31,55.78,10.44,32.56,1,0,0,0,2,1,0
87.4,53.48,13.07,27.02,1,0,0,0,2,1,0
92.91,57.64,10.42,32.61,1,0,0,0,3,1,0
97.27,67.02,17.24,21.14,0,0,1,0,0,0,0
84.75,16.68,36.64,10.31,1,0,0,0,1,1,0
89.14,32.53,20.57,17.96,1,0,0,0,0,0,0
87.51,63.11,18.11,20.21,1,0,0,0,2,1,0
86.4,58.31,15.94,22.7,1,0,0,0,3,1,0
80.53,24.26,32.27,11.67,0,0,1,0,1,0,0
95.58,6.63,43.6,8.69,1,0,0,0,0,1,0
93.36,42.46,10.05,33.57,1,0,0,0,1,1,0
80.8,22.67,33.41,11.29,0,1,0,0,0,0,0
80.42,24.35,32.27,11.67,1,0,0,0,1,1,0
85.93,78.36,31.66,11.89,1,0,0,0,1,1,0
87.49,23.15,29.63,12.68,1,0,0,0,1,1,0
95.66,20.42,29.89,12.57,0,0,1,0,0,0,0
97.83,45.5,4.99,53.17,0,0,0,1,0,0,0
85.02,59.12,17.54,20.81,1,0,0,0,0,1,0
96.07,43.3,7.77,40.62,1,0,0,0,4,1,0
83.15,24.27,30.76,12.23,1,0,0,0,1,1,0
79.52,53.68,20.81,17.77,1,0,0,0,0,0,0
92.92,74.64,25.63,14.58,0,1,0,0,1,0,0
88.58,31.12,22.06,16.81,1,0,0,0,3,0,1
78.13,42.98,22.97,16.19,1,0,0,0,1,1,0
94.07,43.23,9.0,36.54,1,0,0,0,3,1,0
86.58,24.44,28.87,13.0,0,0,1,0,1,0,0
91.84,45.07,9.53,34.97,1,0,0,0,4,1,0
81.19,68.29,26.24,14.25,1,0,0,0,0,1,0
89.15,55.75,12.28,28.49,0,0,1,0,2,0,0
89.52,19.03,32.7,11.52,0,0,0,1,0,0,1
93.68,36.14,15.23,23.64,1,0,0,0,2,1,0
90.11,38.48,15.18,23.7,1,0,0,0,2,1,0
87.09,5.0,46.82,8.1,0,1,0,0,1,0,0
92.57,45.89,8.49,38.15,1,0,0,0,1,1,0
79.75,60.32,22.73,16.35,1,0,0,0,5,1,0
94.29,92.46,42.84,8.84,1,0,0,0,1,1,0
96.08,72.43,22.77,16.32,0,1,0,0,2,0,0
95.19,78.14,28.55,13.14,1,0,0,0,1,1,0
81.22,31.8,26.15,14.3,1,0,0,0,1,0,0
93.52,71.5,22.46,16.53,1,0,0,0,1,1,1
96.46,58.47,9.18,36.0,0,1,0,0,5,0,0
94.43,31.43,19.39,18.97,1,0,0,0,0,1,0
89.3,52.6,11.02,31.18,0,1,0,0,0,0,0
86.7,26.7,26.82,13.96,1,0,0,0,2,0,0
92.46,61.88,14.07,25.35,1,0,0,0,3,0,0
91.45,73.99,25.47,14.67,0,0,1,0,0,0,0
84.22,60.26,18.82,19.5,0,0,0,1,2,0,1
91.6,51.87,8.6,37.78,1,0,0,0,2,0,0
94.31,39.21,12.2,28.66,1,0,0,0,2,1,0
90.38,40.47,13.55,26.2,1,0,0,0,3,1,0
92.84,53.08,7.79,40.55,1,0,0,0,2,1,1
97.25,48.46,3.15,64.69,1,0,0,0,1,1,0
91.41,42.7,11.28,30.59,0,0,1,0,1,0,0
80.29,39.6,22.28,16.66,1,0,0,0,0,1,0
89.46,77.17,29.14,12.89,1,0,0,0,0,1,0
93.15,57.16,9.91,33.92,0,0,0,1,4,0,0
93.78,71.56,22.44,16.55,0,1,0,0,0,0,0
72.47,66.2,31.95,11.79,1,0,0,0,0,1,0
90.21,61.16,14.84,24.19,1,0,0,0,0,1,0
81.17,95.0,48.78,7.78,1,0,0,0,0,1,0
84.18,75.37,29.9,12.57,1,0,0,0,2,1,0
83.86,21.58,32.69,11.53,1,0,0,0,2,1,0
80.86,41.16,21.09,17.55,1,0,0,0,3,0,0
82.05,65.28,23.57,15.79,0,1,0,0,0,0,0
80.16,62.39,23.39,15.91,1,0,0,0,2,1,0
90.99,49.31,9.03,36.43,1,0,0,0,4,1,0
91.07,50.87,8.97,36.63,1,0,0,0,4,1,0
93.92,43.84,8.66,37.61,1,0,0,0,0,0,0
89.52,67.2,20.15,18.31,1,0,0,0,2,0,0
78.74,57.46,22.53,16.48,1,0,0,0,0,1,1
93.55,84.1,34.7,10.87,1,0,0,0,0,1,0
85.07,52.95,15.22,23.66,0,0,1,0,0,0,0
82.51,35.15,22.94,16.2,1,0,0,0,1,1,0
87.37,44.67,13.71,25.93,0,1,0,0,1,0,0
75.31,15.72,42.25,8.97,1,0,0,0,0,0,0
94.07,46.86,6.71,44.81,1,0,0,0,3,1,0
98.78,36.11,13.95,25.55,1,0,0,0,2,0,0
83.58,50.27,16.42,22.1,1,0,0,0,0,1,1
95.35,5.0,45.24,8.38,1,0,0,0,0,1,0
86.31,69.45,23.78,15.66,1,0,0,0,3,1,0
89.96,61.3,15.12,23.79,1,0,0,0,0,1,0
90.48,54.08,10.36,32.77,1,0,0,0,3,1,0
87.38,95.0,46.74,8.12,1,0,0,0,0,1,0
85.16,55.44,15.81,22.87,1,0,0,0,5,0,0
92.38,72.24,23.51,15.83,1,0,0,0,1,1,0
92.44,21.13,29.85,12.59,1,0,0,0,0,0,0
97.07,45.95,5.0,53.12,1,0,0,0,3,1,1
92.62,57.78,10.72,31.87,0,0,1,0,4,0,0
77.56,78.24,36.07,10.47,1,0,0,0,0,1,0
88.17,27.61,25.32,14.75,0,0,0,1,0,0,1
70.77,27.66,36.79,10.27,1,0,0,0,0,1,0
91.82,92.69,43.47,8.72,0,1,0,0,0,0,0
72.71,54.7,27.69,13.54,1,0,0,0,0,1,0
89.6,38.13,15.78,22.9,1,0,0,0,3,0,0
95.6,31.06,19.44,18.93,1,0,0,0,0,1,0
99.22,35.0,15.02,23.93,0,1,0,0,2,0,0
96.09,40.76,10.04,33.59,1,0,0,0,2,1,1
83.23,43.51,17.99,20.34,1,0,0,0,2,0,0
90.48,20.99,30.53,12.32,0,0,1,0,0,0,0
95.85,26.42,23.94,15.56,0,1,0,0,3,0,1
87.73,28.62,24.65,15.13,0,1,0,0,0,0,1
83.09,65.61,23.01,16.16,1,0,0,0,0,1,0
75.02,95.0,51.47,7.38,0,0,1,0,0,0,0
86.89,23.33,29.72,12.64,0,0,1,0,1,0,0
88.89,61.36,15.89,22.76,1,0,0,0,1,1,0
86.55,34.42,20.58,17.95,0,1,0,0,1,0,0
82.36,46.27,18.03,20.29,1,0,0,0,0,1,0
86.05,36.35,19.52,18.86,1,0,0,0,1,0,0
93.72,78.73,29.41,12.77,1,0,0,0,0,1,0
87.53,84.29,36.48,10.36,1,0,0,0,2,0,0
78.23,81.07,37.94,9.97,1,0,0,0,0,1,0
88.03,58.99,14.98,24.0,0,1,0,0,1,0,0
90.27,91.63,42.75,8.86,0,1,0,0,1,0,0
79.21,42.58,22.07,16.81,0,1,0,0,0,0,0
87.97,28.87,24.32,15.33,0,0,1,0,1,0,0
95.15,28.89,21.66,17.11,1,0,0,0,2,1,0
87.28,78.04,30.79,12.22,1,0,0,0,2,1,0
97.65,41.6,8.72,37.39,1,0,0,0,1,1,0
89.06,49.6,10.94,31.35,1,0,0,0,0,1,0
91.83,58.31,11.65,29.78,0,1,0,0,1,0,0
80.92,63.56,23.41,15.9,0,0,0,1,2,0,1
89.8,53.7,10.85,31.56,1,0,0,0,2,1,0
94.16,32.87,18.1,20.22,1,0,0,0,0,0,0
94.8,45.71,6.74,44.67,1,0,0,0,4,1,1
92.07,78.18,29.27,12.83,1,0,0,0,0,0,1
96.12,46.55,5.19,52.08,1,0,0,0,2,1,0
74.46,5.0,51.74,7.34,1,0,0,0,0,0,0
73.92,68.54,32.0,11.77,0,0,1,0,3,0,0
85.33,27.28,27.05,13.85,0,0,1,0,1,0,0
95.39,69.21,19.75,18.65,1,0,0,0,2,1,0
81.72,65.98,24.29,15.35,1,0,0,0,0,1,0
88.64,64.64,18.53,19.79,1,0,0,0,0,1,0
84.69,45.11,16.07,22.54,0,0,1,0,0,0,0
85.13,81.72,35.04,10.77,1,0,0,0,2,1,0
93.47,19.6,31.1,12.1,1,0,0,0,0,1,0
97.63,54.77,5.33,51.36,1,0,0,0,0,1,0
91.95,57.49,10.99,31.24,1,0,0,0,0,0,0
77.87,49.9,22.13,16.76,1,0,0,0,0,1,0
91.99,62.14,14.55,24.62,1,0,0,0,2,1,0
80.98,5.0,48.86,7.77,0,1,0,0,2,0,0
86.96,35.43,19.55,18.83,1,0,0,0,1,1,0
79.07,79.72,36.35,10.39,1,0,0,0,0,1,0
90.64,64.35,17.14,21.26,1,0,0,0,2,0,0
85.55,12.66,40.04,9.45,1,0,0,0,2,1,0
81.71,64.71,23.48,15.85,1,0,0,0,0,1,0
91.71,52.09,8.55,37.94,0,0,1,0,3,0,1
74.77,55.95,25.92,14.42,1,0,0,0,0,1,0
94.94,44.33,7.6,41.27,1,0,0,0,2,1,0
79.68,40.41,22.47,16.52,0,1,0,0,4,0,0
97.32,43.18,7.33,42.29,0,1,0,0,2,0,0
87.79,45.23,13.11,26.95,1,0,0,0,0,1,0
85.84,63.22,19.37,18.99,1,0,0,0,2,0,0
91.83,50.28,8.18,39.18,1,0,0,0,0,0,0
94.51,45.97,6.81,44.39,1,0,0,0,2,0,1
94.04,68.35,19.29,19.07,1,0,0,0,2,0,0
81.02,38.86,22.01,16.85,1,0,0,0,0,1,0
89.43,28.04,24.37,15.3,1,0,0,0,0,0,0
90.49,15.02,36.25,10.42,1,0,0,0,1,0,0
85.52,66.72,22.12,16.77,1,0,0,0,3,1,0
65.5,24.42,42.95,8.82,1,0,0,0,0,1,0
94.43,94.96,45.3,8.37,1,0,0,0,0,1,0
85.42,57.97,16.61,21.86,1,0,0,0,1,1,1
92.09,55.7,9.75,34.35,1,0,0,0,3,0,0
78.77,5.0,49.76,7.63,1,0,0,0,0,1,0
81.48,69.18,26.66,14.04,1,0,0,0,1,1,0
94.97,60.24,11.41,30.3,0,0,1,0,1,0,0
66.44,42.47,34.4,10.97,0,1,0,0,1,0,0
85.71,71.13,25.51,14.64,1,0,0,0,0,1,0
89.76,68.0,20.71,17.85,1,0,0,0,4,1,0
91.0,29.18,22.68,16.38,1,0,0,0,1,1,0
93.14,68.23,19.48,18.89,1,0,0,0,0,0,0
96.24,49.04,3.88,59.83,1,0,0,0,4,1,0
97.84,33.37,16.77,21.68,0,0,1,0,0,0,0
97.59,66.95,17.12,21.28,0,1,0,0,1,0,0
90.84,68.41,20.56,17.97,1,0,0,0,2,1,0
84.68,93.02,45.67,8.31,0,1,0,0,2,0,0
91.27,54.69,9.92,33.91,1,0,0,0,3,0,0
88.24,79.95,32.18,11.71,0,1,0,0,0,0,0
84.32,41.41,17.88,20.45,0,0,0,1,0,0,0
85.72,56.06,15.52,23.25,1,0,0,0,4,1,0
99.71,82.2,32.2,11.7,1,0,0,0,1,0,0
86.12,48.22,13.99,25.48,0,1,0,0,3,0,0
87.76,26.25,26.72,14.01,1,0,0,0,0,1,0
92.64,5.0,45.6,8.32,1,0,0,0,1,1,0
95.09,79.78,30.18,12.46,1,0,0,0,0,0,0
91.31,45.61,9.74,34.4,1,0,0,0,2,0,0
96.58,50.36,3.43,62.74,0,1,0,0,2,0,0
80.91,77.92,33.82,11.15,0,1,0,0,0,0,0
74.4,39.64,27.62,13.57,1,0,0,0,2,1,0
96.5,72.65,22.92,16.22,0,1,0,0,1,0,0
86.62,54.13,14.0,25.46,1,0,0,0,4,1,0
84.24,36.99,20.44,18.07,0,0,0,1,0,0,1
96.39,59.66,10.32,32.87,1,0,0,0,0,1,0
96.21,56.02,7.12,43.14,1,0,0,0,3,1,1
76.88,21.56,36.65,10.31,1,0,0,0,1,0,0
83.02,57.38,18.51,19.81,0,0,0,1,1,0,1
89.55,31.92,20.88,17.71,1,0,0,0,1,1,0
89.44,49.44,10.57,32.24,0,0,1,0,0,0,0
86.38,77.44,30.64,12.28,1,0,0,0,0,0,0
81.2,66.0,24.68,15.11,1,0,0,0,3,1,0
83.72,26.38,28.68,13.08,0,1,0,0,3,0,0
78.25,50.12,21.75,17.04,1,0,0,0,1,1,0
90.45,49.99,9.55,34.91,1,0,0,0,1,1,0
89.17,40.68,14.29,25.0,1,0,0,0,1,1,0
75.43,46.73,24.79,15.05,1,0,0,0,2,1,0
88.81,8.4,43.08,8.8,0,0,1,0,0,0,0
98.94,55.91,6.0,48.0,1,0,0,0,4,1,0
91.99,87.31,38.16,9.91,1,0,0,0,2,1,0
94.61,53.01,6.18,47.19,0,1,0,0,2,0,0
96.81,81.0,31.16,12.08,0,1,0,0,2,0,0
86.13,59.43,16.77,21.68,0,1,0,0,3,0,0
95.57,43.02,8.27,38.87,0,0,1,0,4,0,0
92.8,62.45,14.39,24.86,1,0,0,0,5,1,0
84.67,43.56,16.63,21.85,1,0,0,0,1,1,0
96.91,86.31,36.44,10.37,1,0,0,0,0,1,0
96.88,62.16,12.55,27.97,1,0,0,0,1,1,0
94.92,42.07,9.42,35.28,1,0,0,0,2,1,0
97.5,56.71,7.16,42.95,0,1,0,0,0,0,0
88.62,21.06,31.1,12.1,1,0,0,0,2,0,1
88.64,18.35,33.63,11.21,1,0,0,0,2,1,0
88.56,64.95,18.83,19.5,1,0,0,0,3,1,0
93.88,69.14,20.1,18.35,0,1,0,0,2,0,0
93.21,72.79,23.78,15.66,1,0,0,0,0,1,0
94.65,15.2,35.21,10.72,1,0,0,0,1,0,0
82.82,44.87,17.93,20.4,1,0,0,0,0,1,0
84.31,26.26,28.46,13.19,1,0,0,0,2,1,0
80.62,70.16,27.97,13.41,1,0,0,0,0,1,0
74.73,48.12,25.34,14.74,0,1,0,0,0,0,0
95.13,66.34,17.05,21.36,0,1,0,0,0,0,0
79.7,58.24,21.91,16.93,1,0,0,0,0,1,0
95.95,26.77,23.58,15.79,1,0,0,0,0,1,0
93.48,77.68,28.44,13.19,1,0,0,0,0,0,0
98.38,51.7,2.35,70.58,0,0,1,0,2,0,0
82.64,38.95,20.58,17.95,1,0,0,0,0,0,0
95.97,53.66,5.44,50.79,1,0,0,0,0,1,0
82.71,29.77,26.61,14.06,1,0,0,0,2,0,0
82.54,56.8,18.74,19.59,1,0,0,0,2,1,0
87.04,58.9,15.73,22.97,1,0,0,0,0,1,1
98.93,54.79,4.91,53.62,1,0,0,0,2,1,0
94.76,57.26,8.95,36.67,1,0,0,0,4,1,0
93.05,41.71,10.82,31.64,0,1,0,0,2,0,0
86.2,25.57,28.06,13.37,1,0,0,0,1,0,0
92.14,77.11,28.23,13.29,1,0,0,0,1,1,0
87.46,68.84,22.63,16.41,1,0,0,0,0,1,0
72.84,28.76,34.48,10.94,0,0,0,1,0,0,1
95.56,60.4,11.31,30.53,1,0,0,0,0,1,0
77.67,47.52,22.47,16.52,1,0,0,0,2,0,0
98.87,49.35,1.3,78.96,0,0,0,1,4,0,1
93.97,48.83,6.15,47.32,0,0,1,0,3,0,0
96.29,63.51,14.01,25.44,0,0,0,1,2,0,0
92.44,35.36,16.47,22.03,1,0,0,0,4,1,1
88.52,43.29,13.3,26.62,1,0,0,0,2,1,0
85.62,57.8,16.36,22.17,1,0,0,0,1,1,0
96.08,51.0,4.04,58.76,1,0,0,0,2,0,1
93.23,56.93,9.69,34.53,1,0,0,0,4,0,0
92.27,21.59,29.44,12.76,0,1,0,0,3,0,0
90.06,33.23,19.5,18.88,1,0,0,0,3,1,0
99.06,45.33,4.77,54.43,0,0,0,1,2,0,1
83.38,56.85,17.97,20.35,1,0,0,0,4,1,0
88.75,30.8,22.25,16.68,0,0,1,0,3,0,0
86.3,44.25,14.86,24.17,1,0,0,0,0,0,0
91.38,59.46,12.79,27.52,1,0,0,0,5,0,0
83.81,57.71,17.94,20.39,0,1,0,0,2,0,0
84.93,35.81,20.7,17.85,1,0,0,0,2,0,0
97.18,75.58,25.73,14.52,1,0,0,0,2,0,0
77.81,79.22,36.69,10.3,1,0,0,0,4,1,0
93.33,60.36,12.32,28.41,1,0,0,0,0,1,0
82.77,53.89,17.66,20.68,1,0,0,0,2,1,0
96.08,36.98,13.59,26.13,1,0,0,0,2,1,0
80.04,19.29,36.63,10.32,1,0,0,0,0,0,0
78.03,64.87,26.53,14.11,0,0,0,1,0,0,1
94.08,30.36,20.51,18.01,0,1,0,0,2,0,0
91.26,42.81,11.32,30.5,1,0,0,0,1,1,0
74.63,34.13,29.93,12.56,1,0,0,0,2,1,1
95.41,24.22,26.18,14.29,1,0,0,0,2,0,0
96.35,65.6,16.02,22.6,1,0,0,0,0,1,0
92.41,95.0,45.64,8.31,0,1,0,0,0,0,0
93.25,24.25,26.62,14.06,0,0,0,1,0,0,1
85.75,55.91,15.42,23.37,1,0,0,0,3,1,0
98.62,47.22,3.1,65.04,1,0,0,0,4,1,0
84.41,41.3,17.85,20.48,1,0,0,0,1,0,0
87.45,25.88,27.19,13.78,0,1,0,0,3,0,0
85.9,52.72,14.36,24.91,1,0,0,0,1,1,0
87.19,47.97,12.97,27.2,1,0,0,0,5,1,0
83.38,61.68,20.31,18.17,1,0,0,0,0,1,0
91.53,50.32,8.47,38.19,1,0,0,0,3,0,1
93.76,73.98,24.78,15.06,1,0,0,0,0,1,0
91.3,47.91,8.94,36.71,1,0,0,0,0,0,0
88.25,34.71,19.28,19.07,0,0,1,0,0,0,0
91.86,56.23,10.25,33.04,0,0,1,0,1,0,0
88.12,63.52,18.0,20.32,0,1,0,0,3,0,0
91.79,43.04,10.76,31.78,1,0,0,0,0,0,0
94.31,42.25,9.62,34.72,1,0,0,0,2,1,0
90.26,64.71,17.64,20.7,1,0,0,0,0,1,0
91.02,67.9,20.03,18.41,1,0,0,0,2,1,0
93.14,68.66,19.89,18.53,1,0,0,0,2,1,0
98.71,35.43,14.63,24.5,1,0,0,0,0,0,0
92.23,42.07,11.1,30.99,1,0,0,0,2,1,0
79.18,37.7,24.18,15.41,0,0,0,1,4,0,0
81.12,27.42,29.44,12.76,1,0,0,0,1,1,0
83.71,44.51,17.19,21.2,1,0,0,0,0,0,0
94.9,40.9,10.43,32.59,1,0,0,0,3,1,0
83.04,56.48,18.15,20.17,0,0,1,0,2,0,0
85.87,41.99,16.24,22.32,0,1,0,0,0,0,0
94.37,46.47,6.64,45.12,1,0,0,0,2,0,0
97.63,58.8,9.12,36.18,0,1,0,0,2,0,0
90.93,28.8,23.06,16.12,0,0,1,0,0,0,0
86.18,74.19,27.86,13.46,1,0,0,0,0,1,0
88.19,49.83,11.82,29.43,1,0,0,0,3,1,0
88.43,62.44,16.99,21.42,1,0,0,0,0,0,0
87.77,61.58,16.84,21.6,0,0,1,0,2,0,0
88.48,47.3,11.84,29.39,1,0,0,0,0,1,0
91.75,18.77,32.3,11.66,1,0,0,0,3,1,0
88.93,55.01,12.15,28.76,1,0,0,0,1,1,1
82.65,30.07,26.43,14.16,1,0,0,0,1,1,0
97.88,37.15,13.03,27.1,1,0,0,0,3,0,1
90.89,53.44,9.74,34.4,1,0,0,0,1,0,0
92.67,60.66,12.93,27.27,1,0,0,0,1,0,0
83.22,60.44,19.77,18.64,1,0,0,0,1,0,0
89.98,16.66,34.82,10.84,1,0,0,0,1,1,0
94.18,21.4,29.18,12.87,1,0,0,0,3,1,0
95.8,76.09,26.43,14.16,1,0,0,0,0,1,0
83.83,48.03,16.29,22.25,0,1,0,0,2,0,0
86.31,54.02,14.27,25.04,0,0,1,0,1,0,0
84.76,43.24,16.67,21.8,0,1,0,0,1,0,0
87.29,58.14,15.09,23.84,1,0,0,0,1,0,0
85.38,76.35,30.13,12.47,1,0,0,0,0,1,0
93.74,22.52,28.19,13.31,0,0,1,0,4,0,0
95.35,42.01,9.25,35.79,1,0,0,0,0,1,1
80.18,31.74,26.95,13.89,0,0,1,0,3,0,0
83.91,49.8,16.09,22.51,0,0,1,0,0,0,0
94.94,45.92,6.5,45.74,0,1,0,0,3,0,0
96.97,20.62,29.53,12.72,1,0,0,0,2,1,0
91.71,69.87,21.53,17.21,1,0,0,0,0,1,0
88.77,57.21,13.34,26.55,1,0,0,0,2,1,0
91.61,36.32,16.04,22.57,1,0,0,0,2,1,0
89.92,5.47,45.66,8.31,1,0,0,0,0,1,0
93.2,66.9,18.22,20.1,1,0,0,0,1,1,0
88.84,88.68,40.26,9.4,0,0,1,0,0,0,1
91.42,59.1,12.51,28.06,1,0,0,0,1,0,0
83.38,32.78,23.93,15.57,1,0,0,0,1,0,0
98.71,51.59,2.05,72.92,1,0,0,0,2,1,0
86.3,95.0,47.04,8.07,1,0,0,0,0,0,0
95.17,42.61,8.82,37.07,1,0,0,0,2,1,0
98.85,17.69,32.33,11.65,1,0,0,0,0,1,1
93.73,78.28,28.96,12.96,1,0,0,0,0,1,0
92.31,83.12,34.0,11.09,1,0,0,0,0,0,0
90.5,31.82,20.52,18.0,1,0,0,0,2,1,0
93.88,34.19,16.95,21.47,0,0,0,1,1,0,0
93.37,47.31,7.15,42.99,1,0,0,0,1,1,1
90.63,45.76,10.28,32.96,0,1,0,0,3,0,0
82.83,29.67,26.61,14.06,1,0,0,0,1,1,0
91.18,50.45,8.83,37.06,1,0,0,0,2,0,0
92.47,46.85,8.16,39.25,0,0,1,0,3,0,0
91.15,45.25,10.04,33.58,0,1,0,0,1,0,0
71.41,60.22,30.36,12.39,1,0,0,0,0,0,0
94.86,40.63,10.69,31.95,0,0,0,1,1,0,1
97.25,37.21,13.09,27.0,1,0,0,0,2,0,0
96.57,61.29,11.8,29.46,1,0,0,0,0,1,0
96.34,57.89,8.7,37.47,1,0,0,0,1,0,0
92.32,21.05,29.95,12.55,1,0,0,0,2,1,0
98.84,31.88,18.16,20.16,1,0,0,0,0,1,0
90.97,76.67,28.16,13.32,1,0,0,0,1,0,0
84.98,53.11,15.34,23.5,0,1,0,0,0,0,0
78.95,65.65,26.23,14.26,1,0,0,0,1,1,0
91.63,51.84,8.57,37.87,1,0,0,0,4,0,0
85.05,41.53,17.18,21.21,1,0,0,0,0,1,0
94.65,33.82,17.04,21.36,1,0,0,0,0,1,0
85.51,59.04,17.08,21.32,1,0,0,0,3,0,0
82.91,54.32,17.63,20.72,1,0,0,0,0,1,1
93.85,24.02,26.7,14.02,0,1,0,0,0,0,0
90.28,94.81,45.86,8.27,1,0,0,0,1,1,0
87.2,92.0,43.9,8.63,0,1,0,0,1,0,0
94.17,45.08,7.63,41.14,1,0,0,0,2,1,0
87.84,21.99,30.54,12.31,1,0,0,0,0,0,0
84.36,12.71,40.44,9.36,1,0,0,0,0,1,0
95.23,46.96,5.66,49.67,1,0,0,0,2,1,0
88.11,34.19,19.79,18.62,1,0,0,0,1,1,0
84.16,42.4,17.57,20.78,1,0,0,0,2,1,1
88.18,95.0,46.53,8.15,1,0,0,0,0,0,0
86.55,15.22,37.29,10.14,1,0,0,0,0,1,0
81.81,32.74,25.08,14.89,1,0,0,0,0,1,0
94.27,64.59,15.67,23.04,1,0,0,0,1,1,0
91.72,58.87,12.13,28.79,0,0,1,0,3,0,0
84.59,51.08,15.45,23.34,1,0,0,0,2,1,0
92.85,36.26,15.48,23.29,1,0,0,0,0,1,0
86.14,50.47,13.87,25.68,1,0,0,0,3,0,0
74.63,70.9,32.87,11.47,1,0,0,0,0,1,0
90.82,19.28,32.06,11.75,1,0,0,0,0,1,0
86.28,42.2,15.79,22.89,1,0,0,0,1,0,0
84.38,55.37,16.52,21.98,0,0,0,1,0,0,1
97.01,29.54,20.68,17.87,1,0,0,0,1,1,0
95.5,65.16,15.81,22.86,1,0,0,0,0,0,0
90.31,21.53,30.07,12.5,0,1,0,0,0,0,0
87.84,51.95,12.31,28.43,1,0,0,0,1,1,0
84.29,62.37,20.0,18.44,0,0,0,1,2,0,0
86.24,35.27,20.15,18.3,1,0,0,0,1,1,0
87.72,42.7,14.29,25.01,1,0,0,0,0,1,0
89.64,54.51,11.3,30.54,1,0,0,0,1,1,0
91.35,60.32,13.46,26.35,1,0,0,0,2,1,1
76.85,21.11,37.03,10.21,0,0,0,1,2,0,1
94.31,70.91,21.67,17.1,0,0,0,1,1,0,1
86.89,91.25,43.28,8.76,0,0,1,0,0,0,0
91.96,57.38,10.92,31.41,1,0,0,0,4,1,0
83.57,35.51,21.91,16.93,1,0,0,0,3,0,0
87.14,30.65,23.23,16.01,1,0,0,0,2,1,0
88.01,28.77,24.39,15.29,1,0,0,0,0,1,0
91.56,32.86,19.11,19.24,1,0,0,0,2,1,0
91.03,42.63,11.61,29.87,0,1,0,0,0,0,0
92.12,85.81,36.67,10.3,1,0,0,0,0,1,0
71.28,65.81,32.79,11.49,0,0,1,0,0,0,0
96.03,47.29,4.81,54.21,0,0,1,0,0,0,0
90.44,46.59,10.15,33.29,1,0,0,0,2,1,0
76.34,69.78,30.84,12.2,0,0,0,1,2,0,1
89.53,30.27,22.34,16.62,0,1,0,0,1,0,0
87.04,49.32,12.98,27.19,1,0,0,0,0,1,0
87.41,58.43,15.16,23.74,1,0,0,0,2,1,0
94.53,58.17,9.83,34.14,1,0,0,0,4,1,0
97.68,45.07,5.45,50.75,1,0,0,0,3,1,0
91.58,55.3,9.94,33.84,0,0,0,1,4,0,0
83.79,86.18,39.65,9.54,1,0,0,0,0,1,0
86.2,66.82,21.76,17.03,1,0,0,0,0,1,0
96.64,82.94,33.11,11.38,1,0,0,0,3,1,0
83.8,58.76,18.42,19.9,1,0,0,0,1,0,0
81.85,29.74,27.2,13.77,0,0,1,0,0,0,0
88.63,36.88,17.36,21.01,1,0,0,0,0,0,0
91.12,79.95,31.24,12.05,1,0,0,0,1,0,0
80.76,32.09,26.29,14.23,1,0,0,0,3,1,0
88.98,47.92,11.22,30.72,1,0,0,0,3,1,0
87.09,45.81,13.57,26.16,0,1,0,0,4,0,0
69.51,45.65,30.8,12.21,1,0,0,0,3,1,0
95.87,47.49,4.83,54.05,0,0,0,1,4,0,1
91.65,50.29,8.36,38.59,1,0,0,0,2,0,0
82.24,76.8,32.15,11.72,0,0,1,0,0,0,0
82.04,44.88,18.67,19.65,0,0,1,0,0,0,0
68.54,66.31,35.43,10.66,1,0,0,0,1,0,0
78.4,57.62,22.9,16.23,1,0,0,0,0,1,0
97.96,63.61,13.77,25.84,0,0,0,1,2,0,1
89.64,6.24,44.97,8.43,0,1,0,0,1,0,0
84.75,79.43,33.14,11.37,1,0,0,0,0,0,0
84.85,41.82,17.22,21.16,1,0,0,0,3,0,0
89.48,64.7,18.08,20.24,0,1,0,0,1,0,0
74.57,62.7,28.42,13.2,1,0,0,0,0,0,0
84.66,78.74,32.58,11.57,0,0,0,1,0,0,0
83.39,62.79,20.96,17.64,0,0,0,1,2,0,0
99.04,52.42,2.61,68.65,1,0,0,0,6,1,0
89.35,44.03,12.21,28.63,0,1,0,0,2,0,0
90.05,55.22,11.23,30.69,0,0,1,0,3,0,0
88.5,25.63,26.95,13.9,1,0,0,0,1,1,0
76.71,51.01,23.31,15.96,1,0,0,0,1,0,0
86.88,53.16,13.5,26.29,1,0,0,0,4,0,0
96.59,57.9,8.61,37.76,1,0,0,0,1,1,0
88.51,50.83,11.52,30.05,1,0,0,0,1,1,0
89.68,57.81,12.94,27.25,1,0,0,0,1,1,0
96.63,81.73,31.91,11.8,1,0,0,0,0,0,0
97.88,57.7,7.98,39.86,1,0,0,0,4,0,0
94.13,61.67,13.06,27.03,0,1,0,0,2,0,0
85.94,31.26,23.43,15.88,1,0,0,0,2,0,0
90.94,86.54,37.65,10.04,1,0,0,0,0,1,1
95.66,41.0,9.99,33.72,1,0,0,0,2,0,0
78.77,68.65,28.26,13.28,1,0,0,0,3,1,0
77.1,51.23,22.94,16.21,1,0,0,0,0,1,0
90.76,52.92,9.69,34.52,0,0,0,1,1,0,1
98.57,55.12,5.31,51.44,1,0,0,0,3,1,0
86.63,90.79,42.92,8.83,1,0,0,0,1,0,0
93.43,54.38,7.89,40.18,1,0,0,0,4,1,0
81.57,39.99,20.97,17.64,1,0,0,0,0,1,0
91.09,41.91,12.04,28.98,1,0,0,0,0,1,0
91.07,44.06,10.72,31.87,0,0,0,1,3,0,1
80.27,73.41,30.61,12.29,1,0,0,0,1,1,0
91.66,46.41,9.08,36.29,1,0,0,0,3,1,1
98.92,55.66,5.77,49.15,1,0,0,0,3,1,0
72.51,62.41,30.16,12.46,1,0,0,0,0,1,0
89.68,38.0,15.83,22.84,1,0,0,0,1,1,0
88.8,36.01,17.92,20.4,1,0,0,0,4,1,1
90.37,55.0,10.86,31.55,1,0,0,0,5,1,0
79.81,50.01,20.19,18.28,0,0,1,0,2,0,0
89.68,48.81,10.39,32.69,0,1,0,0,4,0,0
81.61,76.04,31.88,11.81,0,1,0,0,0,0,0
94.36,39.05,12.32,28.43,1,0,0,0,0,1,0
81.52,36.8,22.71,16.36,1,0,0,0,1,1,0
97.4,63.48,13.73,25.9,1,0,0,0,1,0,0
83.88,67.31,23.66,15.74,1,0,0,0,0,1,0
96.0,43.33,7.78,40.59,0,0,1,0,2,0,0
71.26,56.2,29.4,12.78,1,0,0,0,0,0,0
91.38,32.06,19.9,18.52,1,0,0,0,0,1,0
83.29,34.33,22.91,16.23,1,0,0,0,1,1,0
85.46,56.92,16.1,22.49,1,0,0,0,0,1,0
96.24,63.16,13.69,25.97,1,0,0,0,4,1,0
88.33,48.97,11.72,29.63,0,0,1,0,3,0,0
86.2,19.96,33.06,11.4,1,0,0,0,0,1,0
94.63,71.51,22.17,16.74,0,1,0,0,2,0,0
91.75,52.62,8.65,37.61,1,0,0,0,2,1,0
97.85,58.44,8.71,37.44,1,0,0,0,2,0,0
85.46,52.14,14.7,24.39,1,0,0,0,3,1,0
79.05,60.35,23.37,15.92,0,1,0,0,3,0,0
93.55,38.34,13.33,26.58,0,1,0,0,4,0,0
92.71,32.73,18.74,19.58,1,0,0,0,0,1,0
93.9,61.3,12.84,27.44,0,0,1,0,1,0,0
85.2,38.24,18.9,19.43,1,0,0,0,1,1,0
99.76,29.63,20.37,18.12,1,0,0,0,2,1,0
89.05,78.89,30.89,12.18,1,0,0,0,0,1,0
89.52,70.87,23.35,15.93,1,0,0,0,1,0,0
97.4,71.11,21.27,17.41,1,0,0,0,0,0,0
88.14,69.28,22.63,16.41,0,0,1,0,2,0,0
95.79,30.66,19.79,18.62,1,0,0,0,0,1,0
79.25,50.89,20.77,17.79,1,0,0,0,2,1,0
84.68,50.55,15.33,23.5,1,0,0,0,1,1,0
91.98,25.79,25.5,14.65,1,0,0,0,2,1,0
98.68,39.49,10.59,32.18,1,0,0,0,2,1,0
87.11,57.64,14.99,23.98,1,0,0,0,3,0,0
83.94,71.34,26.7,14.02,1,0,0,0,1,0,0
91.81,48.1,8.41,38.4,1,0,0,0,1,1,0
96.55,65.58,15.95,22.68,1,0,0,0,5,1,0
93.82,71.82,22.67,16.38,1,0,0,0,1,1,0
87.85,73.03,26.04,14.36,0,0,0,1,0,0,1
89.45,95.0,46.22,8.21,1,0,0,0,0,1,0
82.63,22.67,32.38,11.63,1,0,0,0,1,1,0
77.56,50.97,22.46,16.53,1,0,0,0,2,0,0
94.71,43.83,8.13,39.35,1,0,0,0,3,0,0
82.42,43.69,18.68,19.64,1,0,0,0,1,1,0
91.35,35.45,16.93,21.5,1,0,0,0,1,1,0
89.48,30.97,21.75,17.04,1,0,0,0,2,0,0
94.79,79.37,29.83,12.6,1,0,0,0,4,1,0
93.64,20.85,29.84,12.6,1,0,0,0,1,1,0
77.93,47.04,22.27,16.66,1,0,0,0,2,1,0
95.33,77.41,27.81,13.48,1,0,0,0,2,0,0
88.22,48.3,11.9,29.26,1,0,0,0,0,1,0
75.37,20.38,38.52,9.82,1,0,0,0,0,1,0
85.89,56.36,15.48,23.3,1,0,0,0,3,0,0
93.12,19.97,30.81,12.21,0,0,1,0,0,0,0
79.67,37.6,23.81,15.64,0,1,0,0,1,0,0
87.57,29.88,23.65,15.74,1,0,0,0,0,1,0
86.03,60.46,17.45,20.91,0,0,0,1,3,0,1
92.86,74.88,25.89,14.44,1,0,0,0,0,1,1
95.05,76.54,26.99,13.87,0,1,0,0,1,0,0
85.44,64.36,20.45,18.06,1,0,0,0,3,1,0
85.81,66.88,22.05,16.82,1,0,0,0,0,1,1
87.31,63.22,18.33,19.99,1,0,0,0,2,0,0
96.17,83.68,33.9,11.13,1,0,0,0,2,1,0
93.25,71.55,22.59,16.44,1,0,0,0,3,0,0
97.5,71.49,21.64,17.12,0,1,0,0,2,0,0
95.77,56.23,7.53,41.53,1,0,0,0,3,0,0
94.25,6.47,43.91,8.63,1,0,0,0,2,0,0
90.62,44.73,10.76,31.79,1,0,0,0,1,1,0
81.85,50.83,18.16,20.15,1,0,0,0,2,0,0
95.13,62.82,13.71,25.93,0,1,0,0,1,0,0
80.99,43.07,20.24,18.23,0,1,0,0,2,0,0
85.91,40.65,16.91,21.52,1,0,0,0,0,1,0
84.24,46.99,16.04,22.56,1,0,0,0,0,0,1
80.53,40.51,21.66,17.11,1,0,0,0,4,1,0
84.22,74.03,28.74,13.06,1,0,0,0,0,0,0
94.14,62.64,13.93,25.57,1,0,0,0,2,1,0
90.68,95.0,45.95,8.25,0,0,1,0,2,0,0
74.25,59.17,27.33,13.71,1,0,0,0,0,1,0
82.0,41.86,19.75,18.65,0,1,0,0,0,0,0
97.12,44.63,6.09,47.59,1,0,0,0,2,1,0
81.68,39.77,20.98,17.63,1,0,0,0,3,1,0
85.75,93.07,45.37,8.36,1,0,0,0,0,0,0
90.36,43.63,11.56,29.98,0,1,0,0,2,0,0
95.1,37.6,13.33,26.57,1,0,0,0,1,1,0
91.96,53.56,8.79,37.18,1,0,0,0,3,0,0
89.72,29.24,23.16,16.06,1,0,0,0,0,1,0
93.24,39.44,12.54,28.0,1,0,0,0,3,1,0
89.72,68.93,21.54,17.2,1,0,0,0,1,1,0
94.76,92.39,42.71,8.87,1,0,0,0,0,1,0
84.32,32.0,23.87,15.6,1,0,0,0,4,1,0
83.82,62.23,20.28,18.2,1,0,0,0,2,1,0
91.33,33.5,18.64,19.68,1,0,0,0,2,0,0
94.22,56.5,8.69,37.48,1,0,0,0,1,1,0
96.09,86.97,37.18,10.17,1,0,0,0,1,1,0
76.65,33.01,28.88,13.0,1,0,0,0,1,1,0
91.92,44.4,9.83,34.14,0,1,0,0,1,0,0
80.09,46.62,20.2,18.26,1,0,0,0,1,0,0
96.32,21.98,28.26,13.27,1,0,0,0,0,1,0
89.46,24.17,27.9,13.44,1,0,0,0,1,1,0
96.8,40.05,10.45,32.54,1,0,0,0,2,1,0
89.13,33.33,19.9,18.52,1,0,0,0,0,1,0
86.94,54.3,13.75,25.86,1,0,0,0,0,0,0
97.72,57.02,7.39,42.07,1,0,0,0,4,0,0
75.08,47.18,25.08,14.89,1,0,0,0,2,0,0
92.42,73.7,24.89,15.0,0,0,0,1,0,0,1
94.24,77.82,28.41,13.21,1,0,0,0,0,1,0
77.89,79.55,36.91,10.24,1,0,0,0,0,1,0
88.12,49.8,11.88,29.29,1,0,0,0,1,0,0
94.69,57.15,8.9,36.83,1,0,0,0,5,0,1
88.28,61.63,16.52,21.98,1,0,0,0,2,1,0
79.96,19.63,36.38,10.38,1,0,0,0,0,0,0
96.07,10.22,39.98,9.47,1,0,0,0,0,1,0
81.48,65.99,24.47,15.24,1,0,0,0,2,0,0
95.34,64.95,15.66,23.06,1,0,0,0,2,1,0
87.9,51.76,12.22,28.61,1,0,0,0,0,0,0
83.84,41.61,18.21,20.11,0,0,1,0,2,0,0
93.17,57.09,9.84,34.12,1,0,0,0,3,1,0
82.1,45.26,18.51,19.8,1,0,0,0,0,1,0
91.94,59.16,12.2,28.66,1,0,0,0,2,1,0
86.73,39.04,17.21,21.18,1,0,0,0,4,1,0
91.44,52.46,8.91,36.82,1,0,0,0,0,1,0
88.1,29.4,23.79,15.65,0,1,0,0,0,0,0
90.46,54.23,10.44,32.57,1,0,0,0,2,1,0
84.91,62.92,19.87,18.55,0,1,0,0,1,0,0
80.17,73.67,30.88,12.18,0,1,0,0,0,0,0
78.97,59.68,23.15,16.06,1,0,0,0,3,1,0
91.2,45.46,9.91,33.94,0,0,1,0,1,0,0
93.18,41.73,10.72,31.88,0,1,0,0,0,0,0
97.29,54.42,5.19,52.11,1,0,0,0,2,0,0
91.99,33.45,18.39,19.93,0,0,1,0,3,0,0
84.97,51.92,15.15,23.75,0,1,0,0,0,0,0
80.06,47.75,20.06,18.38,1,0,0,0,1,0,0
84.04,44.65,16.83,21.61,0,1,0,0,1,0,0
88.79,24.59,27.77,13.5,1,0,0,0,2,1,0
81.97,47.72,18.17,20.14,0,1,0,0,0,0,0
93.47,38.33,13.37,26.5,1,0,0,0,2,0,0
88.06,57.63,14.17,25.2,0,1,0,0,0,0,0
88.26,38.89,16.16,22.41,1,0,0,0,0,1,0
89.7,60.03,14.38,24.88,1,0,0,0,1,1,0
93.03,54.7,8.4,38.43,1,0,0,0,2,0,0
84.42,70.87,26.04,14.36,0,1,0,0,0,0,0
86.8,58.76,15.84,22.82,1,0,0,0,1,0,0
77.87,48.08,22.21,16.7,0,1,0,0,4,0,0
96.31,77.09,27.34,13.7,1,0,0,0,1,0,0
97.93,39.62,10.58,32.21,1,0,0,0,3,1,0
81.58,57.56,19.91,18.52,1,0,0,0,2,1,0
90.62,52.1,9.61,34.75,1,0,0,0,4,1,0
94.41,44.72,7.69,40.92,0,1,0,0,0,0,1
89.92,77.31,29.11,12.9,1,0,0,0,0,1,0
94.08,29.16,21.66,17.11,1,0,0,0,2,0,0
74.96,51.18,25.07,14.89,1,0,0,0,3,0,0
85.18,82.36,35.59,10.61,0,0,1,0,3,0,0
92.34,43.6,9.98,33.74,1,0,0,0,2,1,0
90.83,69.21,21.29,17.39,1,0,0,0,1,0,0
75.64,78.27,37.32,10.13,1,0,0,0,0,0,0
91.51,51.74,8.67,37.56,1,0,0,0,1,1,0
87.84,16.7,35.45,10.65,0,1,0,0,2,0,0
88.08,53.25,12.36,28.35,1,0,0,0,1,1,0
89.59,34.42,18.73,19.59,1,0,0,0,1,1,1
69.0,17.37,45.01,8.43,1,0,0,0,0,1,0
97.53,54.13,4.81,54.18,1,0,0,0,3,1,0
94.6,42.56,9.19,35.95,0,0,1,0,0,0,0
73.81,18.85,40.7,9.3,0,0,1,0,0,0,0
78.27,24.79,33.28,11.33,1,0,0,0,1,0,0
86.76,47.66,13.45,26.37,0,1,0,0,2,0,0
79.09,70.3,29.14,12.89,1,0,0,0,0,0,0
83.6,35.6,21.83,16.99,1,0,0,0,0,1,0
92.59,24.09,26.95,13.9,1,0,0,0,0,1,0
92.31,41.81,11.23,30.69,0,0,1,0,0,0,1
94.53,48.86,5.59,50.03,1,0,0,0,1,1,0
88.86,55.6,12.47,28.14,1,0,0,0,0,1,0
91.59,78.96,30.15,12.47,0,0,1,0,0,0,0
94.8,32.78,17.98,20.34,0,1,0,0,2,0,0
71.33,54.56,29.03,12.93,1,0,0,0,2,1,0
86.24,64.31,19.85,18.56,0,1,0,0,4,0,0
85.61,32.62,22.56,16.46,1,0,0,0,3,1,0
95.38,77.02,27.41,13.67,1,0,0,0,0,1,0
78.68,48.43,21.38,17.32,1,0,0,0,1,0,0
86.29,35.27,20.12,18.33,1,0,0,0,1,0,0
97.7,65.57,15.74,22.96,1,0,0,0,0,1,0
89.7,37.86,15.92,22.72,1,0,0,0,3,1,0
83.63,46.12,16.83,21.61,1,0,0,0,1,1,0
90.17,61.12,14.84,24.19,1,0,0,0,3,1,0
84.99,30.24,24.81,15.04,1,0,0,0,0,0,0
92.38,68.22,19.75,18.66,1,0,0,0,0,1,0
98.41,25.84,24.21,15.4,1,0,0,0,2,0,0
90.51,41.61,12.67,27.76,1,0,0,0,2,0,0
76.38,52.92,23.8,15.65,1,0,0,0,0,1,0
84.56,61.09,19.0,19.33,1,0,0,0,0,1,0
80.14,56.62,20.94,17.66,1,0,0,0,2,1,0
94.14,53.43,6.79,44.46,1,0,0,0,2,1,0
85.53,57.92,16.5,22.01,1,0,0,0,3,0,0
88.98,48.89,11.07,31.05,1,0,0,0,1,1,0
87.31,49.26,12.71,27.68,1,0,0,0,1,1,1
91.12,48.13,9.07,36.3,1,0,0,0,1,0,0
80.15,15.75,39.59,9.56,1,0,0,0,0,0,0
82.45,69.3,26.08,14.34,1,0,0,0,1,1,0
94.89,51.13,5.23,51.88,0,1,0,0,2,0,0
89.35,83.39,35.04,10.77,0,0,1,0,0,0,0
88.1,61.61,16.63,21.85,0,0,1,0,0,0,0
93.35,52.53,7.11,43.16,1,0,0,0,0,0,0
87.11,49.06,12.93,27.28,1,0,0,0,0,1,1
97.33,61.64,11.95,29.17,0,1,0,0,4,0,0
84.35,43.48,16.95,21.46,1,0,0,0,2,1,0
77.62,47.68,22.5,16.5,0,0,0,1,0,0,0
94.89,50.91,5.19,52.08,1,0,0,0,2,1,0
81.31,23.77,32.21,11.69,1,0,0,0,0,0,0
94.23,25.58,25.09,14.88,1,0,0,0,2,1,0
72.03,32.81,32.83,11.48,0,0,0,1,0,0,1
91.7,76.93,28.18,13.31,1,0,0,0,0,0,0
94.93,60.24,11.42,30.27,1,0,0,0,2,1,0
92.99,58.46,10.99,31.25,0,0,1,0,2,0,0
87.38,65.52,20.0,18.43,1,0,0,0,2,1,0
91.47,54.79,9.79,34.27,1,0,0,0,1,1,0
92.3,85.93,36.75,10.28,0,1,0,0,2,0,0
97.3,42.96,7.54,41.47,1,0,0,0,3,1,0
85.07,60.69,18.36,19.96,1,0,0,0,0,1,0
78.35,53.88,21.99,16.86,0,0,1,0,2,0,0
76.19,64.95,28.11,13.34,1,0,0,0,1,1,0
87.55,60.23,16.11,22.48,1,0,0,0,0,1,0
86.33,70.83,24.92,14.98,1,0,0,0,3,0,0
94.67,20.51,29.97,12.54,1,0,0,0,0,1,0
91.68,23.51,27.76,13.5,0,1,0,0,1,0,1
74.11,22.84,37.52,10.07,0,1,0,0,0,0,0
89.57,29.75,22.78,16.31,0,1,0,0,1,0,0
83.05,58.64,19.02,19.31,1,0,0,0,1,1,0
87.13,39.17,16.82,21.62,0,0,1,0,0,0,0
81.74,54.6,18.83,19.5,1,0,0,0,2,1,0
67.49,60.02,34.02,11.09,1,0,0,0,0,1,0
93.76,51.28,6.37,46.3,0,1,0,0,1,0,0
79.3,56.76,21.78,17.02,1,0,0,0,0,0,0
81.98,53.03,18.27,20.04,0,0,0,1,0,0,0
94.06,95.0,45.39,8.36,0,1,0,0,0,0,0
88.51,52.97,11.86,29.34,1,0,0,0,2,0,0
94.43,86.37,36.8,10.27,1,0,0,0,1,1,0
83.26,28.53,27.23,13.76,1,0,0,0,0,0,0
85.77,44.79,15.15,23.74,1,0,0,0,1,1,0
92.12,50.13,7.88,40.24,0,0,1,0,0,0,0
84.95,15.8,37.37,10.12,1,0,0,0,0,0,0
86.41,44.75,14.57,24.59,0,1,0,0,2,0,0
82.42,69.72,26.42,14.16,1,0,0,0,2,1,0
89.51,36.44,17.14,21.25,0,0,0,1,2,0,0
78.75,44.88,21.86,16.96,1,0,0,0,0,1,0
94.56,64.09,15.1,23.82,0,0,0,1,0,0,1
91.23,57.8,11.74,29.59,0,0,1,0,2,0,0
73.85,34.04,30.64,12.28,1,0,0,0,2,1,0
90.3,88.45,39.66,9.54,1,0,0,0,0,1,0
82.64,64.84,22.84,16.27,1,0,0,0,2,1,0
90.88,34.52,17.97,20.35,0,0,1,0,1,0,0
79.63,42.4,21.74,17.05,1,0,0,0,0,0,0
81.09,49.23,18.92,19.41,1,0,0,0,1,1,1
91.49,32.87,19.13,19.22,0,1,0,0,1,0,0
88.46,69.1,22.31,16.64,1,0,0,0,1,1,0
79.38,33.6,26.35,14.2,1,0,0,0,3,1,0
92.78,66.18,17.72,20.62,1,0,0,0,0,1,1
94.13,37.64,13.68,25.98,1,0,0,0,1,1,0
92.63,28.3,22.91,16.22,1,0,0,0,0,0,0
97.73,64.26,14.44,24.79,1,0,0,0,3,0,0
95.04,46.81,5.9,48.51,1,0,0,0,4,1,0
87.89,78.31,30.79,12.22,1,0,0,0,1,0,0
81.15,72.65,29.47,12.75,0,0,1,0,2,0,0
86.39,48.12,13.74,25.88,1,0,0,0,2,0,0
93.16,86.44,37.08,10.19,0,0,1,0,0,0,0
69.4,39.43,32.37,11.64,0,0,1,0,1,0,0
88.33,15.42,36.5,10.35,1,0,0,0,0,1,0
96.13,14.85,35.36,10.68,1,0,0,0,0,0,0
89.07,55.42,12.2,28.66,1,0,0,0,0,1,0
94.13,28.03,22.74,16.34,1,0,0,0,2,1,0
96.09,65.67,16.15,22.43,1,0,0,0,2,1,1
90.28,62.08,15.5,23.27,1,0,0,0,1,1,0
97.09,57.54,8.08,39.51,1,0,0,0,4,1,1
91.75,47.6,8.59,37.82,1,0,0,0,3,1,0
96.89,55.06,5.93,48.33,1,0,0,0,1,1,0
87.06,40.9,15.82,22.85,0,0,1,0,3,0,0
88.85,60.71,15.46,23.33,1,0,0,0,0,0,0
86.24,64.54,20.01,18.42,1,0,0,0,0,1,0
79.64,50.93,20.38,18.11,0,1,0,0,0,0,0
88.31,56.94,13.6,26.11,1,0,0,0,0,1,0
78.42,30.53,29.06,12.92,0,1,0,0,1,0,0
88.91,27.54,25.05,14.9,0,1,0,0,0,0,0
77.02,57.68,24.23,15.38,1,0,0,0,0,1,0
89.3,35.19,18.27,20.05,1,0,0,0,1,0,0
88.94,18.08,33.79,11.16,1,0,0,0,0,1,0
92.62,42.55,10.49,32.45,1,0,0,0,1,1,0
88.11,52.01,12.06,28.93,1,0,0,0,1,0,0
87.36,49.64,12.65,27.79,1,0,0,0,1,1,0
92.87,12.28,38.39,9.85,0,1,0,0,0,0,0
79.77,67.73,26.9,13.92,0,1,0,0,1,0,0
85.51,71.74,26.12,14.32,1,0,0,0,2,1,0
97.09,36.11,14.19,25.17,1,0,0,0,4,0,0
92.23,41.92,11.21,30.73,0,0,1,0,1,0,0
92.44,79.36,30.32,12.4,1,0,0,0,0,0,0
84.86,20.19,33.44,11.27,1,0,0,0,2,0,0
98.0,77.9,27.97,13.41,0,0,0,1,0,0,1
74.46,36.68,28.8,13.03,1,0,0,0,0,1,0
87.91,42.9,14.02,25.43,0,1,0,0,2,0,0
84.75,41.82,17.3,21.07,0,0,1,0,2,0,0
97.41,42.55,7.88,40.22,1,0,0,0,2,1,0
91.59,12.04,38.88,9.73,0,1,0,0,2,0,0
86.77,53.37,13.65,26.03,1,0,0,0,2,1,0
91.17,32.05,20.01,18.43,1,0,0,0,3,1,0
95.35,63.27,14.06,25.37,1,0,0,0,1,0,0
89.65,53.21,10.83,31.61,1,0,0,0,1,0,0
90.6,49.42,9.41,35.3,0,0,1,0,2,0,0
81.88,60.2,20.79,17.78,1,0,0,0,0,0,0
72.86,71.21,34.45,10.95,1,0,0,0,0,1,0
92.5,62.38,14.48,24.73,1,0,0,0,1,1,0
90.69,66.71,19.13,19.21,1,0,0,0,1,0,0
76.55,77.95,36.48,10.36,1,0,0,0,2,0,0
83.67,19.53,34.57,10.92,1,0,0,0,1,1,0
90.31,14.91,36.4,10.38,1,0,0,0,1,0,0
95.06,92.42,42.71,8.87,0,1,0,0,0,0,0
91.87,95.0,45.73,8.29,1,0,0,0,0,0,0
81.95,78.33,33.59,11.23,1,0,0,0,0,1,0
98.92,66.93,16.96,21.46,1,0,0,0,2,1,0
97.92,41.04,9.2,35.94,1,0,0,0,1,0,0
81.77,10.53,43.47,8.72,1,0,0,0,1,1,0
95.93,61.08,11.81,29.45,1,0,0,0,2,1,0
96.04,27.32,23.02,16.15,1,0,0,0,1,1,0
89.45,94.34,45.57,8.32,1,0,0,0,0,0,0
83.04,49.53,16.96,21.45,1,0,0,0,0,0,0
93.95,69.33,20.25,18.22,1,0,0,0,0,0,0
87.43,49.14,12.6,27.88,1,0,0,0,0,1,0
90.34,49.86,9.66,34.62,1,0,0,0,4,1,0
97.15,59.94,10.34,32.81,1,0,0,0,0,1,1
98.42,61.84,11.95,29.17,1,0,0,0,2,1,0
94.06,54.21,7.28,42.48,1,0,0,0,2,1,0
93.2,52.09,7.11,43.14,0,0,1,0,0,0,0
86.54,51.64,13.56,26.18,1,0,0,0,2,1,0
85.71,64.9,20.65,17.89,0,0,1,0,1,0,0
87.27,95.0,46.77,8.11,0,0,0,1,0,0,1
80.81,50.12,19.19,19.16,0,0,1,0,0,0,0
88.49,46.58,12.0,29.04,0,0,1,0,1,0,0
76.67,61.59,26.05,14.35,1,0,0,0,0,0,0
93.25,56.95,9.69,34.52,1,0,0,0,1,0,0
96.62,28.27,21.99,16.87,0,0,0,1,0,0,1
73.28,64.45,30.38,12.38,1,0,0,0,0,1,0
88.68,64.17,18.14,20.18,0,1,0,0,2,0,0
74.64,5.0,51.65,7.35,1,0,0,0,0,1,0
95.42,52.63,5.28,51.61,0,1,0,0,3,0,0
71.35,39.47,30.52,12.32,1,0,0,0,0,1,0
86.17,66.49,21.52,17.21,0,0,0,1,0,0,1
82.04,45.1,18.62,19.7,1,0,0,0,3,0,1
91.94,21.52,29.6,12.69,0,1,0,0,1,0,0
84.86,95.0,47.48,7.99,0,0,1,0,0,0,0
90.75,48.31,9.4,35.34,1,0,0,0,4,1,0
88.91,38.76,15.79,22.88,1,0,0,0,0,1,0
91.05,36.21,16.44,22.08,1,0,0,0,4,1,0
94.11,34.6,16.49,22.01,1,0,0,0,1,0,0
81.18,67.32,25.57,14.61,1,0,0,0,1,1,0
97.49,70.43,20.59,17.94,0,1,0,0,2,0,0
95.79,39.61,11.22,30.73,0,0,0,1,0,0,1
91.58,11.65,39.27,9.64,1,0,0,0,1,1,0
92.86,71.72,22.86,16.26,0,1,0,0,2,0,0
96.75,80.97,31.14,12.08,1,0,0,0,0,1,0
97.71,49.92,2.29,71.07,1,0,0,0,2,0,1
96.52,44.36,6.63,45.16,1,0,0,0,2,1,0
93.97,39.38,12.21,28.63,0,0,1,0,4,0,1
86.47,67.7,22.28,16.66,1,0,0,0,0,1,0
96.42,40.2,10.44,32.57,1,0,0,0,0,0,0
84.4,17.61,35.95,10.51,1,0,0,0,1,1,0
89.16,22.02,30.0,12.53,1,0,0,0,1,1,0
96.47,27.58,22.7,16.37,1,0,0,0,1,0,0
91.45,78.75,29.99,12.53,1,0,0,0,1,1,0
94.6,39.04,12.22,28.62,1,0,0,0,1,1,0
87.23,41.86,15.14,23.76,0,1,0,0,0,0,0
83.26,29.45,26.5,14.12,0,1,0,0,0,0,0
83.77,55.33,17.09,21.31,0,0,1,0,1,0,0
77.54,68.15,28.88,13.0,1,0,0,0,0,0,0
96.11,54.14,5.68,49.58,1,0,0,0,0,1,0
85.01,48.81,15.04,23.91,1,0,0,0,2,1,0
93.17,82.31,33.02,11.41,1,0,0,0,1,1,0
82.42,82.12,36.62,10.32,1,0,0,0,1,1,0
82.19,65.77,23.78,15.66,1,0,0,0,0,1,0
89.2,67.41,20.49,18.02,1,0,0,0,0,1,1
91.64,32.45,19.44,18.93,1,0,0,0,1,1,0
75.42,75.27,35.25,10.71,1,0,0,0,0,1,1
82.58,66.35,23.89,15.59,1,0,0,0,0,0,0
87.5,42.96,14.35,24.92,1,0,0,0,3,1,0
92.66,5.0,45.59,8.32,0,0,1,0,0,0,0
90.37,42.95,11.93,29.19,1,0,0,0,1,1,0
92.16,53.88,8.75,37.32,1,0,0,0,2,1,0
99.52,17.04,32.97,11.43,1,0,0,0,1,1,0
74.41,56.77,26.47,14.14,0,0,0,1,2,0,1
85.61,11.42,41.18,9.2,0,0,1,0,0,0,0
95.14,24.93,25.53,14.63,1,0,0,0,1,0,0
84.62,73.03,27.7,13.53,1,0,0,0,4,0,0
91.14,52.68,9.25,35.78,1,0,0,0,3,1,0
84.6,24.43,29.85,12.59,1,0,0,0,0,0,0
97.2,41.76,8.7,37.45,1,0,0,0,1,1,0
89.12,53.68,11.49,30.13,0,0,0,1,3,0,0
97.23,69.42,19.62,18.77,0,1,0,0,2,0,0
85.45,56.3,15.86,22.8,0,1,0,0,4,0,0
76.95,32.2,29.12,12.9,0,1,0,0,0,0,0
86.3,30.55,23.79,15.66,1,0,0,0,4,0,0
86.01,36.46,19.47,18.9,1,0,0,0,2,1,0
86.04,41.71,16.24,22.32,1,0,0,0,3,1,0
88.2,55.85,13.17,26.84,0,1,0,0,3,0,0
70.13,56.03,30.48,12.34,0,0,1,0,0,0,0
96.47,19.57,30.64,12.28,1,0,0,0,2,1,0
94.43,37.68,13.52,26.25,1,0,0,0,1,1,1
82.03,79.78,34.78,10.85,1,0,0,0,0,1,0
91.5,44.5,10.13,33.36,1,0,0,0,1,0,0
88.22,31.48,21.95,16.9,1,0,0,0,0,1,0
86.03,16.02,36.74,10.28,1,0,0,0,2,1,0
86.13,50.49,13.88,25.66,1,0,0,0,1,1,0
74.53,48.82,25.5,14.65,1,0,0,0,0,1,0
90.2,73.63,25.58,14.61,1,0,0,0,0,1,0
92.28,47.34,8.17,39.23,0,0,1,0,0,0,0
91.12,29.77,22.1,16.79,0,1,0,0,0,0,0
93.17,79.14,29.93,12.56,1,0,0,0,3,1,0
92.39,41.54,11.38,30.37,0,1,0,0,3,0,0
89.11,49.42,10.9,31.44,1,0,0,0,2,1,0
92.22,46.93,8.36,38.56,0,1,0,0,2,0,0
77.13,64.72,27.2,13.77,0,1,0,0,0,0,0
87.32,79.27,31.9,11.8,1,0,0,0,0,1,0
90.28,20.69,30.88,12.18,0,0,0,1,1,0,1
84.7,38.0,19.44,18.93,1,0,0,0,2,1,0
86.29,5.8,46.28,8.2,1,0,0,0,1,1,0
98.18,24.63,25.43,14.69,0,0,1,0,3,0,0
98.35,51.12,1.99,73.35,1,0,0,0,2,1,0
96.08,50.98,4.04,58.77,1,0,0,0,2,1,0
77.94,55.64,22.77,16.32,1,0,0,0,3,0,0
75.68,89.32,46.24,8.2,1,0,0,0,1,1,0
84.15,46.08,16.33,22.21,1,0,0,0,3,1,0
87.64,55.54,13.54,26.21,1,0,0,0,2,0,0
94.23,36.54,14.64,24.48,0,1,0,0,4,0,0
96.45,39.97,10.64,32.06,0,1,0,0,3,0,0
84.58,14.98,38.26,9.88,1,0,0,0,2,0,0
94.54,51.32,5.61,49.91,1,0,0,0,0,1,0
96.2,58.93,9.71,34.48,1,0,0,0,2,1,0
82.42,67.13,24.54,15.2,1,0,0,0,1,1,0
81.88,48.68,18.16,20.15,0,1,0,0,2,0,0
89.22,57.91,13.38,26.49,1,0,0,0,1,1,0
96.98,71.52,21.73,17.05,1,0,0,0,0,1,0
82.4,24.85,30.7,12.25,1,0,0,0,0,1,0
92.32,56.48,10.04,33.57,1,0,0,0,2,0,0
91.33,81.1,32.29,11.67,1,0,0,0,0,1,0
87.25,29.36,24.26,15.37,1,0,0,0,0,0,0
94.22,45.43,7.36,42.16,1,0,0,0,2,1,0
90.21,36.38,16.77,21.68,1,0,0,0,1,1,0
97.38,43.55,6.96,43.76,1,0,0,0,6,1,0
82.32,24.05,31.4,11.99,0,1,0,0,1,0,0
99.4,12.53,37.47,10.09,1,0,0,0,0,1,1
92.63,61.67,13.81,25.78,1,0,0,0,0,0,0
85.25,49.85,14.75,24.32,1,0,0,0,4,1,0
89.37,27.13,25.22,14.81,0,1,0,0,0,0,0
83.58,37.76,20.48,18.03,0,0,0,1,1,0,1
92.71,35.39,16.33,22.2,0,0,1,0,1,0,0
87.98,84.06,36.12,10.46,1,0,0,0,0,1,0
87.57,44.15,13.74,25.88,1,0,0,0,0,0,0
88.18,35.9,18.4,19.91,1,0,0,0,1,1,0
86.64,55.07,14.29,25.01,1,0,0,0,2,1,0
89.76,33.14,19.72,18.67,1,0,0,0,0,1,0
77.02,49.33,22.99,16.17,1,0,0,0,2,1,0
88.09,66.78,20.58,17.95,0,1,0,0,2,0,0
93.35,32.63,18.6,19.72,1,0,0,0,1,1,0
91.48,32.21,19.72,18.68,1,0,0,0,5,1,0
88.29,47.84,11.91,29.25,1,0,0,0,2,1,0
89.97,45.0,11.21,30.75,1,0,0,0,4,1,0
77.28,92.07,47.81,7.94,1,0,0,0,0,1,0
95.08,52.8,5.66,49.69,1,0,0,0,1,0,1
87.69,73.32,26.37,14.19,1,0,0,0,0,1,0
93.21,67.0,18.31,20.01,0,1,0,0,1,0,0
90.99,65.71,18.11,20.2,0,0,0,1,0,0,0
95.97,44.11,7.14,43.05,0,1,0,0,2,0,0
97.52,49.45,2.54,69.12,1,0,0,0,3,1,0
85.33,5.35,47.0,8.07,1,0,0,0,0,1,0
87.39,30.4,23.31,15.96,1,0,0,0,1,1,0
85.61,71.31,25.72,14.53,1,0,0,0,1,1,0
95.91,69.9,20.31,18.17,0,0,1,0,0,0,0
85.98,79.86,32.99,11.43,0,1,0,0,1,0,0
83.12,88.08,41.65,9.09,1,0,0,0,0,0,0
87.21,58.37,15.28,23.56,0,1,0,0,0,0,1
94.9,75.59,26.09,14.33,0,1,0,0,0,0,0
90.1,37.71,15.78,22.91,1,0,0,0,2,1,0
83.74,52.97,16.53,21.97,1,0,0,0,0,1,0
97.64,59.36,9.65,34.64,1,0,0,0,1,1,0
77.16,32.12,29.01,12.94,1,0,0,0,0,1,0
85.51,55.45,15.48,23.3,0,1,0,0,2,0,0
77.18,38.0,25.78,14.5,1,0,0,0,1,1,0
90.52,70.65,22.72,16.35,1,0,0,0,3,1,0
95.36,95.0,45.24,8.38,0,0,0,1,0,0,1
97.19,51.52,3.2,64.36,0,0,0,1,3,0,1
93.41,47.02,7.23,42.67,1,0,0,0,0,1,0
83.85,34.07,22.68,16.38,0,0,0,1,2,0,1
92.38,35.4,16.47,22.04,1,0,0,0,3,1,0
89.39,33.13,19.92,18.5,1,0,0,0,0,0,0
94.08,35.48,15.68,23.04,1,0,0,0,1,1,0
98.15,45.05,5.28,51.61,1,0,0,0,3,1,0
87.79,50.7,12.23,28.6,1,0,0,0,1,0,1
97.71,37.67,12.54,28.0,0,1,0,0,2,0,0
88.31,46.44,12.22,28.61,1,0,0,0,0,1,0
76.47,85.27,42.4,8.94,1,0,0,0,0,1,0
96.32,70.35,20.68,17.87,0,0,0,1,3,0,0
90.37,31.17,21.14,17.5,0,1,0,0,3,0,0
96.82,46.4,4.8,54.24,1,0,0,0,2,0,0
95.17,70.32,20.89,17.7,1,0,0,0,0,1,0
91.56,71.4,23.0,16.16,1,0,0,0,0,0,0
90.3,29.45,22.72,16.35,1,0,0,0,2,0,0
91.29,75.62,27.06,13.84,0,1,0,0,0,0,0
89.34,62.36,16.32,22.22,1,0,0,0,0,1,0
77.93,81.47,38.44,9.84,0,1,0,0,1,0,0
87.72,64.7,19.15,19.19,0,1,0,0,5,0,0
86.78,40.1,16.52,21.97,1,0,0,0,3,1,0
69.41,62.38,33.0,11.42,1,0,0,0,0,1,0
88.81,56.61,13.0,27.16,0,1,0,0,4,0,0
96.25,75.15,25.42,14.69,1,0,0,0,1,1,0
89.93,50.33,10.07,33.5,0,1,0,0,0,0,0
94.7,26.81,23.79,15.65,1,0,0,0,1,0,0
84.65,65.43,21.77,17.03,0,0,0,1,0,0,1
93.94,37.68,13.73,25.89,0,1,0,0,3,0,0
98.59,46.51,3.76,60.56,1,0,0,0,5,1,0
98.54,54.65,4.87,53.85,1,0,0,0,2,0,0
98.38,20.51,29.54,12.72,1,0,0,0,2,1,0
99.6,5.0,45.0,8.43,0,0,1,0,0,0,0
82.75,18.27,36.11,10.46,0,0,1,0,0,0,0
85.87,6.5,45.74,8.29,1,0,0,0,0,1,0
88.58,72.28,25.03,14.91,1,0,0,0,1,1,0
94.53,18.58,31.89,11.81,1,0,0,0,0,1,0
90.22,27.03,24.97,14.95,0,0,1,0,0,0,0
94.12,70.98,21.79,17.01,1,0,0,0,0,1,0
95.85,21.1,29.2,12.86,1,0,0,0,1,0,0
81.23,5.73,48.08,7.89,1,0,0,0,2,1,0
97.4,37.02,13.24,26.72,0,0,0,1,1,0,1
79.25,77.54,34.48,10.94,1,0,0,0,0,1,0
85.54,63.57,19.83,18.59,0,0,1,0,1,0,0
92.74,37.67,14.31,24.98,1,0,0,0,1,1,0
91.19,69.19,21.11,17.52,1,0,0,0,2,1,0
95.86,50.65,4.19,57.86,1,0,0,0,3,0,1
92.97,66.53,17.97,20.36,1,0,0,0,0,1,0
90.58,26.17,25.63,14.58,0,0,0,1,0,0,1
89.68,66.16,19.17,19.18,0,1,0,0,2,0,0
90.2,32.08,20.42,18.08,1,0,0,0,1,1,0
84.67,34.2,22.02,16.85,1,0,0,0,3,1,0
93.0,89.12,39.74,9.52,1,0,0,0,2,1,0
94.64,66.09,16.95,21.47,0,0,1,0,0,0,0
85.35,53.27,15.02,23.94,1,0,0,0,3,1,0
83.52,61.62,20.16,18.3,0,0,0,1,0,0,1
76.16,15.73,41.75,9.07,1,0,0,0,0,1,0
81.35,31.0,26.63,14.06,1,0,0,0,2,1,0
93.01,32.74,18.62,19.7,1,0,0,0,0,0,0
78.24,77.83,35.33,10.69,0,1,0,0,1,0,0
87.87,54.16,12.83,27.46,1,0,0,0,0,1,0
77.47,36.21,26.41,14.17,1,0,0,0,2,1,0
86.14,25.56,28.1,13.35,1,0,0,0,0,0,0
84.39,67.99,23.82,15.64,1,0,0,0,3,1,0
88.0,30.57,22.84,16.27,0,1,0,0,2,0,0
92.66,31.65,19.76,18.64,1,0,0,0,0,0,0
84.09,56.62,17.23,21.16,0,1,0,0,1,0,0
91.07,14.9,36.22,10.43,1,0,0,0,0,1,0
73.38,62.04,29.22,12.85,1,0,0,0,2,1,0
86.96,48.01,13.19,26.81,1,0,0,0,2,1,0
71.56,75.57,38.24,9.89,1,0,0,0,0,1,0
86.54,83.09,35.72,10.57,1,0,0,0,0,1,0
94.16,77.35,27.97,13.41,1,0,0,0,0,1,0
84.91,57.75,16.96,21.46,1,0,0,0,0,1,0
93.41,92.32,42.83,8.85,1,0,0,0,0,0,0
79.0,53.0,21.21,17.45,1,0,0,0,0,0,0
91.74,43.98,10.23,33.1,1,0,0,0,2,1,0
92.77,28.64,22.55,16.47,0,0,1,0,3,0,0
91.09,59.03,12.68,27.73,1,0,0,0,2,1,0
97.25,63.98,14.25,25.08,0,1,0,0,2,0,0
92.46,71.29,22.59,16.44,1,0,0,0,1,1,0
86.39,43.09,15.26,23.6,1,0,0,0,0,1,0
85.81,17.37,35.58,10.61,0,0,1,0,1,0,0
91.7,5.0,45.76,8.29,1,0,0,0,1,1,0
98.67,51.51,2.01,73.23,1,0,0,0,3,0,0
83.02,53.34,17.31,21.07,1,0,0,0,0,1,0
89.49,43.06,12.6,27.89,1,0,0,0,3,1,0
87.35,30.56,23.19,16.04,1,0,0,0,1,1,0
93.16,44.8,8.59,37.81,1,0,0,0,1,0,0
96.28,59.17,9.9,33.97,1,0,0,0,0,1,0
97.97,86.85,36.9,10.24,0,1,0,0,1,0,0
92.04,34.77,17.19,21.2,0,1,0,0,3,0,0
71.72,23.94,38.45,9.84,0,0,0,1,0,0,1
85.82,44.42,15.23,23.64,1,0,0,0,0,1,0
95.21,46.42,5.98,48.11,1,0,0,0,0,1,0
92.96,75.53,26.48,14.13,0,0,1,0,2,0,0
93.51,90.6,41.11,9.21,1,0,0,0,0,1,0
87.71,16.6,35.59,10.61,1,0,0,0,1,1,0
80.01,53.38,20.27,18.2,1,0,0,0,1,1,0
81.51,45.48,19.04,19.3,1,0,0,0,0,1,0
78.74,61.31,24.07,15.48,1,0,0,0,0,1,0
83.51,44.73,17.31,21.06,1,0,0,0,2,1,0
91.84,21.97,29.19,12.86,1,0,0,0,0,1,0
91.35,48.84,8.73,37.37,1,0,0,0,0,1,0
91.7,41.78,11.68,29.72,1,0,0,0,0,1,0
96.83,60.89,11.34,30.44,1,0,0,0,1,0,0
79.22,51.77,20.86,17.73,0,0,0,1,0,0,0
83.61,49.15,16.41,22.11,0,0,0,1,1,0,1
86.42,76.21,29.52,12.72,1,0,0,0,0,0,0
75.96,15.44,42.1,9.0,1,0,0,0,0,1,0
90.09,51.12,9.97,33.76,1,0,0,0,3,1,0
85.43,48.08,14.7,24.4,1,0,0,0,2,1,0
91.44,60.47,13.52,26.25,0,1,0,0,2,0,0
90.38,69.37,21.63,17.13,1,0,0,0,0,1,0
77.18,34.35,27.68,13.54,1,0,0,0,2,1,0
79.87,24.89,32.18,11.7,1,0,0,0,2,1,0
82.86,56.34,18.27,20.05,1,0,0,0,0,0,0
98.07,23.56,26.51,14.12,1,0,0,0,0,1,0
81.29,86.87,41.34,9.16,1,0,0,0,1,1,0
94.99,36.65,14.26,25.06,0,1,0,0,4,0,0
82.22,26.42,29.53,12.72,1,0,0,0,0,1,0
98.74,45.1,5.06,52.8,1,0,0,0,1,1,0
77.03,8.04,47.84,7.93,1,0,0,0,0,1,0
93.58,59.73,11.65,29.77,0,1,0,0,0,0,0
90.74,21.93,29.56,12.71,1,0,0,0,0,1,0
97.43,26.38,23.76,15.67,1,0,0,0,2,1,0
89.12,82.19,33.98,11.1,1,0,0,0,0,0,0
77.03,49.33,22.98,16.18,0,0,1,0,1,0,0
79.86,45.18,20.71,17.84,0,1,0,0,2,0,0
97.05,54.04,5.0,53.11,1,0,0,0,3,1,0
90.4,71.54,23.58,15.79,0,1,0,0,1,0,0
83.69,58.36,18.33,19.99,0,0,0,1,3,0,0
95.19,83.44,33.79,11.16,1,0,0,0,2,1,0
88.38,51.59,11.73,29.62,0,1,0,0,1,0,0
89.9,39.89,14.29,25.01,1,0,0,0,1,1,0
78.47,59.3,23.45,15.87,1,0,0,0,2,1,0
81.9,95.0,48.5,7.83,0,1,0,0,1,0,0
88.14,67.11,20.82,17.76,1,0,0,0,0,0,0
84.63,16.54,36.82,10.26,1,0,0,0,0,1,0
90.98,55.34,10.48,32.47,0,0,1,0,2,0,0
90.49,22.87,28.75,13.05,1,0,0,0,1,1,0
97.59,17.96,32.13,11.72,1,0,0,0,3,1,0
99.52,55.47,5.5,50.5,1,0,0,0,4,0,0
89.68,18.4,33.24,11.34,0,0,1,0,6,0,0
95.54,40.44,10.55,32.3,1,0,0,0,0,1,0
95.09,12.25,38.07,9.93,1,0,0,0,2,0,0
98.12,56.33,6.6,45.28,0,1,0,0,0,0,0
77.59,19.25,38.05,9.94,0,0,1,0,0,0,0
88.08,23.74,28.84,13.02,1,0,0,0,0,1,0
96.64,31.64,18.66,19.66,1,0,0,0,0,1,0
95.12,52.56,5.51,50.41,1,0,0,0,3,0,0
81.8,5.88,47.73,7.95,1,0,0,0,0,1,0
98.78,78.41,28.44,13.19,0,0,1,0,1,0,0
81.94,52.65,18.25,20.07,0,1,0,0,2,0,0
99.02,40.0,10.05,33.55,1,0,0,0,1,1,0
72.05,44.56,28.47,13.18,1,0,0,0,4,1,0
95.87,67.69,18.16,20.16,1,0,0,0,1,1,0
95.91,68.72,19.16,19.18,0,0,0,1,2,0,1
91.02,50.39,8.99,36.56,1,0,0,0,3,0,0
94.03,33.73,17.33,21.04,1,0,0,0,0,1,0
96.74,80.77,30.94,12.16,1,0,0,0,2,1,0
93.28,64.24,15.74,22.95,1,0,0,0,3,1,0
95.96,32.75,17.72,20.62,1,0,0,0,2,1,0
88.37,14.57,37.29,10.14,1,0,0,0,0,1,0
91.64,51.29,8.46,38.25,0,1,0,0,0,0,0
77.5,59.29,24.34,15.32,1,0,0,0,2,1,0
87.55,69.5,23.13,16.08,0,1,0,0,0,0,0
88.8,42.56,13.45,26.37,0,1,0,0,4,0,0
97.8,53.48,4.12,58.28,1,0,0,0,0,1,1
91.42,63.13,15.68,23.03,1,0,0,0,2,1,0
85.67,48.15,14.45,24.77,1,0,0,0,0,1,0
95.88,33.61,16.9,21.53,1,0,0,0,0,1,0
87.59,42.16,14.68,24.43,0,1,0,0,2,0,0
93.1,30.56,20.62,17.91,1,0,0,0,3,0,0
96.77,28.69,21.56,17.19,0,1,0,0,2,0,0
93.9,85.32,35.84,10.54,0,0,0,1,0,0,0
89.17,56.42,12.59,27.91,1,0,0,0,2,1,0
96.99,63.71,14.04,25.4,1,0,0,0,2,1,0
94.19,57.96,9.86,34.07,1,0,0,0,2,1,0
94.18,48.34,6.06,47.75,1,0,0,0,3,1,0
85.32,27.03,27.26,13.74,1,0,0,0,0,1,0
91.6,80.82,31.94,11.79,0,1,0,0,1,0,0
87.48,48.09,12.66,27.77,1,0,0,0,2,1,0
93.56,80.99,31.65,11.89,1,0,0,0,0,1,0
85.17,72.14,26.65,14.04,0,0,0,1,0,0,1
99.31,55.1,5.15,52.32,1,0,0,0,0,1,1
96.85,74.05,24.25,15.37,0,0,1,0,0,0,0
82.45,69.35,26.12,14.32,0,0,0,1,2,0,0
76.75,66.97,28.78,13.04,1,0,0,0,0,0,0
94.68,27.65,22.97,16.18,1,0,0,0,1,1,1
88.46,52.26,11.76,29.54,1,0,0,0,1,0,0
93.77,14.08,36.45,10.36,0,0,0,1,0,0,1
82.95,35.07,22.67,16.39,1,0,0,0,1,1,0
88.53,52.44,11.72,29.63,0,1,0,0,2,0,0
82.17,84.89,39.19,9.66,1,0,0,0,0,1,0
93.1,60.03,12.18,28.7,1,0,0,0,2,1,0
90.04,49.67,9.97,33.78,1,0,0,0,3,1,0
89.54,41.21,13.67,26.01,1,0,0,0,2,1,0
91.65,26.48,24.96,14.96,0,0,1,0,2,0,0
83.73,10.0,43.19,8.78,0,1,0,0,1,0,0
98.25,29.25,20.82,17.75,0,0,1,0,1,0,0
74.13,72.37,34.2,11.03,1,0,0,0,0,1,0
90.68,33.69,18.79,19.54,1,0,0,0,2,0,0
96.23,54.64,5.98,48.11,1,0,0,0,2,0,0
84.32,56.22,16.87,21.56,1,0,0,0,1,1,0
80.12,49.6,19.88,18.53,1,0,0,0,1,0,0
85.32,57.14,16.32,22.22,0,1,0,0,0,0,0
83.72,73.04,28.21,13.3,0,1,0,0,2,0,0
97.43,83.04,33.14,11.38,1,0,0,0,2,0,0
88.06,44.26,13.25,26.71,1,0,0,0,1,0,0
89.38,43.79,12.3,28.46,1,0,0,0,0,0,0
83.38,20.2,34.12,11.05,1,0,0,0,0,1,0
92.99,95.0,45.54,8.33,1,0,0,0,0,1,0
88.85,29.93,22.96,16.19,1,0,0,0,0,0,0
81.74,31.68,25.86,14.46,1,0,0,0,0,0,0
96.25,27.26,23.05,16.13,1,0,0,0,0,1,0
93.81,62.76,14.18,25.18,1,0,0,0,0,0,0
87.76,67.02,20.97,17.64,1,0,0,0,0,1,0
95.24,74.32,24.79,15.05,0,1,0,0,1,0,0
84.75,38.0,19.41,18.96,1,0,0,0,0,1,0
91.49,49.29,8.54,37.98,1,0,0,0,3,1,0
89.05,67.29,20.47,18.04,0,0,1,0,1,0,0
81.14,62.4,22.57,16.46,0,1,0,0,1,0,0
94.97,47.95,5.43,50.84,1,0,0,0,3,1,1
96.77,69.44,19.7,18.69,0,0,1,0,2,0,0
96.45,81.28,31.48,11.96,1,0,0,0,1,1,0
88.04,32.72,21.02,17.6,1,0,0,0,0,1,0
89.38,87.89,39.35,9.62,1,0,0,0,3,1,0
87.54,16.79,35.48,10.64,0,1,0,0,1,0,0
90.0,37.49,16.01,22.6,0,1,0,0,1,0,1
97.43,35.59,14.63,24.49,1,0,0,0,4,1,0
87.3,82.16,34.58,10.91,1,0,0,0,1,1,0
85.94,63.69,19.62,18.77,1,0,0,0,2,0,0
91.15,68.66,20.65,17.89,0,1,0,0,4,0,0
98.36,82.06,32.1,11.73,0,1,0,0,0,0,0
80.92,33.57,25.18,14.83,0,1,0,0,0,0,0
94.08,49.92,5.92,48.38,1,0,0,0,3,1,0
87.29,40.21,16.04,22.57,1,0,0,0,0,1,0
93.36,47.15,7.23,42.69,1,0,0,0,1,1,0
90.13,15.1,36.27,10.42,1,0,0,0,0,0,0
88.32,86.66,38.47,9.83,0,0,0,1,0,0,1
90.14,45.06,11.02,31.16,1,0,0,0,2,1,0
86.37,15.37,37.22,10.16,1,0,0,0,0,1,0
95.91,22.36,27.94,13.42,1,0,0,0,1,1,0
90.38,35.61,17.3,21.07,1,0,0,0,0,1,0
97.39,41.56,8.83,37.04,1,0,0,0,1,1,0
93.53,48.65,6.6,45.27,1,0,0,0,1,1,0
85.67,39.12,17.99,20.33,1,0,0,0,2,0,0
89.59,50.79,10.44,32.56,1,0,0,0,0,1,0
93.92,56.57,8.95,36.67,1,0,0,0,2,1,0
92.9,40.51,11.86,29.35,1,0,0,0,3,0,0
91.33,56.89,11.08,31.04,1,0,0,0,3,1,0
87.13,34.18,20.4,18.1,0,0,1,0,3,0,0
88.76,46.92,11.65,29.78,1,0,0,0,2,1,0
75.61,44.77,24.94,14.97,0,1,0,0,2,0,0
92.2,43.32,10.27,33.0,1,0,0,0,1,1,0
86.58,56.02,14.71,24.39,1,0,0,0,1,1,0
89.4,18.74,33.01,11.42,0,0,0,1,0,0,1
92.62,72.73,23.9,15.59,1,0,0,0,2,0,0
95.83,73.64,24.01,15.52,1,0,0,0,0,1,0
93.57,51.44,6.59,45.32,1,0,0,0,0,0,0
83.47,41.21,18.72,19.6,1,0,0,0,3,1,1
95.37,71.5,22.0,16.86,1,0,0,0,1,0,0
91.51,37.86,14.82,24.22,1,0,0,0,1,1,0
80.92,49.97,19.08,19.26,1,0,0,0,2,1,0
84.69,50.76,15.32,23.51,1,0,0,0,1,1,0
94.31,53.82,6.85,44.24,0,0,1,0,3,0,0
92.2,45.29,9.11,36.19,1,0,0,0,1,1,1
95.43,33.82,16.81,21.63,1,0,0,0,1,0,0
94.47,67.21,18.08,20.24,1,0,0,0,0,1,1
75.2,34.8,29.09,12.91,1,0,0,0,0,1,1
89.44,60.42,14.83,24.2,0,1,0,0,1,0,0
96.54,49.68,3.48,62.45,1,0,0,0,3,1,0
96.32,21.09,29.14,12.89,1,0,0,0,3,0,0
87.17,40.64,15.88,22.77,1,0,0,0,1,1,0
95.29,45.14,6.76,44.59,0,0,1,0,2,0,0
86.75,31.04,23.13,16.08,1,0,0,0,3,1,0
82.06,50.95,17.96,20.36,1,0,0,0,1,1,0
92.04,59.79,12.62,27.84,1,0,0,0,2,0,0
92.64,13.48,37.25,10.15,1,0,0,0,0,1,0
99.14,54.73,4.81,54.18,1,0,0,0,3,1,0
91.9,38.61,13.98,25.5,0,0,0,1,4,0,0
91.15,27.34,24.33,15.33,0,0,1,0,0,0,0
87.78,81.62,33.89,11.13,1,0,0,0,5,1,0
98.18,37.72,12.42,28.23,0,1,0,0,5,0,0
84.81,31.04,24.29,15.34,1,0,0,0,1,1,0
90.92,31.6,20.52,18.0,0,0,0,1,1,0,1
97.26,53.23,4.23,57.59,1,0,0,0,4,1,0
87.73,25.05,27.8,13.48,1,0,0,0,1,1,0
91.62,56.58,10.66,32.03,0,0,0,1,2,0,1
69.86,95.0,54.16,7.02,1,0,0,0,0,1,0
92.5,52.92,8.05,39.61,1,0,0,0,1,1,0
98.9,72.02,22.04,16.83,1,0,0,0,0,1,0
98.22,70.88,20.96,17.65,1,0,0,0,0,1,0
92.33,38.01,14.23,25.1,1,0,0,0,3,1,0
95.38,64.63,15.34,23.49,1,0,0,0,0,0,0
90.7,28.94,23.02,16.15,0,1,0,0,4,0,0
88.13,42.09,14.26,25.06,1,0,0,0,0,0,0
92.27,49.05,7.79,40.55,0,0,1,0,2,0,0
93.49,33.72,17.53,20.82,1,0,0,0,1,0,0
88.47,40.45,14.97,24.01,1,0,0,0,1,0,0
84.65,56.09,16.51,21.99,1,0,0,0,2,1,0
95.2,39.77,11.3,30.54,1,0,0,0,2,1,0
87.12,48.89,12.92,27.29,1,0,0,0,2,0,1
82.72,87.11,40.94,9.25,0,1,0,0,0,0,0
81.65,35.48,23.4,15.9,1,0,0,0,1,1,0
97.88,54.69,5.15,52.31,0,1,0,0,3,0,0
97.09,62.11,12.46,28.15,0,0,1,0,1,0,0
91.34,7.36,43.51,8.71,1,0,0,0,0,0,0
91.36,37.86,14.9,24.11,1,0,0,0,2,0,0
90.34,57.87,12.46,28.14,1,0,0,0,4,0,0
87.58,32.49,21.47,17.25,0,0,1,0,1,0,0
86.92,49.61,13.09,26.99,1,0,0,0,3,1,0
83.28,39.74,19.61,18.77,1,0,0,0,2,1,1
87.97,60.72,16.12,22.47,1,0,0,0,1,1,0
79.21,55.32,21.46,17.26,1,0,0,0,0,1,0
87.24,70.39,24.05,15.49,1,0,0,0,0,1,0
79.88,43.41,21.17,17.48,0,0,1,0,2,0,0
80.05,64.01,24.38,15.29,1,0,0,0,3,1,0
85.23,60.36,18.04,20.28,1,0,0,0,1,1,0
84.53,67.76,23.55,15.8,1,0,0,0,0,1,0
87.85,52.71,12.45,28.16,1,0,0,0,0,1,0
98.07,39.41,10.77,31.77,1,0,0,0,2,0,0
95.94,24.71,25.61,14.59,1,0,0,0,0,1,0
85.89,44.49,15.15,23.76,0,0,0,1,3,0,0
90.09,71.85,23.99,15.53,1,0,0,0,0,1,0
94.17,95.0,45.38,8.36,0,1,0,0,1,0,0
93.94,50.64,6.1,47.56,1,0,0,0,0,1,0
86.56,44.06,14.7,24.4,0,1,0,0,0,0,0
94.15,5.0,45.38,8.36,1,0,0,0,0,1,0
80.71,57.23,20.6,17.93,1,0,0,0,3,0,0
86.91,78.84,31.67,11.89,0,0,1,0,0,0,0
91.14,49.15,8.9,36.82,0,1,0,0,3,0,0
95.58,52.76,5.21,52.0,0,1,0,0,3,0,0
85.56,66.88,22.21,16.71,0,1,0,0,3,0,0
91.67,57.0,10.88,31.49,0,0,0,1,3,0,0
89.23,71.54,24.08,15.47,1,0,0,0,1,1,0
87.98,17.82,34.35,10.98,1,0,0,0,0,1,0
89.29,63.73,17.41,20.95,1,0,0,0,2,1,0
76.38,43.21,24.57,15.18,1,0,0,0,2,1,0
78.41,55.86,22.37,16.59,1,0,0,0,0,1,0
91.77,23.3,27.94,13.42,1,0,0,0,2,0,0
98.17,77.49,27.55,13.6,1,0,0,0,0,0,0
91.49,78.99,30.21,12.44,1,0,0,0,3,0,0
85.78,49.18,14.25,25.08,1,0,0,0,0,1,0
92.27,36.05,15.94,22.69,0,0,1,0,0,0,0
88.6,88.21,39.87,9.49,0,0,1,0,0,0,0
94.54,34.41,16.52,21.98,1,0,0,0,0,1,0
91.67,40.96,12.29,28.48,1,0,0,0,4,1,0
84.74,50.62,15.27,23.59,1,0,0,0,3,1,0
80.01,72.01,29.74,12.64,0,1,0,0,2,0,0
78.43,75.92,33.72,11.18,1,0,0,0,1,0,0
97.4,76.98,27.1,13.82,0,0,1,0,0,0,0
91.56,62.73,15.28,23.57,1,0,0,0,1,0,0
77.72,81.24,38.38,9.85,0,1,0,0,0,0,0
96.3,67.58,17.96,20.36,0,1,0,0,2,0,0
85.36,75.89,29.75,12.63,1,0,0,0,1,1,0
94.93,51.68,5.34,51.32,0,1,0,0,0,0,0
92.48,21.65,29.33,12.81,1,0,0,0,1,1,0
96.42,66.33,16.72,21.74,1,0,0,0,0,0,0
94.07,73.24,23.99,15.53,1,0,0,0,1,1,0
98.9,38.79,11.26,30.62,0,0,1,0,3,0,0
93.75,5.58,44.86,8.45,1,0,0,0,0,1,0
92.83,37.15,14.71,24.38,1,0,0,0,1,1,0
77.28,88.05,44.32,8.55,1,0,0,0,0,1,0
93.89,47.14,6.75,44.66,1,0,0,0,4,1,0
93.38,70.8,21.83,16.98,0,0,1,0,1,0,0
92.43,14.79,36.01,10.49,1,0,0,0,1,1,0
80.6,55.55,20.17,18.29,0,0,1,0,0,0,0
86.21,52.61,14.03,25.42,1,0,0,0,4,1,0
83.31,59.49,19.2,19.15,1,0,0,0,1,1,0
91.11,69.7,21.61,17.14,1,0,0,0,5,0,0
98.9,38.01,12.04,28.98,0,0,0,1,0,0,1
94.46,45.88,6.9,44.01,1,0,0,0,3,0,0
89.58,66.18,19.24,19.11,1,0,0,0,0,1,0
88.94,58.52,13.96,25.52,0,0,1,0,3,0,0
93.96,58.3,10.27,32.99,0,1,0,0,5,0,0
82.78,82.63,36.9,10.24,0,0,0,1,0,0,1
96.08,55.34,6.62,45.2,0,1,0,0,1,0,0
77.81,48.56,22.24,16.69,1,0,0,0,0,1,0
80.89,46.12,19.5,18.87,1,0,0,0,2,1,0
81.74,83.21,37.9,9.98,1,0,0,0,0,1,0
94.79,38.49,12.63,27.82,0,1,0,0,4,0,0
91.97,58.18,11.46,30.18,0,0,1,0,0,0,0
82.78,33.0,24.2,15.4,1,0,0,0,2,1,0
86.47,74.49,27.97,13.4,0,0,1,0,3,0,0
83.02,85.46,39.32,9.62,0,0,0,1,0,0,1
84.51,42.82,17.07,21.33,0,1,0,0,2,0,0
96.24,43.89,7.18,42.89,1,0,0,0,0,1,0
92.11,12.29,38.53,9.82,1,0,0,0,0,1,0
82.74,27.22,28.58,13.13,0,1,0,0,0,0,0
77.24,55.85,23.5,15.84,0,1,0,0,1,0,0
95.18,53.2,5.79,49.04,1,0,0,0,2,1,1
87.53,28.16,25.15,14.84,1,0,0,0,2,1,0
81.24,76.32,32.32,11.65,0,1,0,0,2,0,0
94.46,46.41,6.6,45.27,1,0,0,0,1,0,0
86.38,26.98,26.75,14.0,1,0,0,0,2,1,0
87.62,80.28,32.72,11.52,1,0,0,0,3,1,0
92.97,49.58,7.04,43.42,1,0,0,0,1,1,0
77.27,60.91,25.21,14.81,1,0,0,0,2,0,0
85.87,46.0,14.69,24.41,1,0,0,0,2,1,0
87.02,67.03,21.41,17.29,1,0,0,0,0,1,0
82.69,52.34,17.47,20.89,1,0,0,0,1,1,0
98.21,20.67,29.38,12.78,0,0,0,1,1,0,0
93.35,16.03,34.61,10.9,0,0,1,0,0,0,0
97.15,48.58,3.19,64.46,1,0,0,0,4,1,1
88.73,51.93,11.43,30.25,1,0,0,0,1,1,0
94.39,58.5,10.19,33.19,1,0,0,0,2,1,0
97.44,52.43,3.54,62.06,1,0,0,0,3,0,0
87.41,69.97,23.61,15.77,1,0,0,0,0,1,0
82.82,53.96,17.63,20.72,0,1,0,0,0,0,0
93.2,50.09,6.81,44.41,1,0,0,0,2,1,0
96.56,72.79,23.05,16.13,1,0,0,0,1,1,0
76.16,50.38,23.84,15.62,0,0,1,0,2,0,0
82.39,47.85,17.75,20.59,1,0,0,0,0,1,0
87.42,42.15,14.83,24.21,0,1,0,0,1,0,0
88.7,42.67,13.47,26.33,1,0,0,0,0,1,0
92.37,14.29,36.52,10.35,1,0,0,0,0,1,0
85.91,53.87,14.61,24.53,1,0,0,0,2,1,0
98.55,34.58,15.49,23.29,1,0,0,0,1,0,0
83.54,24.14,30.65,12.27,1,0,0,0,3,1,0
92.79,41.97,10.8,31.69,1,0,0,0,3,1,0
89.31,52.67,11.02,31.17,1,0,0,0,1,1,0
87.56,43.23,14.16,25.21,1,0,0,0,4,1,0
89.8,48.85,10.27,33.0,1,0,0,0,1,1,0
95.56,50.32,4.46,56.24,0,1,0,0,3,0,0
87.64,60.81,16.42,22.1,0,1,0,0,2,0,0
72.67,27.7,35.27,10.7,1,0,0,0,0,0,0
81.39,23.22,32.61,11.55,1,0,0,0,0,1,0
89.73,53.77,10.94,31.37,1,0,0,0,0,1,1
91.78,86.35,37.26,10.14,1,0,0,0,0,1,0
93.04,18.98,31.79,11.84,1,0,0,0,0,1,0
99.44,54.7,4.73,54.63,0,0,0,1,3,0,0
96.42,42.4,8.4,38.45,1,0,0,0,1,1,1
86.18,40.34,16.87,21.57,1,0,0,0,2,1,0
89.79,32.66,20.13,18.33,0,0,0,1,1,0,0
95.99,62.44,13.07,27.02,0,1,0,0,1,0,1
91.94,94.2,44.93,8.44,1,0,0,0,0,0,0
90.41,65.63,18.34,19.98,0,1,0,0,0,0,0
84.41,48.08,15.71,22.99,0,0,1,0,0,0,0
90.36,56.45,11.6,29.88,1,0,0,0,0,1,0
95.81,40.36,10.51,32.38,1,0,0,0,3,1,0
87.9,59.56,15.42,23.38,1,0,0,0,2,1,0
73.83,54.58,26.57,14.09,1,0,0,0,0,1,0
87.6,28.53,24.79,15.05,1,0,0,0,0,1,0
91.47,50.01,8.53,38.0,0,0,1,0,4,0,0
89.51,55.23,11.72,29.63,1,0,0,0,0,1,0
82.96,36.15,21.96,16.89,1,0,0,0,0,1,0
91.14,78.63,29.97,12.54,0,1,0,0,2,0,0
82.35,53.62,18.02,20.3,1,0,0,0,5,0,0
93.75,54.69,7.81,40.47,1,0,0,0,1,1,0
79.07,65.15,25.84,14.47,1,0,0,0,3,1,0
90.33,61.68,15.16,23.73,1,0,0,0,1,0,0
92.2,13.61,37.22,10.16,1,0,0,0,0,1,0
88.25,64.94,19.0,19.33,1,0,0,0,3,1,0
88.24,48.29,11.88,29.3,1,0,0,0,4,1,1
87.24,21.06,31.63,11.9,0,0,1,0,1,0,0
98.36,62.58,12.69,27.72,1,0,0,0,1,1,0
86.31,59.4,16.61,21.87,1,0,0,0,1,1,0
90.28,67.26,19.81,18.6,1,0,0,0,0,1,0
85.5,51.04,14.54,24.64,1,0,0,0,1,1,0
89.11,59.77,14.64,24.49,0,0,1,0,0,0,0
97.98,61.37,11.55,29.99,0,0,0,1,4,0,1
80.43,29.91,28.05,13.37,0,0,1,0,1,0,0
86.41,56.26,14.96,24.02,0,0,0,1,4,0,1
90.61,79.91,31.35,12.0,1,0,0,0,2,1,0
90.74,65.16,17.76,20.57,1,0,0,0,1,0,0
89.22,33.63,19.6,18.79,1,0,0,0,1,1,0
85.27,27.0,27.31,13.72,0,0,1,0,3,0,0
87.38,46.46,13.11,26.96,1,0,0,0,1,1,0
96.24,65.42,15.87,22.79,0,0,1,0,0,0,0
96.21,43.4,7.61,41.23,0,0,0,1,2,0,0
91.71,36.74,15.64,23.09,0,1,0,0,3,0,0
95.42,50.09,4.59,55.48,0,0,1,0,0,0,0
85.46,35.95,20.22,18.24,1,0,0,0,2,1,0
97.08,87.2,37.32,10.13,1,0,0,0,2,0,0
87.97,51.67,12.15,28.76,1,0,0,0,2,0,0
85.54,66.74,22.12,16.77,1,0,0,0,0,0,0
75.58,59.18,26.09,14.33,0,1,0,0,3,0,0
95.1,81.11,31.49,11.95,1,0,0,0,2,1,0
95.59,35.01,15.63,23.1,1,0,0,0,3,1,0
97.05,56.03,6.72,44.78,1,0,0,0,3,1,0
87.13,36.79,18.44,19.88,1,0,0,0,1,1,0
92.25,55.61,9.57,34.86,1,0,0,0,3,1,0
89.8,60.69,14.77,24.29,0,1,0,0,1,0,0
83.71,34.58,22.43,16.55,1,0,0,0,0,1,0
89.67,51.18,10.4,32.66,0,1,0,0,4,0,1
85.53,76.39,30.09,12.49,1,0,0,0,1,1,0
86.41,58.44,15.99,22.63,0,1,0,0,2,0,0
83.1,74.52,29.78,12.62,0,1,0,0,1,0,1
82.36,48.96,17.67,20.67,1,0,0,0,1,1,0
86.46,57.09,15.29,23.56,1,0,0,0,2,1,0
87.71,20.31,32.13,11.72,1,0,0,0,0,0,0
93.84,61.01,12.61,27.86,1,0,0,0,3,1,0
99.38,49.68,0.7,84.0,1,0,0,0,4,0,1
93.28,78.82,29.59,12.7,0,1,0,0,0,0,0
94.61,39.47,11.83,29.4,1,0,0,0,0,1,0
96.09,26.57,23.76,15.67,1,0,0,0,0,1,0
94.85,5.0,45.29,8.37,0,0,1,0,0,0,0
88.67,55.2,12.47,28.13,1,0,0,0,1,0,0
91.79,26.61,24.79,15.05,1,0,0,0,1,0,0
84.14,73.16,28.07,13.36,0,1,0,0,4,0,0
83.37,65.26,22.57,16.45,1,0,0,0,1,1,0
83.3,23.63,31.22,12.06,1,0,0,0,0,1,0
90.12,95.0,46.07,8.23,1,0,0,0,0,1,0
94.33,86.79,37.23,10.15,1,0,0,0,0,0,0
90.0,37.19,16.25,22.3,1,0,0,0,0,0,0
79.58,40.79,22.4,16.58,1,0,0,0,2,1,0
91.22,43.75,10.78,31.74,1,0,0,0,2,1,0
77.94,58.14,23.52,15.83,0,1,0,0,0,0,0
93.06,72.61,23.65,15.74,1,0,0,0,0,1,0
92.35,46.03,8.63,37.7,1,0,0,0,2,1,0
92.79,50.28,7.21,42.74,0,1,0,0,0,0,0
99.62,53.18,3.2,64.36,0,1,0,0,0,0,0
75.76,33.39,29.38,12.78,1,0,0,0,0,1,0
91.93,65.73,17.68,20.66,1,0,0,0,0,1,0
93.42,48.14,6.84,44.28,1,0,0,0,1,0,0
95.37,68.04,18.62,19.7,1,0,0,0,1,1,0
95.06,66.01,16.76,21.69,1,0,0,0,1,1,0
86.92,60.58,16.82,21.62,1,0,0,0,4,1,0
94.09,73.25,23.99,15.53,0,1,0,0,1,0,0
85.99,58.02,16.14,22.44,1,0,0,0,2,0,0
92.15,31.14,20.43,18.07,1,0,0,0,0,1,0
77.11,26.01,33.16,11.37,0,0,1,0,1,0,0
96.27,90.79,40.96,9.24,1,0,0,0,0,1,0
97.13,74.13,24.3,15.34,0,0,1,0,0,0,0
94.43,45.11,7.41,41.98,0,0,1,0,2,0,1
83.36,55.29,17.46,20.9,0,1,0,0,0,0,0
92.44,45.61,8.74,37.32,0,1,0,0,0,0,0
86.17,37.53,18.62,19.7,1,0,0,0,0,1,0
92.73,32.23,19.2,19.15,0,1,0,0,2,0,0
94.06,21.55,29.06,12.92,0,1,0,0,2,0,0
89.83,11.35,39.97,9.47,1,0,0,0,0,0,0
94.75,78.89,29.37,12.79,1,0,0,0,0,1,0
94.9,91.18,41.5,9.13,1,0,0,0,0,1,0
84.45,95.0,47.61,7.97,0,1,0,0,2,0,0
92.93,45.92,8.16,39.26,1,0,0,0,3,1,1
95.73,57.07,8.26,38.91,0,0,1,0,2,0,0
86.78,37.72,18.04,20.28,1,0,0,0,1,1,0
91.1,46.21,9.67,34.58,1,0,0,0,1,0,0
86.39,65.48,20.62,17.92,1,0,0,0,1,1,0
87.41,58.25,15.05,23.89,1,0,0,0,3,0,0
93.11,47.75,7.25,42.61,1,0,0,0,2,1,0
79.16,45.41,21.34,17.35,0,1,0,0,2,0,0
80.49,30.04,27.91,13.43,1,0,0,0,0,0,1
92.23,66.7,18.42,19.9,0,1,0,0,0,0,0
94.84,28.22,22.38,16.59,1,0,0,0,1,1,0
88.22,73.96,26.7,14.02,1,0,0,0,1,1,0
88.37,19.32,32.81,11.49,1,0,0,0,0,1,0
92.18,53.8,8.69,37.49,1,0,0,0,1,0,0
94.01,33.07,17.96,20.36,1,0,0,0,3,1,0
72.97,24.69,37.03,10.21,1,0,0,0,2,1,0
95.91,29.29,21.11,17.52,1,0,0,0,0,0,0
83.84,39.79,19.11,19.23,1,0,0,0,0,1,1
84.68,65.68,21.92,16.92,1,0,0,0,0,0,0
94.45,59.55,11.05,31.1,1,0,0,0,2,1,1
94.63,62.7,13.79,25.8,0,0,1,0,1,0,0
91.76,19.21,31.87,11.82,0,0,1,0,2,0,0
93.51,86.9,37.47,10.09,1,0,0,0,0,1,0
87.95,95.0,46.59,8.14,0,0,1,0,0,0,0
86.41,56.82,15.21,23.67,0,0,0,1,2,0,1
85.18,55.05,15.65,23.07,1,0,0,0,1,0,0
95.93,39.64,11.13,30.92,1,0,0,0,0,0,0
92.83,36.26,15.5,23.28,1,0,0,0,1,0,0
88.07,35.59,18.71,19.62,1,0,0,0,0,1,0
97.36,53.67,4.52,55.88,1,0,0,0,4,1,0
87.41,63.6,18.53,19.78,1,0,0,0,1,1,0
81.33,69.9,27.28,13.73,1,0,0,0,2,0,0
96.43,82.58,32.78,11.5,1,0,0,0,2,0,0
90.64,52.93,9.81,34.2,1,0,0,0,2,0,0
82.95,49.38,17.06,21.34,0,1,0,0,2,0,0
73.34,32.77,31.74,11.86,1,0,0,0,1,1,0
94.98,48.97,5.12,52.48,1,0,0,0,2,1,0
87.56,41.69,14.96,24.01,0,1,0,0,1,0,0
97.35,60.97,11.28,30.58,1,0,0,0,1,1,0
94.77,48.78,5.37,51.12,1,0,0,0,3,1,1
81.67,50.8,18.34,19.97,1,0,0,0,0,0,0
88.77,52.86,11.59,29.91,1,0,0,0,1,1,0
78.1,42.32,23.21,16.03,0,1,0,0,0,0,0
81.5,52.96,18.73,19.59,1,0,0,0,0,1,0
86.57,42.35,15.46,23.32,0,0,0,1,4,0,1
92.17,46.28,8.67,37.57,0,1,0,0,1,0,0
86.54,47.28,13.73,25.9,0,1,0,0,1,0,0
82.04,69.39,26.43,14.16,1,0,0,0,2,1,0
83.25,5.05,47.97,7.91,1,0,0,0,0,1,0
91.15,80.06,31.34,12.01,1,0,0,0,0,0,0
96.12,55.28,6.56,45.48,1,0,0,0,1,1,1
84.62,41.19,17.72,20.62,1,0,0,0,0,1,0
94.52,60.36,11.72,29.63,0,0,0,1,3,0,0
96.05,23.59,26.7,14.02,1,0,0,0,2,1,0
88.02,32.73,21.02,17.59,1,0,0,0,2,1,0
85.5,76.19,29.94,12.55,1,0,0,0,0,1,0
78.34,54.16,22.05,16.82,1,0,0,0,3,1,0
81.56,33.72,24.6,15.16,0,1,0,0,1,0,0
77.17,35.09,27.27,13.74,1,0,0,0,0,0,0
96.76,53.31,4.64,55.17,1,0,0,0,3,1,0
92.35,54.29,8.77,37.23,1,0,0,0,2,1,0
91.12,53.94,9.72,34.45,0,1,0,0,0,0,0
89.93,69.16,21.65,17.12,0,1,0,0,5,0,0
84.29,52.76,15.95,22.68,1,0,0,0,0,1,0
92.37,29.34,22.02,16.85,1,0,0,0,0,1,0
87.41,30.86,22.91,16.22,1,0,0,0,3,1,0
89.07,58.66,13.95,25.55,1,0,0,0,0,1,1
93.61,68.95,20.0,18.43,1,0,0,0,2,1,0
98.83,31.96,18.08,20.24,0,1,0,0,3,0,0
95.89,27.42,22.95,16.2,0,0,1,0,1,0,0
87.34,45.81,13.33,26.57,1,0,0,0,1,1,0
84.91,32.12,23.4,15.9,1,0,0,0,1,1,0
84.63,32.12,23.57,15.79,0,0,1,0,0,0,0
83.35,58.57,18.73,19.59,1,0,0,0,2,1,1
85.6,59.88,17.46,20.9,0,1,0,0,0,0,0
78.13,26.81,31.87,11.81,1,0,0,0,2,1,0
79.81,75.48,32.51,11.59,1,0,0,0,2,1,0
73.07,54.73,27.34,13.7,0,1,0,0,0,0,0
89.37,16.58,35.07,10.76,1,0,0,0,1,0,0
98.63,50.43,1.43,77.88,1,0,0,0,5,1,0
81.09,56.4,19.96,18.47,1,0,0,0,0,0,0
95.74,26.47,23.91,15.58,1,0,0,0,1,0,0
85.07,75.01,29.13,12.89,1,0,0,0,3,1,0
98.49,69.04,19.1,19.24,1,0,0,0,3,1,0
87.7,47.59,12.54,28.01,0,1,0,0,2,0,0
88.51,52.53,11.77,29.53,1,0,0,0,1,1,0
92.0,31.27,20.37,18.12,1,0,0,0,3,1,0
89.56,64.31,17.71,20.63,1,0,0,0,0,1,0
86.89,60.06,16.52,21.97,1,0,0,0,3,1,0
79.89,79.14,35.41,10.66,0,0,1,0,0,0,0
67.5,67.4,36.86,10.25,0,0,1,0,0,0,0
75.5,37.86,27.35,13.7,1,0,0,0,0,1,0
97.77,49.16,2.39,70.31,1,0,0,0,0,0,0
92.84,13.07,37.62,10.05,1,0,0,0,1,0,0
91.78,55.44,9.86,34.06,0,0,0,1,4,0,0
98.28,46.56,3.85,60.01,1,0,0,0,2,1,0
83.08,69.12,25.54,14.63,1,0,0,0,0,1,0
96.52,72.54,22.81,16.29,0,1,0,0,1,0,0
95.21,66.08,16.78,21.67,0,1,0,0,2,0,0
96.77,61.92,12.35,28.37,1,0,0,0,0,1,0
91.12,61.02,14.15,25.23,0,1,0,0,4,0,0
90.09,40.82,13.51,26.27,1,0,0,0,1,1,0
90.61,48.17,9.57,34.87,1,0,0,0,3,1,0
94.25,89.19,39.61,9.55,1,0,0,0,0,1,1
84.94,44.3,16.1,22.49,1,0,0,0,0,1,0
74.46,35.53,29.36,12.79,1,0,0,0,0,1,0
76.29,9.88,46.6,8.14,0,1,0,0,1,0,0
93.95,5.24,45.17,8.4,0,1,0,0,1,0,0
89.87,5.0,46.13,8.22,1,0,0,0,0,1,0
87.22,63.41,18.52,19.8,0,1,0,0,0,0,0
91.85,30.73,20.92,17.67,0,0,0,1,1,0,1
94.35,95.0,45.35,8.36,1,0,0,0,0,1,0
84.55,44.79,16.3,22.24,0,1,0,0,2,0,0
83.17,50.64,16.84,21.6,1,0,0,0,0,1,0
74.47,47.02,25.7,14.54,0,0,1,0,0,0,0
83.45,49.19,16.57,21.92,1,0,0,0,1,1,0
87.76,45.76,12.96,27.23,1,0,0,0,2,0,0
84.92,66.44,22.3,16.64,0,1,0,0,0,0,0
75.09,68.25,30.88,12.18,1,0,0,0,0,1,0
70.1,37.35,32.46,11.61,0,1,0,0,0,0,0
93.67,7.46,43.0,8.81,1,0,0,0,0,1,0
91.35,27.55,24.06,15.49,1,0,0,0,0,1,0
91.55,79.52,30.71,12.25,1,0,0,0,0,1,0
84.66,67.34,23.15,16.07,1,0,0,0,3,1,0
78.43,54.38,22.01,16.85,1,0,0,0,5,1,0
89.74,83.95,35.46,10.65,1,0,0,0,0,0,0
87.63,12.0,39.97,9.47,1,0,0,0,0,1,0
82.37,61.81,21.23,17.44,1,0,0,0,1,1,0
78.29,38.79,24.43,15.26,0,0,1,0,1,0,0
89.98,44.79,11.3,30.55,0,0,0,1,1,0,1
98.29,60.81,10.94,31.35,0,0,1,0,4,0,0
88.29,36.57,17.82,20.51,1,0,0,0,1,1,0
93.1,34.81,16.68,21.79,1,0,0,0,3,1,0
74.12,44.25,26.51,14.12,1,0,0,0,0,1,0
71.74,82.56,43.12,8.79,1,0,0,0,1,1,0
83.98,17.75,36.01,10.49,0,0,0,1,0,0,1
95.2,82.14,32.49,11.59,1,0,0,0,0,0,0
93.94,39.68,11.97,29.12,1,0,0,0,3,1,0
86.56,45.26,14.26,25.06,0,0,0,1,3,0,1
82.64,41.47,19.34,19.02,1,0,0,0,0,1,0
82.07,58.58,19.87,18.54,0,0,0,1,4,0,0
84.66,30.61,24.72,15.09,0,0,1,0,1,0,0
99.24,56.73,6.78,44.53,1,0,0,0,5,0,0
79.37,54.74,21.16,17.49,1,0,0,0,0,0,0
77.44,31.54,29.15,12.88,0,0,1,0,0,0,0
87.63,43.36,14.04,25.4,1,0,0,0,3,0,0
88.19,70.51,23.66,15.74,1,0,0,0,0,1,0
92.88,52.31,7.48,41.7,0,0,1,0,0,0,0
82.5,39.67,20.32,18.16,1,0,0,0,1,0,0
93.81,50.1,6.2,47.1,1,0,0,0,5,1,0
91.12,34.94,17.48,20.87,0,1,0,0,1,0,0
92.07,47.66,8.27,38.87,0,0,0,1,1,0,0
96.63,23.78,26.44,14.15,1,0,0,0,0,1,0
92.29,76.16,27.27,13.74,0,1,0,0,2,0,0
97.64,21.75,28.35,13.23,0,0,0,1,1,0,1
89.36,51.26,10.72,31.89,1,0,0,0,5,1,0
93.4,56.26,9.09,36.25,1,0,0,0,3,1,0
88.25,32.4,21.16,17.49,1,0,0,0,1,0,0
89.83,19.65,32.01,11.77,0,0,0,1,0,0,1
92.28,73.92,25.14,14.85,0,1,0,0,0,0,0
97.58,60.16,10.45,32.54,0,0,1,0,3,0,0
84.11,72.38,27.45,13.65,1,0,0,0,0,1,0
82.97,11.61,41.99,9.02,1,0,0,0,1,1,0
95.25,59.37,10.5,32.4,0,0,0,1,2,0,0
97.0,76.08,26.25,14.25,1,0,0,0,1,1,0
97.6,72.2,22.33,16.62,1,0,0,0,3,1,0
93.41,26.33,24.57,15.18,1,0,0,0,1,0,0
81.76,62.71,22.23,16.69,1,0,0,0,1,0,0
98.78,29.32,20.72,17.84,1,0,0,0,4,1,0
97.86,62.22,12.4,28.26,0,0,0,1,1,0,1
91.69,50.16,8.32,38.72,1,0,0,0,3,1,0
95.0,69.81,20.43,18.07,1,0,0,0,3,1,0
99.06,28.7,21.32,17.36,1,0,0,0,0,1,0
79.62,10.72,44.25,8.57,0,1,0,0,3,0,0
76.65,23.65,35.21,10.72,1,0,0,0,6,1,0
93.1,54.38,8.18,39.19,0,1,0,0,4,0,0
80.4,41.57,21.33,17.36,0,0,1,0,1,0,0
75.23,74.33,34.72,10.87,1,0,0,0,2,0,0
89.16,41.89,13.54,26.21,1,0,0,0,1,1,0
96.34,38.59,11.98,29.1,1,0,0,0,4,0,0
92.57,68.66,20.08,18.36,1,0,0,0,0,1,0
93.29,57.03,9.71,34.46,1,0,0,0,3,1,0
93.59,22.13,28.59,13.12,1,0,0,0,0,1,0
85.77,36.06,19.92,18.5,0,0,1,0,1,0,0
81.94,63.65,22.64,16.41,0,0,1,0,3,0,0
95.48,32.35,18.22,20.1,0,0,1,0,1,0,0
78.26,70.09,29.6,12.69,1,0,0,0,1,1,0
86.13,18.58,34.34,10.99,1,0,0,0,0,1,0
92.18,70.02,21.49,17.23,0,1,0,0,2,0,0
91.37,64.44,16.82,21.62,1,0,0,0,1,0,0
89.88,58.77,13.39,26.47,1,0,0,0,1,1,0
85.79,61.26,18.13,20.19,1,0,0,0,2,1,0
86.7,28.3,25.45,14.68,1,0,0,0,0,1,0
89.34,45.78,11.47,30.17,1,0,0,0,0,1,0
78.36,5.0,49.93,7.6,0,1,0,0,0,0,0
93.33,54.86,8.25,38.95,1,0,0,0,3,1,0
92.6,54.23,8.52,38.04,0,1,0,0,0,0,0
89.41,70.56,23.13,16.08,0,1,0,0,0,0,0
78.9,64.45,25.58,14.61,1,0,0,0,0,1,0
86.81,23.97,29.18,12.87,1,0,0,0,1,1,0
87.06,31.02,22.97,16.19,1,0,0,0,1,1,0
67.64,43.03,33.1,11.39,1,0,0,0,0,1,0
81.01,43.82,19.97,18.46,0,1,0,0,0,0,0
82.58,70.77,27.11,13.82,0,1,0,0,2,0,0
83.42,20.84,33.55,11.24,1,0,0,0,0,0,0
98.63,35.13,14.93,24.06,0,0,0,1,1,0,1
82.53,43.46,18.65,19.67,1,0,0,0,1,0,0
90.93,84.73,35.89,10.52,1,0,0,0,0,1,0
95.78,95.0,45.2,8.39,0,0,0,1,1,0,1
84.25,28.64,26.54,14.1,1,0,0,0,0,1,0
82.18,41.27,19.84,18.57,1,0,0,0,1,1,0
96.66,61.69,12.16,28.73,1,0,0,0,2,1,0
83.95,14.03,39.38,9.61,1,0,0,0,0,1,0
82.9,14.1,39.76,9.52,0,0,0,1,0,0,1
95.93,60.39,11.15,30.87,1,0,0,0,0,0,0
93.74,47.77,6.64,45.11,1,0,0,0,1,1,0
99.66,55.94,5.95,48.25,1,0,0,0,1,1,0
87.25,87.3,39.42,9.6,0,0,1,0,0,0,0
87.71,15.36,36.76,10.28,1,0,0,0,0,1,0
88.72,36.95,17.25,21.13,1,0,0,0,2,0,0
87.56,41.77,14.91,24.08,1,0,0,0,1,1,0
93.14,61.15,13.09,26.99,1,0,0,0,3,0,0
84.32,63.49,20.69,17.86,0,1,0,0,0,0,0
96.35,32.14,18.23,20.09,1,0,0,0,4,1,0
77.07,61.03,25.45,14.68,1,0,0,0,0,1,0
83.64,22.65,31.87,11.82,0,1,0,0,0,0,0
95.13,54.13,6.38,46.25,1,0,0,0,2,0,0
83.19,68.42,24.93,14.97,1,0,0,0,2,1,0
97.47,55.3,5.87,48.63,1,0,0,0,1,1,1
88.23,11.52,40.24,9.41,1,0,0,0,3,1,0
90.77,11.33,39.75,9.52,1,0,0,0,0,1,0
87.36,44.28,13.87,25.67,1,0,0,0,0,1,0
86.4,61.5,17.81,20.52,1,0,0,0,3,1,0
85.11,47.34,15.13,23.78,1,0,0,0,0,0,0
96.67,5.0,45.12,8.4,1,0,0,0,0,1,0
94.12,42.44,9.58,34.83,1,0,0,0,3,1,0
85.31,43.94,15.89,22.76,1,0,0,0,4,0,1
95.67,45.89,5.97,48.16,1,0,0,0,3,0,0
86.09,33.92,21.26,17.41,0,1,0,0,1,0,0
80.23,38.26,22.99,16.17,1,0,0,0,0,1,0
78.24,29.31,30.03,12.52,1,0,0,0,0,1,0
83.85,95.0,47.81,7.94,0,0,1,0,0,0,0
97.27,41.23,9.18,35.98,1,0,0,0,2,1,0
92.58,63.12,15.07,23.86,0,1,0,0,3,0,0
88.6,74.28,26.82,13.96,1,0,0,0,1,0,0
85.5,57.95,16.54,21.96,0,1,0,0,1,0,0
97.31,32.18,18.02,20.3,1,0,0,0,0,0,0
91.63,72.67,24.17,15.42,1,0,0,0,0,1,0
90.75,71.66,23.55,15.8,0,1,0,0,2,0,0
90.56,25.82,25.95,14.41,0,0,1,0,0,0,0
79.04,80.16,36.73,10.29,1,0,0,0,0,1,0
75.16,95.0,51.4,7.39,1,0,0,0,0,1,0
83.18,85.99,39.72,9.53,0,1,0,0,0,0,0
92.19,26.12,25.12,14.86,1,0,0,0,0,0,1
90.31,87.19,38.43,9.84,1,0,0,0,0,1,0
90.21,60.48,14.35,24.92,1,0,0,0,3,1,0
87.09,37.9,17.69,20.64,1,0,0,0,4,0,0
78.74,29.66,29.42,12.77,1,0,0,0,2,0,0
87.17,67.35,21.58,17.17,1,0,0,0,0,0,0
78.45,7.31,47.82,7.94,1,0,0,0,0,1,0
91.09,88.85,39.86,9.5,1,0,0,0,0,1,0
81.36,66.49,24.88,15.0,1,0,0,0,0,1,0
93.39,59.9,11.9,29.25,1,0,0,0,1,1,0
89.95,29.37,22.95,16.2,1,0,0,0,3,0,0
89.6,42.48,12.84,27.45,1,0,0,0,1,0,0
95.73,46.78,5.34,51.29,1,0,0,0,0,1,0
87.6,36.63,18.24,20.08,0,0,1,0,0,0,0
93.28,26.47,24.47,15.24,1,0,0,0,1,0,0
94.68,95.0,45.31,8.37,1,0,0,0,0,1,0
93.43,5.0,45.48,8.34,0,0,1,0,1,0,0
95.04,26.48,24.04,15.5,1,0,0,0,0,1,0
95.15,36.03,14.79,24.26,0,1,0,0,1,0,0
89.85,47.02,10.58,32.23,1,0,0,0,2,0,0
96.74,81.82,31.98,11.77,0,1,0,0,0,0,0
81.91,37.58,21.94,16.9,1,0,0,0,2,0,0
95.03,32.42,18.26,20.05,1,0,0,0,1,1,0
81.81,49.57,18.2,20.12,0,1,0,0,1,0,0
89.62,32.02,20.77,17.8,1,0,0,0,0,0,0
82.92,48.7,17.13,21.26,1,0,0,0,1,1,0
93.9,34.54,16.62,21.86,1,0,0,0,2,0,0
90.61,40.85,13.11,26.95,1,0,0,0,0,1,0
85.21,65.56,21.47,17.25,1,0,0,0,2,0,0
96.31,39.43,11.2,30.77,0,0,1,0,2,0,0
76.94,13.53,43.15,8.78,0,0,1,0,0,0,0
77.81,41.9,23.62,15.76,1,0,0,0,1,1,0
90.79,60.56,14.01,25.45,1,0,0,0,2,1,0
91.31,64.61,17.0,21.41,1,0,0,0,0,0,0
76.28,76.02,35.2,10.72,1,0,0,0,0,1,0
91.52,43.63,10.6,32.16,1,0,0,0,3,1,0
82.05,62.98,22.16,16.75,1,0,0,0,1,1,0
84.62,44.8,16.23,22.33,1,0,0,0,2,1,0
94.09,21.31,29.29,12.82,0,1,0,0,0,0,0
97.87,49.58,2.17,71.97,1,0,0,0,1,1,1
87.03,43.22,14.63,24.5,1,0,0,0,2,1,0
85.79,67.24,22.34,16.62,1,0,0,0,1,0,0
89.01,77.43,29.55,12.72,1,0,0,0,3,1,0
90.18,54.84,10.95,31.34,1,0,0,0,2,1,0
91.35,65.29,17.57,20.78,1,0,0,0,1,1,0
95.77,95.0,45.2,8.39,0,1,0,0,0,0,0
94.71,59.84,11.18,30.82,1,0,0,0,3,1,0
87.76,46.81,12.65,27.79,0,0,0,1,3,0,0
89.76,14.46,36.98,10.22,1,0,0,0,0,1,0
87.15,56.58,14.44,24.79,0,0,1,0,3,0,0
86.46,58.57,16.02,22.59,0,1,0,0,0,0,0
76.29,32.35,29.56,12.71,1,0,0,0,0,1,0
72.81,47.28,27.32,13.71,0,0,1,0,3,0,0
88.28,59.87,15.32,23.52,0,0,1,0,2,0,0
93.75,56.91,9.31,35.59,1,0,0,0,4,1,1
86.27,70.52,24.69,15.11,0,1,0,0,2,0,0
96.15,55.37,6.61,45.26,0,0,1,0,1,0,0
86.41,42.66,15.45,23.34,1,0,0,0,2,1,0
81.55,5.19,48.46,7.83,1,0,0,0,0,0,0
82.67,70.39,26.76,13.99,1,0,0,0,0,1,0
86.04,41.05,16.58,21.9,0,0,1,0,1,0,0
89.36,58.1,13.37,26.5,1,0,0,0,0,1,0
92.36,64.91,16.76,21.7,0,0,1,0,3,0,0
96.61,53.85,5.13,52.43,1,0,0,0,3,0,0
94.11,51.03,5.98,48.13,1,0,0,0,4,1,0
77.18,41.52,24.34,15.32,1,0,0,0,2,1,0
94.64,30.65,20.08,18.37,0,1,0,0,2,0,0
79.22,70.96,29.52,12.73,1,0,0,0,0,1,0
83.44,43.34,17.85,20.48,1,0,0,0,0,1,0
87.06,41.64,15.41,23.4,0,1,0,0,1,0,0
85.29,34.34,21.48,17.24,1,0,0,0,1,1,0
73.08,53.24,27.11,13.81,1,0,0,0,0,1,0
93.58,52.99,7.08,43.26,1,0,0,0,3,1,0
86.12,38.01,18.34,19.97,1,0,0,0,3,1,0
98.44,76.78,26.83,13.96,0,0,1,0,0,0,0
80.34,49.72,19.66,18.73,1,0,0,0,2,1,0
90.03,95.0,46.09,8.23,1,0,0,0,0,1,0
85.85,49.84,14.16,25.22,1,0,0,0,1,1,0
91.65,46.28,9.14,36.11,1,0,0,0,1,1,0
80.96,75.75,32.03,11.76,0,1,0,0,2,0,0
80.63,64.15,23.99,15.53,0,0,0,1,4,0,0
91.67,26.57,24.87,15.01,1,0,0,0,0,1,0
95.47,47.98,4.96,53.37,1,0,0,0,2,1,0
90.35,51.21,9.72,34.44,1,0,0,0,2,0,0
95.21,66.83,17.5,20.85,1,0,0,0,0,1,0
94.88,37.06,13.91,25.6,1,0,0,0,1,0,0
89.81,30.35,22.14,16.76,1,0,0,0,1,0,0
79.97,53.53,20.34,18.15,0,1,0,0,2,0,0
84.26,47.94,15.88,22.78,1,0,0,0,1,1,0
84.94,95.0,47.45,8.0,1,0,0,0,0,1,0
90.93,51.0,9.13,36.14,0,0,0,1,0,0,0
88.68,55.29,12.49,28.09,1,0,0,0,0,1,0
73.77,59.89,28.03,13.38,1,0,0,0,0,1,0
94.24,30.2,20.62,17.91,1,0,0,0,0,1,0
96.78,75.27,25.47,14.67,0,1,0,0,0,0,0
87.91,39.67,15.91,22.74,0,1,0,0,1,0,0
82.28,44.78,18.47,19.85,1,0,0,0,1,1,0
96.11,24.5,25.8,14.49,0,1,0,0,0,0,0
70.74,68.06,34.38,10.97,0,1,0,0,2,0,0
95.96,51.62,4.35,56.88,0,0,0,1,5,0,1
95.41,20.3,30.05,12.51,0,0,0,1,2,0,0
98.37,42.9,7.28,42.47,1,0,0,0,1,1,0
99.1,5.0,45.01,8.43,0,1,0,0,0,0,0
85.94,19.8,33.31,11.32,1,0,0,0,0,1,0
91.46,37.3,15.3,23.54,1,0,0,0,2,1,0
91.54,76.68,27.99,13.4,0,0,1,0,0,0,0
89.45,42.22,13.11,26.96,1,0,0,0,1,1,0
79.58,57.78,21.85,16.97,0,0,1,0,0,0,0
94.9,25.55,24.97,14.95,1,0,0,0,0,1,0
87.9,41.45,14.81,24.23,1,0,0,0,1,1,0
97.81,49.55,2.23,71.5,1,0,0,0,4,1,0
95.2,25.47,24.99,14.94,1,0,0,0,1,1,0
89.68,58.32,13.26,26.7,0,0,1,0,0,0,0
87.25,53.13,13.13,26.92,1,0,0,0,0,1,0
93.98,55.47,8.13,39.34,0,1,0,0,2,0,0
78.03,59.05,23.76,15.67,1,0,0,0,0,1,0
94.67,55.35,7.55,41.43,1,0,0,0,0,1,0
94.98,41.37,9.98,33.75,1,0,0,0,2,1,0
84.61,72.78,27.49,13.63,1,0,0,0,2,0,0
95.52,55.98,7.47,41.75,1,0,0,0,2,1,0
90.43,60.92,14.52,24.66,0,1,0,0,2,0,1
81.62,37.78,22.08,16.8,1,0,0,0,1,0,0
97.8,70.75,20.87,17.72,1,0,0,0,0,1,0
94.22,38.28,13.07,27.03,1,0,0,0,3,1,0
78.59,67.99,27.96,13.41,0,0,1,0,0,0,0
84.04,63.23,20.73,17.83,1,0,0,0,2,1,0
82.44,42.77,18.99,19.34,1,0,0,0,2,1,0
82.91,35.87,22.17,16.74,1,0,0,0,2,0,0
95.59,16.21,34.07,11.07,1,0,0,0,0,0,0
95.38,56.83,8.24,38.96,1,0,0,0,1,1,0
81.68,27.01,29.4,12.78,1,0,0,0,0,1,0
87.99,30.72,22.71,16.36,1,0,0,0,1,0,0
84.1,36.94,20.57,17.95,1,0,0,0,0,1,0
84.43,37.64,19.88,18.54,1,0,0,0,0,1,0
86.77,55.98,14.52,24.66,0,1,0,0,1,0,0
89.04,23.49,28.68,13.08,0,0,1,0,1,0,0
83.97,75.67,30.27,12.42,1,0,0,0,1,1,0
89.69,45.68,11.18,30.81,1,0,0,0,3,1,1
93.05,68.76,20.01,18.43,1,0,0,0,3,1,0
95.78,62.28,12.98,27.19,1,0,0,0,0,1,0
96.46,58.22,8.95,36.67,1,0,0,0,2,0,0
85.87,51.73,14.24,25.09,1,0,0,0,3,1,0
81.94,44.81,18.79,19.53,0,1,0,0,0,0,0
81.52,43.18,19.7,18.7,0,0,1,0,0,0,0
98.51,42.31,7.84,40.39,1,0,0,0,5,0,0
87.43,49.96,12.57,27.94,1,0,0,0,2,0,0
99.27,66.65,16.67,21.8,1,0,0,0,1,1,0
76.51,95.0,50.76,7.48,0,0,1,0,0,0,0
84.09,56.44,17.16,21.23,1,0,0,0,0,0,0
88.26,55.12,12.8,27.51,0,0,1,0,4,0,0
74.65,33.36,30.33,12.4,1,0,0,0,2,1,0
86.59,54.65,14.19,25.16,1,0,0,0,1,1,0
95.58,64.23,14.91,24.1,1,0,0,0,1,1,0
84.21,28.95,26.32,14.22,1,0,0,0,0,1,0
79.74,41.8,21.86,16.96,1,0,0,0,2,1,0
88.3,55.24,12.82,27.48,0,1,0,0,2,0,1
84.72,42.7,16.94,21.49,1,0,0,0,4,1,0
93.09,78.2,29.04,12.93,1,0,0,0,2,1,0
93.89,60.37,12.04,28.97,0,1,0,0,1,0,0
89.55,53.57,11.04,31.12,1,0,0,0,1,1,0
97.94,46.4,4.15,58.1,1,0,0,0,1,1,0
92.85,95.0,45.56,8.32,1,0,0,0,0,0,0
93.53,53.18,7.2,42.78,1,0,0,0,2,1,0
93.58,40.6,11.38,30.35,0,0,1,0,0,0,0
94.31,28.9,21.85,16.97,1,0,0,0,0,0,0
82.88,77.57,32.45,11.61,1,0,0,0,0,1,0
84.12,90.23,43.25,8.76,1,0,0,0,0,1,0
82.23,41.76,19.59,18.8,0,1,0,0,3,0,0
92.61,50.7,7.43,41.91,0,1,0,0,2,0,0
91.59,47.61,8.74,37.33,1,0,0,0,2,0,0
94.37,72.98,23.65,15.74,1,0,0,0,2,1,0
80.64,51.86,19.45,18.92,0,1,0,0,0,0,0
90.98,53.84,9.8,34.22,1,0,0,0,3,1,0
82.36,28.8,27.58,13.59,1,0,0,0,0,0,0
92.56,61.38,13.59,26.13,0,0,1,0,2,0,0
94.84,39.26,11.92,29.22,0,0,0,1,1,0,1
88.41,61.12,16.06,22.54,1,0,0,0,1,1,0
85.18,71.2,25.87,14.45,0,0,1,0,2,0,0
97.34,48.38,3.12,64.95,1,0,0,0,5,0,0
83.7,56.21,17.44,20.91,1,0,0,0,3,1,0
85.79,44.93,15.08,23.84,1,0,0,0,1,0,0
85.44,51.88,14.68,24.42,0,0,1,0,4,0,0
74.4,48.64,25.63,14.58,1,0,0,0,1,1,0
87.86,65.66,19.81,18.6,1,0,0,0,1,0,0
77.7,25.86,32.86,11.47,1,0,0,0,0,1,0
91.91,60.44,13.21,26.77,1,0,0,0,3,1,0
79.58,72.84,30.64,12.28,0,0,1,0,1,0,0
88.89,42.36,13.48,26.31,1,0,0,0,1,1,0
97.3,53.27,4.24,57.55,1,0,0,0,5,0,0
87.02,19.07,33.54,11.24,1,0,0,0,0,1,0
86.43,77.49,30.65,12.27,0,1,0,0,0,0,0
93.76,55.3,8.19,39.15,0,1,0,0,0,0,0
81.5,61.06,21.56,17.18,1,0,0,0,2,1,0
76.18,19.54,38.67,9.78,1,0,0,0,0,1,0
88.89,62.3,16.58,21.91,1,0,0,0,1,1,0
89.96,57.93,12.8,27.52,1,0,0,0,2,0,0
91.03,34.91,17.56,20.79,1,0,0,0,2,0,0
89.62,56.27,12.13,28.8,1,0,0,0,2,0,0
97.82,78.77,28.85,13.01,0,1,0,0,0,0,0
87.81,5.0,46.62,8.14,1,0,0,0,0,1,0
83.14,39.9,19.66,18.74,1,0,0,0,2,1,1
92.18,26.62,24.65,15.13,0,1,0,0,0,0,0
92.01,69.73,21.28,17.39,1,0,0,0,1,0,0
87.83,48.48,12.26,28.53,0,0,1,0,0,0,0
87.92,63.63,18.21,20.11,0,1,0,0,1,0,1
95.77,92.32,42.54,8.91,0,1,0,0,0,0,0
89.64,48.73,10.44,32.57,1,0,0,0,1,1,0
92.08,43.78,10.07,33.5,1,0,0,0,2,1,0
85.85,26.51,27.42,13.66,1,0,0,0,2,0,0
91.49,5.0,45.8,8.28,1,0,0,0,0,1,0
92.0,41.03,12.02,29.02,1,0,0,0,3,1,0
98.78,77.97,27.99,13.4,1,0,0,0,0,1,0
91.31,46.32,9.44,35.23,1,0,0,0,3,1,1
89.8,77.89,29.7,12.65,0,1,0,0,2,0,0
91.97,51.34,8.15,39.3,0,1,0,0,4,0,0
95.32,60.49,11.48,30.14,1,0,0,0,6,1,0
89.65,42.81,12.6,27.88,0,0,0,1,1,0,0
93.38,59.31,11.43,30.26,0,0,0,1,1,0,0
91.77,27.53,23.93,15.57,1,0,0,0,1,1,0
84.41,35.91,21.01,17.6,1,0,0,0,3,1,0
89.21,41.82,13.54,26.21,1,0,0,0,2,1,0
92.84,5.0,45.57,8.32,1,0,0,0,3,1,0
79.27,32.58,27.08,13.83,0,1,0,0,0,0,0
79.47,39.55,23.04,16.14,0,1,0,0,0,0,0
96.72,52.67,4.23,57.6,1,0,0,0,2,1,1
96.81,82.32,32.47,11.6,1,0,0,0,2,0,0
77.96,81.16,38.17,9.91,1,0,0,0,0,1,0
84.0,26.09,28.77,13.05,1,0,0,0,0,0,0
89.31,22.28,29.71,12.65,1,0,0,0,0,1,0
92.47,33.6,18.05,20.27,1,0,0,0,0,1,0
90.63,41.5,12.65,27.79,1,0,0,0,1,1,0
84.03,45.56,16.58,21.91,1,0,0,0,2,1,0
90.16,39.07,14.71,24.38,1,0,0,0,2,0,0
93.58,74.43,25.26,14.78,1,0,0,0,3,1,1
89.96,13.7,37.66,10.04,1,0,0,0,0,0,0
88.14,76.83,29.33,12.81,1,0,0,0,0,1,0
86.81,89.21,41.37,9.15,1,0,0,0,0,1,0
93.93,46.25,7.13,43.06,1,0,0,0,3,1,0
87.04,56.54,14.52,24.67,1,0,0,0,1,0,0
95.18,83.49,33.84,11.15,0,1,0,0,0,0,0
97.08,31.12,19.11,19.23,1,0,0,0,2,1,0
83.74,58.24,18.23,20.09,0,1,0,0,2,0,0
75.31,63.36,28.08,13.36,0,0,0,1,1,0,1
97.24,19.61,30.51,12.32,0,1,0,0,1,0,0
78.2,38.98,24.42,15.27,1,0,0,0,3,0,0
91.23,16.42,34.71,10.87,1,0,0,0,2,1,0
93.84,29.53,21.38,17.32,0,0,1,0,2,0,0
85.86,62.06,18.59,19.73,0,1,0,0,1,0,0
86.63,85.7,38.12,9.92,1,0,0,0,0,1,0
94.64,56.13,8.14,39.31,1,0,0,0,3,1,0
87.02,87.89,40.05,9.45,0,0,0,1,2,0,0
84.22,71.36,26.56,14.09,1,0,0,0,0,1,0
89.34,53.96,11.37,30.38,1,0,0,0,1,1,0
83.05,39.56,19.91,18.52,1,0,0,0,2,0,0
85.38,27.44,26.89,13.93,1,0,0,0,2,1,0
86.54,21.96,31.1,12.1,1,0,0,0,2,1,0
96.07,61.29,11.96,29.14,0,0,0,1,0,0,1
99.16,46.52,3.58,61.78,0,1,0,0,1,0,0
96.86,36.9,13.47,26.33,1,0,0,0,1,1,0
88.86,33.1,20.24,18.23,1,0,0,0,2,1,0
89.71,62.53,16.21,22.35,1,0,0,0,3,1,0
84.86,40.67,17.78,20.55,1,0,0,0,0,0,0
94.84,61.97,13.03,27.09,1,0,0,0,2,1,0
91.71,95.0,45.76,8.29,0,1,0,0,0,0,0
91.04,62.96,15.76,22.93,1,0,0,0,0,0,0
79.66,52.65,20.51,18.01,1,0,0,0,0,1,0
90.24,44.69,11.11,30.96,1,0,0,0,2,1,0
83.57,46.37,16.83,21.61,1,0,0,0,1,0,0
91.2,71.36,23.1,16.1,0,1,0,0,1,0,1
91.49,32.44,19.52,18.86,1,0,0,0,1,1,0
97.13,25.81,24.36,15.3,1,0,0,0,1,1,0
93.02,62.94,14.71,24.39,1,0,0,0,0,1,0
98.09,62.08,12.23,28.59,1,0,0,0,2,1,0
83.47,80.94,35.08,10.76,1,0,0,0,0,1,0
90.03,79.88,31.5,11.95,1,0,0,0,0,0,0
97.0,54.91,5.76,49.19,1,0,0,0,3,1,0
84.87,60.45,18.39,19.93,1,0,0,0,2,1,0
84.44,18.02,35.57,10.62,1,0,0,0,0,0,0
96.88,74.52,24.72,15.09,1,0,0,0,0,1,0
79.88,21.61,34.8,10.85,1,0,0,0,1,1,0
92.72,60.82,13.04,27.08,1,0,0,0,3,1,0
97.75,36.2,13.98,25.49,1,0,0,0,0,1,0
86.41,85.78,38.27,9.88,1,0,0,0,0,1,0
94.01,80.79,31.37,12.0,0,1,0,0,0,0,0
79.77,83.24,38.92,9.72,0,0,1,0,0,0,0
93.62,46.55,7.25,42.59,1,0,0,0,0,1,0
87.13,43.22,14.55,24.62,1,0,0,0,2,1,0
83.69,67.17,23.68,15.72,1,0,0,0,0,1,0
82.05,49.91,17.95,20.38,1,0,0,0,1,1,0
95.13,89.09,39.39,9.61,1,0,0,0,0,0,0
93.37,47.11,7.23,42.67,1,0,0,0,4,0,0
95.81,49.95,4.19,57.87,1,0,0,0,0,0,1
93.93,40.04,11.67,29.75,1,0,0,0,2,1,0
77.93,49.11,22.08,16.8,1,0,0,0,3,1,0
84.81,71.19,26.07,14.34,0,0,1,0,0,0,0
90.61,66.14,18.67,19.65,0,0,1,0,1,0,0
73.68,51.34,26.35,14.2,1,0,0,0,0,0,0
96.58,58.95,9.58,34.83,1,0,0,0,1,1,0
97.08,32.33,17.91,20.41,1,0,0,0,1,1,0
91.22,51.81,8.96,36.64,1,0,0,0,0,0,0
96.37,18.83,31.38,11.99,1,0,0,0,0,1,0
92.07,57.96,11.23,30.68,1,0,0,0,0,0,0
73.65,27.16,34.88,10.82,0,1,0,0,0,0,0
97.78,54.58,5.09,52.65,1,0,0,0,1,1,0
87.22,33.7,20.71,17.84,1,0,0,0,1,1,0
97.36,59.66,10.02,33.65,1,0,0,0,2,1,0
94.9,58.37,9.8,34.22,1,0,0,0,2,1,0
92.24,57.06,10.49,32.44,1,0,0,0,2,1,0
93.09,30.09,21.08,17.55,0,1,0,0,1,0,0
93.17,64.02,15.59,23.15,1,0,0,0,0,1,0
94.24,5.0,45.37,8.36,0,0,0,1,0,0,1
81.72,31.19,26.23,14.26,0,1,0,0,0,0,0
83.63,31.58,24.65,15.13,1,0,0,0,3,1,0
82.01,53.72,18.37,19.95,1,0,0,0,1,0,0
83.48,19.48,34.71,10.87,0,1,0,0,0,0,0
73.59,31.75,32.1,11.73,1,0,0,0,0,1,0
84.69,24.82,29.47,12.75,1,0,0,0,0,1,0
92.94,46.51,7.88,40.23,1,0,0,0,2,1,0
90.49,40.77,13.25,26.7,1,0,0,0,2,1,0
97.69,93.08,43.14,8.79,1,0,0,0,0,1,0
91.24,60.68,13.81,25.77,1,0,0,0,3,1,0
98.18,82.55,32.6,11.56,1,0,0,0,0,1,0
86.83,67.4,21.83,16.99,1,0,0,0,3,1,0
95.37,54.78,6.66,45.05,0,0,1,0,3,0,0
85.75,55.13,15.15,23.75,1,0,0,0,1,1,0
98.34,34.36,15.73,22.97,1,0,0,0,1,1,0
90.85,49.08,9.2,35.94,1,0,0,0,2,1,0
83.06,69.37,25.73,14.52,1,0,0,0,0,0,0
74.53,50.62,25.47,14.67,1,0,0,0,0,1,0
83.16,39.65,19.76,18.64,1,0,0,0,0,0,0
95.13,19.4,30.99,12.14,1,0,0,0,1,1,0
84.13,48.89,15.91,22.74,1,0,0,0,0,1,0
93.34,61.19,13.02,27.11,0,0,1,0,2,0,0
88.4,72.34,25.17,14.83,1,0,0,0,1,1,0
76.94,49.04,23.08,16.11,0,0,1,0,2,0,0
78.76,41.56,22.86,16.26,1,0,0,0,0,1,0
92.45,44.89,9.12,36.17,1,0,0,0,2,1,0
93.51,49.74,6.5,45.75,1,0,0,0,1,1,0
91.6,95.0,45.78,8.29,0,0,1,0,0,0,0
83.87,60.83,19.43,18.94,1,0,0,0,0,1,0
77.66,37.53,25.58,14.61,1,0,0,0,2,0,0
97.26,56.89,7.42,41.95,1,0,0,0,1,1,1
95.79,38.34,12.4,28.27,1,0,0,0,2,0,0
98.17,60.74,10.89,31.47,0,0,1,0,0,0,0
91.77,45.88,9.21,35.91,1,0,0,0,3,1,0
93.69,22.16,28.55,13.14,0,1,0,0,2,0,0
83.04,41.63,18.91,19.42,0,0,1,0,0,0,0
87.65,13.16,38.85,9.74,1,0,0,0,0,1,0
86.48,64.44,19.78,18.62,1,0,0,0,0,1,0
92.46,35.17,16.64,21.84,1,0,0,0,2,1,0
88.85,8.65,42.83,8.85,1,0,0,0,0,1,0
92.98,34.28,17.22,21.17,0,1,0,0,0,0,0
91.87,58.51,11.77,29.53,1,0,0,0,1,1,0
86.85,33.34,21.22,17.44,1,0,0,0,1,0,0
89.81,5.0,46.14,8.22,1,0,0,0,0,0,0
91.71,13.26,37.67,10.04,0,0,0,1,0,0,1
88.31,62.92,17.42,20.94,0,0,0,1,0,0,1
91.93,40.83,12.21,28.63,0,1,0,0,1,0,0
90.57,50.17,9.43,35.26,1,0,0,0,2,1,0
96.3,58.26,9.05,36.38,1,0,0,0,0,0,0
94.11,62.77,14.06,25.36,1,0,0,0,0,0,1
81.69,72.54,29.04,12.93,1,0,0,0,0,1,0
88.53,43.26,13.31,26.61,0,0,1,0,3,0,0
86.36,60.5,17.22,21.17,1,0,0,0,0,1,0
69.35,63.82,33.63,11.21,1,0,0,0,0,1,0
88.35,55.49,12.88,27.36,1,0,0,0,2,1,0
88.52,41.47,14.31,24.98,1,0,0,0,2,0,0
92.0,72.32,23.72,15.7,1,0,0,0,1,1,0
92.37,67.57,19.16,19.19,1,0,0,0,0,0,0
88.47,44.75,12.67,27.76,0,1,0,0,0,0,0
83.69,57.8,18.08,20.24,0,0,0,1,3,0,1
90.24,28.2,23.89,15.59,0,0,1,0,0,0,0
93.37,53.21,7.36,42.16,1,0,0,0,1,1,0
97.36,32.06,18.13,20.19,1,0,0,0,3,1,0
88.35,50.83,11.68,29.71,0,0,1,0,1,0,0
88.51,56.71,13.31,26.61,1,0,0,0,0,1,0
88.44,36.1,18.08,20.24,1,0,0,0,4,0,0
94.3,61.02,12.41,28.25,1,0,0,0,2,1,0
97.95,46.28,4.25,57.49,1,0,0,0,1,1,0
89.93,64.17,17.38,20.99,1,0,0,0,0,1,0
93.43,33.99,17.3,21.07,1,0,0,0,0,0,0
87.76,71.89,25.08,14.89,1,0,0,0,1,0,0
89.88,27.02,25.11,14.87,1,0,0,0,2,1,0
83.32,59.18,19.04,19.3,1,0,0,0,0,1,0
91.19,19.49,31.75,11.86,1,0,0,0,1,1,0
93.04,69.68,20.87,17.71,1,0,0,0,1,0,0
91.24,55.6,10.4,32.65,1,0,0,0,0,0,0
77.54,53.02,22.66,16.39,0,0,1,0,4,0,0
91.61,22.79,28.47,13.18,1,0,0,0,0,0,0
94.49,89.4,39.79,9.51,0,1,0,0,0,0,0
81.69,15.89,38.71,9.77,1,0,0,0,0,1,0
87.57,62.67,17.75,20.59,1,0,0,0,1,1,0
92.92,33.92,17.57,20.77,1,0,0,0,2,0,0
92.11,90.91,41.66,9.09,0,1,0,0,0,0,0
97.94,39.32,10.87,31.51,1,0,0,0,3,1,0
87.8,31.59,22.09,16.8,0,0,1,0,1,0,1
79.44,47.7,20.69,17.86,0,0,1,0,2,0,0
78.24,27.99,30.95,12.16,1,0,0,0,2,1,0
93.11,62.59,14.35,24.91,1,0,0,0,1,1,0
82.72,13.12,40.73,9.3,1,0,0,0,1,0,0
82.55,43.95,18.47,19.85,1,0,0,0,0,1,0
86.57,39.56,17.01,21.4,0,0,1,0,1,0,0
80.91,51.2,19.13,19.22,0,0,1,0,3,0,1
81.07,20.36,35.17,10.73,1,0,0,0,0,1,0
88.36,43.18,13.49,26.3,1,0,0,0,1,1,0
98.3,70.81,20.88,17.71,0,0,0,1,0,0,0
91.01,70.83,22.68,16.38,0,0,1,0,0,0,0
93.93,66.34,17.43,20.93,0,1,0,0,1,0,0
82.46,17.61,36.84,10.26,0,1,0,0,0,0,0
94.93,61.06,12.17,28.71,1,0,0,0,1,1,0
85.68,56.94,15.92,22.73,1,0,0,0,1,0,0
94.66,57.83,9.47,35.14,1,0,0,0,4,0,0
88.21,54.74,12.71,27.68,1,0,0,0,3,1,0
73.83,56.79,27.04,13.85,1,0,0,0,2,1,0
85.89,47.3,14.37,24.89,1,0,0,0,1,1,1
95.01,88.85,39.17,9.66,1,0,0,0,0,1,0
88.44,76.0,28.46,13.19,1,0,0,0,0,1,0
93.75,74.08,24.88,15.0,1,0,0,0,2,1,0
90.79,51.34,9.3,35.62,1,0,0,0,2,1,0
86.59,69.02,23.27,15.98,1,0,0,0,2,1,0
97.82,63.4,13.57,26.16,0,0,0,1,1,0,0
94.59,52.28,5.87,48.65,0,1,0,0,1,0,0
73.82,47.23,26.33,14.21,1,0,0,0,1,1,0
84.58,32.94,22.99,16.17,1,0,0,0,1,1,0
98.67,37.78,12.29,28.48,1,0,0,0,2,1,0
80.57,57.38,20.79,17.78,0,1,0,0,1,0,0
95.02,73.36,23.88,15.6,1,0,0,0,1,1,0
79.92,15.7,39.74,9.52,1,0,0,0,0,1,0
77.89,36.12,26.11,14.32,0,1,0,0,0,0,0
86.37,33.97,21.04,17.58,1,0,0,0,2,0,0
83.2,59.38,19.24,19.11,1,0,0,0,3,1,0
91.25,62.12,14.95,24.03,1,0,0,0,2,1,0
80.37,95.0,49.09,7.73,1,0,0,0,0,0,0
92.05,57.51,10.93,31.38,1,0,0,0,3,1,0
96.15,81.94,32.17,11.71,1,0,0,0,1,0,1
94.18,49.66,5.83,48.84,0,0,0,1,2,0,1
98.22,74.52,24.58,15.17,1,0,0,0,0,0,0
87.27,66.18,20.58,17.95,0,0,0,1,4,0,1
95.3,43.57,7.96,39.93,1,0,0,0,0,1,0
93.9,55.71,8.36,38.58,0,1,0,0,5,0,0
90.54,89.62,40.73,9.3,1,0,0,0,0,1,0
84.89,45.33,15.81,22.86,1,0,0,0,1,1,0
77.79,63.24,25.85,14.46,0,1,0,0,1,0,0
93.31,82.25,32.93,11.44,1,0,0,0,0,1,0
83.59,43.21,17.76,20.57,1,0,0,0,1,1,0
96.28,71.65,21.97,16.88,1,0,0,0,1,1,1
89.18,86.05,37.64,10.04,1,0,0,0,0,1,0
90.66,70.78,22.79,16.31,0,0,0,1,1,0,1
89.21,78.44,30.42,12.36,1,0,0,0,2,1,0
76.67,36.5,26.96,13.89,0,0,1,0,0,0,0
97.89,27.74,22.36,16.6,1,0,0,0,4,0,0
92.03,36.33,15.82,22.85,1,0,0,0,2,1,0
86.98,5.0,46.84,8.1,1,0,0,0,0,1,0
72.65,25.45,36.75,10.28,0,1,0,0,1,0,0
94.89,20.35,30.09,12.49,1,0,0,0,0,1,1
93.35,69.45,20.55,17.97,0,0,0,1,1,0,1
89.98,90.25,41.48,9.13,0,1,0,0,1,0,0
92.07,79.0,30.07,12.5,1,0,0,0,0,1,0
97.03,66.94,17.2,21.19,0,1,0,0,0,0,0
92.72,42.72,10.3,32.91,0,0,1,0,1,0,0
92.34,41.25,11.62,29.84,0,1,0,0,2,0,0
93.27,51.51,6.9,44.02,1,0,0,0,2,1,1
87.72,48.45,12.38,28.3,0,1,0,0,1,0,0
96.19,55.33,6.55,45.51,1,0,0,0,0,1,0
97.37,47.32,3.76,60.58,1,0,0,0,1,1,0
92.18,5.0,45.67,8.3,0,1,0,0,1,0,0
94.72,88.3,38.66,9.78,1,0,0,0,0,1,0
85.88,75.0,28.71,13.07,1,0,0,0,0,1,0
86.25,19.3,33.64,11.21,1,0,0,0,0,1,0
94.89,34.25,16.56,21.93,1,0,0,0,0,1,0
87.35,65.56,20.05,18.39,1,0,0,0,2,1,0
89.84,81.34,32.94,11.44,1,0,0,0,0,1,1
84.1,61.55,19.65,18.74,0,0,1,0,3,0,0
91.72,54.7,9.52,35.01,0,0,1,0,2,0,0
88.01,13.2,38.7,9.77,1,0,0,0,3,0,0
87.22,51.55,12.87,27.38,1,0,0,0,3,1,0
91.31,67.33,19.39,18.98,1,0,0,0,5,1,0
89.92,35.06,18.02,20.3,0,1,0,0,2,0,0
77.81,65.8,27.24,13.75,1,0,0,0,0,0,0
94.86,55.5,7.53,41.53,1,0,0,0,3,0,0
97.28,41.72,8.72,37.4,0,1,0,0,4,0,1
95.06,24.46,26.01,14.38,0,1,0,0,0,0,0
95.43,52.0,4.98,53.22,0,0,1,0,1,0,0
85.52,90.61,43.12,8.79,0,1,0,0,0,0,0
87.19,63.57,18.66,19.66,1,0,0,0,2,0,0
77.08,68.43,29.41,12.77,1,0,0,0,0,0,0
87.71,51.91,12.44,28.2,0,1,0,0,0,0,0
82.29,27.19,28.87,13.0,1,0,0,0,0,0,0
83.74,30.67,25.26,14.78,0,1,0,0,1,0,0
95.72,91.59,41.81,9.06,1,0,0,0,2,1,0
94.01,62.76,14.1,25.31,1,0,0,0,1,0,0
84.0,53.6,16.4,22.12,0,1,0,0,2,0,0
95.24,75.57,26.01,14.38,1,0,0,0,1,1,0
88.98,52.49,11.3,30.55,1,0,0,0,3,1,0
87.7,58.01,14.68,24.43,0,1,0,0,0,0,0
87.26,46.11,13.32,26.59,0,0,1,0,1,0,0
92.79,56.56,9.74,34.39,0,0,1,0,3,0,0
90.07,61.85,15.46,23.32,0,0,0,1,2,0,0
92.68,44.88,8.93,36.74,1,0,0,0,0,1,0
92.03,23.11,28.05,13.37,1,0,0,0,2,1,0
86.06,59.94,17.12,21.28,1,0,0,0,3,1,0
90.71,32.53,19.78,18.62,1,0,0,0,3,1,0
91.34,28.04,23.61,15.77,0,0,1,0,3,0,0
73.97,17.37,41.74,9.07,1,0,0,0,1,0,0
80.59,68.97,27.14,13.8,1,0,0,0,0,1,0
78.25,29.95,29.58,12.7,1,0,0,0,0,1,0
96.84,69.92,20.17,18.29,1,0,0,0,0,1,0
92.14,50.65,7.89,40.2,0,0,0,1,0,0,0
92.2,31.92,19.68,18.71,0,1,0,0,2,0,0
81.87,30.94,26.3,14.22,1,0,0,0,4,1,0
91.73,44.16,10.13,33.36,0,1,0,0,1,0,0
94.36,45.3,7.34,42.26,1,0,0,0,4,1,1
82.27,70.17,26.86,13.94,0,1,0,0,3,0,0
87.76,47.28,12.54,28.0,1,0,0,0,1,1,0
90.28,45.58,10.68,31.97,0,0,1,0,1,0,0
94.08,49.47,5.94,48.28,1,0,0,0,2,1,0
90.42,15.17,36.12,10.46,1,0,0,0,1,1,0
86.95,5.0,46.85,8.1,1,0,0,0,3,1,0
88.29,52.86,12.05,28.94,1,0,0,0,1,1,0
95.06,35.86,14.98,23.99,1,0,0,0,3,1,0
90.17,47.16,10.23,33.09,1,0,0,0,0,1,1
72.78,70.44,34.04,11.08,1,0,0,0,1,1,0
98.93,64.02,14.07,25.36,1,0,0,0,1,0,1
86.84,30.17,23.8,15.65,1,0,0,0,1,0,0
87.54,90.16,42.05,9.01,1,0,0,0,0,1,0
77.8,15.17,41.3,9.17,1,0,0,0,0,1,0
86.44,73.42,27.06,13.84,1,0,0,0,2,1,0
84.23,61.0,19.23,19.12,1,0,0,0,1,0,0
97.37,91.81,41.89,9.04,1,0,0,0,0,1,0
86.92,50.21,13.08,27.01,1,0,0,0,3,0,0
93.15,46.18,7.85,40.35,1,0,0,0,4,1,0
94.12,81.51,32.05,11.75,1,0,0,0,0,1,0
82.16,36.37,22.46,16.54,0,0,0,1,0,0,1
97.97,66.86,16.98,21.43,1,0,0,0,4,0,0
95.87,74.12,24.47,15.24,0,0,0,1,1,0,0
96.84,68.3,18.57,19.75,1,0,0,0,1,0,0
90.26,40.68,13.48,26.32,1,0,0,0,1,1,0
87.47,53.49,13.01,27.13,0,1,0,0,3,0,0
80.11,79.42,35.52,10.63,0,1,0,0,1,0,0
97.74,77.74,27.83,13.47,0,0,0,1,0,0,0
86.03,20.52,32.62,11.55,1,0,0,0,2,1,0
97.05,9.55,40.56,9.33,1,0,0,0,0,1,1
95.13,22.94,27.5,13.63,1,0,0,0,2,1,0
80.33,43.26,20.79,17.78,1,0,0,0,2,1,0
77.39,50.28,22.61,16.43,1,0,0,0,0,0,0
88.49,83.57,35.49,10.64,1,0,0,0,0,0,0
81.37,82.81,37.73,10.02,1,0,0,0,0,1,0
96.17,78.53,28.79,13.04,1,0,0,0,2,0,0
89.92,60.38,14.48,24.73,1,0,0,0,2,1,0
87.92,37.59,17.32,21.05,0,1,0,0,1,0,0
97.37,58.76,9.15,36.09,0,1,0,0,3,0,0
67.8,24.56,41.04,9.23,1,0,0,0,0,1,0
89.64,22.11,29.75,12.63,1,0,0,0,3,1,0
97.1,58.43,8.91,36.8,1,0,0,0,0,1,0
88.08,38.0,16.91,21.51,1,0,0,0,2,1,0
92.91,47.83,7.42,41.95,1,0,0,0,4,1,0
95.3,59.76,10.83,31.61,0,1,0,0,2,0,0
94.07,46.3,6.99,43.64,0,1,0,0,1,0,1
97.31,60.94,11.26,30.62,0,1,0,0,0,0,0
81.36,37.5,22.44,16.54,1,0,0,0,3,1,0
90.55,33.11,19.35,19.01,0,1,0,0,0,0,0
89.87,55.57,11.56,29.97,0,0,1,0,2,0,0
95.03,15.5,34.85,10.83,1,0,0,0,2,1,0
82.87,18.0,36.29,10.41,1,0,0,0,0,1,0
82.21,49.2,17.81,20.52,1,0,0,0,0,1,0
91.43,60.94,13.9,25.62,0,0,1,0,0,0,0
91.06,44.42,10.54,32.31,1,0,0,0,0,0,0
79.25,54.78,21.29,17.39,1,0,0,0,0,1,0
98.2,59.79,9.96,33.81,1,0,0,0,0,1,0
83.94,74.79,29.54,12.72,1,0,0,0,0,1,0
80.98,33.97,24.87,15.01,1,0,0,0,1,1,0
86.38,34.73,20.47,18.04,1,0,0,0,0,0,0
94.14,69.28,20.15,18.31,1,0,0,0,1,1,0
96.01,51.23,4.17,57.97,1,0,0,0,5,1,0
90.35,71.39,23.47,15.86,1,0,0,0,1,1,0
97.18,51.7,3.29,63.72,1,0,0,0,1,1,0
87.81,85.94,37.95,9.96,1,0,0,0,0,1,0
90.19,45.56,10.77,31.76,1,0,0,0,1,1,0
93.48,57.67,10.07,33.51,0,0,1,0,1,0,0
94.45,49.64,5.56,50.16,1,0,0,0,2,1,0
93.34,32.95,18.31,20.01,0,1,0,0,1,0,0
81.94,59.0,20.18,18.28,0,0,0,1,1,0,1
99.1,30.72,19.3,19.05,0,0,1,0,0,0,0
89.73,61.19,15.19,23.7,1,0,0,0,0,1,0
86.34,34.93,20.34,18.15,0,1,0,0,1,0,0
76.64,63.32,26.89,13.92,0,0,1,0,0,0,0
84.03,94.88,47.64,7.97,1,0,0,0,2,1,0
93.69,64.97,16.24,22.31,1,0,0,0,2,1,0
84.04,47.15,16.21,22.36,1,0,0,0,1,0,1
96.17,23.43,26.84,13.95,0,0,0,1,0,0,0
86.87,32.01,22.27,16.66,1,0,0,0,1,1,0
89.05,22.36,29.73,12.64,1,0,0,0,0,1,0
90.09,84.65,36.04,10.48,1,0,0,0,2,0,0
83.74,69.68,25.53,14.63,1,0,0,0,2,1,0
81.17,81.74,36.9,10.24,1,0,0,0,2,1,0
98.28,49.86,1.73,75.45,0,0,0,1,0,0,1
81.49,39.82,21.13,17.51,1,0,0,0,3,1,0
96.51,63.03,13.49,26.3,1,0,0,0,2,1,0
87.09,59.49,16.03,22.59,1,0,0,0,0,1,0
79.02,64.13,25.29,14.77,1,0,0,0,0,1,0
93.47,62.93,14.48,24.72,0,1,0,0,2,0,0
93.85,52.29,6.56,45.45,0,1,0,0,2,0,0
87.77,36.48,18.24,20.08,1,0,0,0,0,1,0
83.4,68.74,25.03,14.91,1,0,0,0,1,1,0
95.18,27.76,22.76,16.33,1,0,0,0,0,0,0
85.0,50.44,15.01,23.95,1,0,0,0,3,1,0
88.79,92.6,44.05,8.61,1,0,0,0,0,0,0
97.24,51.46,3.12,64.93,1,0,0,0,4,1,0
99.07,66.84,16.87,21.56,1,0,0,0,0,1,0
96.49,88.73,38.89,9.73,1,0,0,0,1,1,0
88.34,40.1,15.29,23.56,0,1,0,0,1,0,1
97.41,68.5,18.68,19.64,0,1,0,0,4,0,0
91.82,45.63,9.28,35.7,0,0,1,0,2,0,0
79.02,74.08,31.94,11.79,1,0,0,0,0,1,0
90.39,62.15,15.49,23.29,1,0,0,0,3,1,0
85.34,51.91,14.79,24.27,1,0,0,0,2,1,0
79.08,51.39,20.97,17.64,1,0,0,0,0,1,0
89.67,53.67,10.96,31.3,1,0,0,0,3,1,0
89.87,11.96,39.37,9.61,0,0,0,1,0,0,1
89.82,80.84,32.48,11.6,1,0,0,0,0,1,0
83.03,47.45,17.16,21.23,0,1,0,0,3,0,0
96.54,45.13,5.97,48.14,1,0,0,0,1,1,1
79.35,69.81,28.61,13.12,0,1,0,0,2,0,0
89.72,73.88,26.0,14.38,0,0,0,1,1,0,1
84.35,69.74,25.19,14.82,1,0,0,0,5,1,0
90.73,88.17,39.28,9.63,1,0,0,0,1,0,0
90.52,19.39,32.05,11.75,1,0,0,0,0,1,0
85.21,51.11,14.83,24.2,0,0,1,0,4,0,0
92.71,42.93,10.15,33.29,1,0,0,0,2,0,0
98.72,43.69,6.44,45.98,1,0,0,0,0,1,0
80.35,47.49,19.81,18.6,1,0,0,0,2,1,0
96.63,71.44,21.71,17.07,0,0,1,0,1,0,0
82.69,47.24,17.53,20.82,0,1,0,0,1,0,0
79.17,37.91,24.08,15.47,1,0,0,0,1,1,0
90.18,42.17,12.56,27.95,1,0,0,0,0,1,0
82.12,35.25,23.18,16.04,0,0,0,1,1,0,0
85.76,48.7,14.3,25.0,1,0,0,0,1,1,0
92.63,39.96,12.46,28.15,1,0,0,0,0,1,0
85.03,52.15,15.12,23.79,1,0,0,0,0,0,0
91.05,73.18,24.84,15.02,1,0,0,0,1,1,1
93.39,77.15,27.94,13.42,0,1,0,0,1,0,0
95.94,35.28,15.27,23.59,1,0,0,0,0,1,0
85.06,46.74,15.29,23.56,1,0,0,0,3,1,0
82.44,37.92,21.32,17.37,0,1,0,0,0,0,0
92.59,95.0,45.61,8.32,1,0,0,0,0,0,0
92.46,88.25,38.98,9.7,1,0,0,0,0,1,0
98.49,44.96,5.26,51.7,1,0,0,0,1,1,0
92.5,68.73,20.18,18.29,1,0,0,0,3,0,0
77.01,44.67,23.6,15.77,0,0,1,0,5,0,0
83.69,93.69,46.63,8.14,1,0,0,0,1,1,0
90.47,57.6,12.18,28.69,1,0,0,0,0,0,0
89.65,68.86,21.51,17.22,1,0,0,0,2,1,0
99.51,57.8,7.82,40.46,1,0,0,0,0,1,0
94.7,78.03,28.53,13.15,1,0,0,0,1,1,0
92.84,45.32,8.55,37.93,1,0,0,0,4,1,0
80.67,41.74,21.02,17.6,0,0,0,1,1,0,0
83.01,59.5,19.46,18.91,1,0,0,0,1,1,0
75.14,28.69,32.74,11.51,0,1,0,0,3,0,0
87.83,62.09,17.16,21.24,1,0,0,0,0,1,0
94.19,87.38,37.83,9.99,1,0,0,0,1,1,0
87.85,38.71,16.58,21.9,1,0,0,0,3,1,0
97.31,58.04,8.48,38.17,1,0,0,0,4,1,1
92.5,47.98,7.77,40.65,0,0,1,0,1,0,0
74.84,47.24,25.32,14.75,0,1,0,0,3,0,0
95.96,49.55,4.06,58.63,1,0,0,0,2,0,1
98.67,54.92,5.1,52.6,1,0,0,0,4,1,0
92.27,60.18,12.78,27.54,1,0,0,0,2,1,0
83.67,37.49,20.57,17.95,1,0,0,0,0,0,0
89.03,37.16,16.89,21.54,1,0,0,0,0,1,0
90.0,84.5,35.92,10.51,1,0,0,0,1,1,0
84.6,63.74,20.64,17.9,0,1,0,0,0,0,0
87.12,33.31,21.08,17.55,0,1,0,0,2,0,0
88.92,19.32,32.62,11.55,1,0,0,0,1,1,1
95.42,11.6,38.67,9.78,1,0,0,0,1,0,0
92.13,70.67,22.12,16.77,1,0,0,0,1,1,0
85.02,36.68,20.05,18.39,0,1,0,0,0,0,0
99.65,35.25,14.75,24.32,1,0,0,0,0,1,0
91.46,70.08,21.82,16.99,0,1,0,0,2,0,1
93.0,70.6,21.75,17.04,0,0,1,0,1,0,0
84.44,61.19,19.17,19.18,1,0,0,0,2,1,0
97.14,25.95,24.22,15.39,0,1,0,0,1,0,1
91.96,34.79,17.2,21.18,0,1,0,0,1,0,0
81.88,48.06,18.22,20.09,1,0,0,0,1,1,0
93.48,46.38,7.46,41.8,1,0,0,0,1,1,1
89.27,42.09,13.33,26.57,1,0,0,0,4,1,0
86.06,50.6,13.95,25.54,1,0,0,0,1,1,1
89.3,94.33,45.6,8.32,0,0,1,0,0,0,0
85.92,42.55,15.93,22.71,0,0,1,0,0,0,0
88.4,63.48,17.79,20.55,1,0,0,0,0,1,1
94.15,53.23,6.68,44.93,1,0,0,0,3,1,0
66.6,28.9,39.5,9.58,1,0,0,0,1,1,0
84.55,59.17,17.97,20.36,1,0,0,0,3,1,0
97.59,23.2,26.9,13.92,1,0,0,0,0,1,0
86.1,69.1,23.62,15.76,1,0,0,0,1,1,0
91.73,13.47,37.46,10.09,1,0,0,0,3,0,0
82.84,23.75,31.36,12.0,1,0,0,0,4,0,0
88.6,52.13,11.6,29.89,1,0,0,0,1,1,0
96.95,56.35,7.04,43.43,0,1,0,0,2,0,0
95.09,59.41,10.61,32.14,1,0,0,0,0,1,0
93.3,35.1,16.33,22.2,1,0,0,0,0,0,0
93.1,47.35,7.39,42.05,0,1,0,0,3,0,0
98.39,45.83,4.47,56.16,1,0,0,0,1,1,0
93.85,36.77,14.59,24.56,1,0,0,0,2,1,0
88.41,35.44,18.61,19.71,1,0,0,0,0,1,0
98.73,50.78,1.49,77.41,1,0,0,0,2,0,0
94.35,69.03,19.85,18.56,1,0,0,0,4,0,0
92.15,36.89,15.28,23.58,1,0,0,0,1,1,0
90.33,76.8,28.49,13.17,1,0,0,0,0,1,0
85.48,30.29,24.48,15.23,1,0,0,0,0,0,0
87.92,72.67,25.69,14.55,1,0,0,0,2,1,0
88.2,5.0,46.52,8.16,1,0,0,0,0,1,0
93.28,66.84,18.13,20.19,1,0,0,0,1,0,0
94.22,15.64,34.84,10.83,1,0,0,0,2,1,0
96.78,28.77,21.47,17.25,0,1,0,0,1,0,0
83.88,51.66,16.21,22.36,1,0,0,0,2,1,0
95.43,17.28,33.03,11.41,0,0,1,0,0,0,0
91.52,28.1,23.48,15.85,0,0,1,0,0,0,0
73.38,32.32,31.95,11.79,1,0,0,0,0,1,0
97.39,68.72,18.9,19.43,0,0,1,0,2,0,0
78.99,32.69,27.22,13.76,0,1,0,0,2,0,0
85.64,47.22,14.63,24.5,1,0,0,0,2,0,0
80.09,32.92,26.23,14.26,0,1,0,0,1,0,0
95.52,43.94,7.54,41.49,1,0,0,0,3,1,0
95.31,44.01,7.61,41.22,1,0,0,0,1,1,0
88.31,47.9,11.87,29.31,0,0,1,0,4,0,0
76.17,36.4,27.43,13.66,0,0,0,1,1,0,0
90.46,46.12,10.3,32.92,1,0,0,0,3,1,0
89.92,50.1,10.08,33.49,1,0,0,0,1,0,1
89.39,44.38,12.01,29.04,1,0,0,0,0,1,0
82.75,31.89,25.02,14.92,1,0,0,0,1,0,0
83.49,48.95,16.55,21.95,1,0,0,0,0,0,0
95.35,37.67,13.18,26.84,1,0,0,0,3,0,0
91.38,62.32,15.03,23.91,1,0,0,0,0,1,0
94.86,16.78,33.62,11.22,1,0,0,0,1,0,0
95.4,45.12,6.71,44.83,1,0,0,0,3,1,0
96.86,42.18,8.43,38.35,1,0,0,0,2,1,0
75.59,42.06,25.67,14.56,1,0,0,0,0,0,0
85.18,36.5,20.05,18.39,0,1,0,0,1,0,0
82.03,78.48,33.68,11.2,1,0,0,0,0,1,0
82.26,72.39,28.56,13.14,1,0,0,0,3,1,0
79.74,77.76,34.37,10.98,1,0,0,0,2,1,0
83.92,67.33,23.64,15.75,1,0,0,0,0,1,0
89.13,55.38,12.13,28.79,1,0,0,0,3,0,0
87.58,42.6,14.45,24.76,1,0,0,0,3,1,0
92.33,33.82,17.9,20.43,1,0,0,0,3,0,0
90.95,53.1,9.57,34.86,1,0,0,0,1,1,0
98.65,56.37,6.51,45.68,0,0,1,0,0,0,0
96.97,61.95,12.33,28.4,0,1,0,0,1,0,0
86.62,27.42,26.25,14.25,1,0,0,0,1,1,0
88.38,63.33,17.69,20.65,1,0,0,0,1,1,0
87.12,48.84,12.93,27.27,1,0,0,0,2,1,0
85.15,14.45,38.53,9.82,1,0,0,0,2,1,0
78.79,69.35,28.71,13.07,0,0,1,0,0,0,0
95.14,59.87,11.0,31.21,1,0,0,0,0,1,0
88.95,72.44,25.01,14.92,1,0,0,0,0,0,0
87.97,55.62,13.28,26.65,0,0,1,0,3,0,0
96.87,59.94,10.42,32.61,0,1,0,0,1,0,0
97.54,72.84,22.97,16.19,1,0,0,0,0,0,1
82.1,5.0,48.43,7.84,1,0,0,0,0,0,0
97.57,41.18,9.15,36.07,0,0,0,1,2,0,1
90.23,19.88,31.67,11.89,1,0,0,0,0,0,0
97.75,49.62,2.29,71.07,0,1,0,0,2,0,0
98.99,83.12,33.14,11.37,1,0,0,0,2,1,0
86.52,69.35,23.59,15.78,1,0,0,0,0,1,0
94.64,33.49,17.36,21.01,1,0,0,0,2,1,0
92.62,75.46,26.51,14.12,1,0,0,0,3,1,0
83.26,55.34,17.57,20.78,0,1,0,0,0,0,0
95.76,53.02,5.21,52.01,1,0,0,0,3,0,0
99.01,46.17,3.96,59.3,1,0,0,0,1,1,0
73.11,39.07,29.03,12.94,1,0,0,0,2,0,0
89.71,57.99,13.03,27.1,1,0,0,0,1,1,0
99.27,59.74,9.76,34.33,0,0,1,0,3,0,0
82.94,73.33,28.91,12.99,0,1,0,0,1,0,0
98.28,50.86,1.92,73.94,1,0,0,0,1,1,0
80.46,19.51,36.22,10.43,1,0,0,0,0,0,0
97.42,38.83,11.46,30.18,0,1,0,0,0,0,1
96.04,64.1,14.64,24.48,1,0,0,0,4,0,0
85.88,43.55,15.52,23.24,0,1,0,0,2,0,0
75.87,20.06,38.45,9.84,0,0,0,1,2,0,1
87.98,52.15,12.21,28.64,0,0,0,1,2,0,0
95.01,67.28,17.98,20.34,1,0,0,0,4,1,0
97.18,34.53,15.73,22.97,1,0,0,0,2,1,0
87.86,73.33,26.29,14.23,1,0,0,0,0,1,0
87.49,48.32,12.62,27.85,0,1,0,0,3,0,0
79.6,52.22,20.52,18.0,0,1,0,0,4,0,0
90.86,65.38,17.89,20.44,1,0,0,0,1,1,0
91.95,71.44,22.9,16.23,0,1,0,0,0,0,0
79.86,76.11,32.98,11.43,1,0,0,0,3,1,0
69.64,71.08,36.96,10.23,1,0,0,0,0,1,0
93.01,39.68,12.47,28.14,0,1,0,0,2,0,0
80.13,42.81,21.13,17.51,1,0,0,0,1,1,0
99.02,38.21,11.83,29.4,0,0,0,1,2,0,1
80.43,16.41,38.87,9.73,0,1,0,0,2,0,0
92.66,79.54,30.44,12.35,1,0,0,0,1,1,0
69.41,45.69,30.9,12.18,1,0,0,0,3,1,1
87.62,57.43,14.44,24.78,0,0,1,0,0,0,0
97.6,19.51,30.59,12.3,1,0,0,0,0,1,0
91.45,70.89,22.57,16.46,1,0,0,0,2,0,0
91.95,7.21,43.54,8.71,0,1,0,0,1,0,0
84.24,67.47,23.53,15.82,1,0,0,0,0,1,0
86.47,32.76,21.92,16.92,1,0,0,0,2,1,0
98.12,56.14,6.42,46.08,1,0,0,0,2,0,0
92.09,59.24,12.16,28.73,1,0,0,0,1,1,0
80.25,22.08,34.2,11.03,1,0,0,0,2,1,0
92.43,28.18,23.1,16.1,0,1,0,0,0,0,0
77.64,76.01,34.3,11.0,1,0,0,0,0,0,0
91.47,49.47,8.54,37.97,1,0,0,0,3,1,0
93.29,58.92,11.16,30.84,1,0,0,0,3,1,0
90.66,44.76,10.71,31.9,1,0,0,0,1,0,0
97.84,79.93,30.01,12.53,1,0,0,0,0,0,0
95.33,32.69,17.93,20.4,0,0,1,0,1,0,0
78.87,43.93,21.98,16.87,1,0,0,0,2,1,0
89.86,67.81,20.5,18.02,1,0,0,0,2,1,0
94.48,75.45,26.04,14.36,0,1,0,0,1,0,0
82.54,44.5,18.31,20.01,1,0,0,0,0,1,0
94.68,60.28,11.57,29.95,1,0,0,0,3,1,0
95.93,58.83,9.72,34.43,1,0,0,0,0,1,0
68.11,49.53,31.89,11.81,1,0,0,0,0,1,0
83.49,51.34,16.56,21.92,0,1,0,0,1,0,1
98.63,62.47,12.54,28.0,1,0,0,0,4,1,0
70.82,89.04,48.74,7.79,1,0,0,0,0,1,0
89.76,72.35,24.58,15.17,1,0,0,0,0,1,0
90.83,40.57,13.15,26.88,1,0,0,0,3,1,0
83.97,41.41,18.18,20.13,1,0,0,0,3,1,0
76.32,56.58,24.57,15.18,1,0,0,0,3,0,0
88.88,95.0,46.35,8.18,1,0,0,0,0,1,0
94.46,44.03,8.15,39.29,0,0,0,1,1,0,1
94.03,47.72,6.39,46.24,1,0,0,0,2,1,0
82.98,70.84,26.91,13.91,1,0,0,0,1,1,1
94.14,80.29,30.86,12.19,0,1,0,0,0,0,0
93.6,38.31,13.33,26.57,1,0,0,0,0,1,0
94.37,81.56,32.06,11.75,1,0,0,0,2,1,0
97.67,59.44,9.72,34.44,1,0,0,0,3,0,0
86.88,13.04,39.22,9.65,1,0,0,0,0,1,0
86.26,75.27,28.76,13.05,1,0,0,0,3,1,0
85.66,76.49,30.12,12.48,1,0,0,0,0,1,0
78.61,53.25,21.64,17.12,1,0,0,0,0,1,0
90.96,13.55,37.56,10.07,1,0,0,0,0,1,0
83.95,56.06,17.16,21.24,0,0,1,0,3,0,0
81.76,50.9,18.26,20.06,1,0,0,0,0,1,0
96.64,16.92,33.25,11.34,1,0,0,0,0,0,0
94.07,70.92,21.74,17.05,0,0,1,0,1,0,0
89.97,92.21,43.39,8.74,1,0,0,0,0,1,0
91.73,61.52,14.19,25.17,0,1,0,0,2,0,0
79.21,30.77,28.33,13.24,0,1,0,0,3,0,0
95.92,38.37,12.33,28.41,1,0,0,0,4,0,0
82.21,48.19,17.88,20.45,0,0,1,0,2,0,0
87.11,84.76,37.07,10.19,1,0,0,0,0,1,0
86.74,81.9,34.55,10.92,1,0,0,0,1,1,0
88.03,30.86,22.58,16.45,1,0,0,0,3,0,0
91.63,60.1,13.12,26.94,1,0,0,0,1,1,0
97.23,32.01,18.2,20.12,1,0,0,0,3,1,0
80.67,14.37,40.53,9.34,1,0,0,0,2,0,0
93.5,52.25,6.88,44.09,1,0,0,0,3,1,0
83.66,27.57,27.75,13.51,1,0,0,0,1,0,0
79.43,49.19,20.59,17.94,0,0,1,0,3,0,0
94.56,36.56,14.5,24.69,1,0,0,0,2,1,0
98.81,65.45,15.5,23.27,1,0,0,0,0,1,0
95.92,84.39,34.63,10.9,0,0,1,0,0,0,0
95.68,88.93,39.17,9.66,1,0,0,0,2,1,0
87.16,30.4,23.43,15.89,0,1,0,0,0,0,0
95.35,21.46,28.92,12.98,1,0,0,0,2,1,0
83.0,58.35,18.94,19.39,1,0,0,0,0,1,0
90.59,80.66,32.08,11.74,0,0,1,0,1,0,0
86.41,57.74,15.64,23.09,1,0,0,0,1,0,0
96.79,58.03,8.65,37.63,1,0,0,0,1,0,0
90.8,43.93,11.02,31.17,1,0,0,0,2,1,0
88.1,5.21,46.34,8.19,1,0,0,0,2,1,0
97.01,95.0,45.1,8.41,1,0,0,0,0,1,0
92.0,31.2,20.43,18.08,1,0,0,0,0,0,0
85.64,40.05,17.47,20.89,0,1,0,0,0,0,0
84.16,15.69,37.79,10.0,1,0,0,0,0,1,0
94.47,76.96,27.53,13.61,1,0,0,0,4,1,0
92.91,63.37,15.13,23.78,1,0,0,0,3,0,0
88.33,79.35,31.58,11.92,1,0,0,0,0,1,0
94.79,85.72,36.1,10.46,0,1,0,0,0,0,0
83.53,57.57,18.12,20.2,1,0,0,0,1,1,0
79.88,15.19,40.2,9.41,0,0,1,0,0,0,0
84.95,72.01,26.66,14.04,1,0,0,0,1,1,0
80.43,53.49,19.88,18.54,0,0,1,0,2,0,0
96.9,69.71,19.95,18.48,1,0,0,0,1,1,0
98.66,49.84,1.35,78.58,1,0,0,0,3,0,0
93.26,57.12,9.8,34.21,1,0,0,0,3,0,0
89.42,58.41,13.51,26.26,1,0,0,0,1,1,1
87.89,16.95,35.2,10.72,1,0,0,0,0,1,0
79.81,50.45,20.2,18.27,1,0,0,0,0,1,0
89.43,46.74,11.06,31.07,1,0,0,0,5,1,0
77.67,75.3,33.75,11.17,1,0,0,0,0,1,1
99.32,18.6,31.4,11.99,1,0,0,0,2,1,0
83.08,50.42,16.92,21.5,1,0,0,0,1,0,0
94.51,26.21,24.42,15.27,0,0,0,1,0,0,1
87.88,37.07,17.72,20.61,1,0,0,0,1,1,0
85.42,45.76,15.19,23.7,1,0,0,0,1,0,0
90.97,25.06,26.53,14.11,1,0,0,0,3,1,0
97.26,14.84,35.27,10.7,1,0,0,0,3,1,0
96.8,45.6,5.44,50.81,0,1,0,0,3,0,1
91.46,45.05,9.87,34.04,1,0,0,0,1,0,0
90.66,31.4,20.82,17.76,1,0,0,0,1,1,0
93.6,35.56,15.8,22.88,1,0,0,0,0,1,0
84.42,24.07,30.25,12.43,1,0,0,0,2,1,0
84.5,63.47,20.54,17.99,0,0,0,1,1,0,0
84.74,51.77,15.36,23.47,0,0,1,0,2,0,0
90.43,48.94,9.62,34.71,1,0,0,0,2,1,1
89.55,24.61,27.46,13.65,1,0,0,0,0,1,0
98.23,14.95,35.09,10.76,0,0,1,0,0,0,0
98.96,44.98,5.13,52.41,1,0,0,0,2,0,0
86.34,50.82,13.69,25.97,1,0,0,0,0,0,0
90.6,63.35,16.33,22.21,1,0,0,0,1,1,0
79.45,61.4,23.49,15.84,1,0,0,0,4,1,0
90.37,42.64,12.13,28.8,1,0,0,0,0,0,0
83.76,48.41,16.32,22.22,1,0,0,0,2,0,0
92.41,33.4,18.26,20.06,1,0,0,0,2,1,0
84.24,40.1,18.61,19.71,1,0,0,0,2,1,0
80.99,32.67,25.73,14.53,1,0,0,0,1,1,0
86.03,43.56,15.39,23.42,0,0,1,0,2,0,1
97.01,57.98,8.52,38.03,0,0,1,0,1,0,0
97.59,6.85,43.22,8.77,0,0,0,1,0,0,1
90.82,55.33,10.61,32.14,1,0,0,0,3,0,0
88.79,54.71,12.17,28.72,0,1,0,0,0,0,0
83.94,5.0,47.78,7.94,1,0,0,0,0,0,0
93.74,49.77,6.26,46.79,1,0,0,0,1,1,0
